-- phpMyAdmin SQL Dump
-- version 5.1.2
-- https://www.phpmyadmin.net/
--
-- 主機： localhost:3306
-- 產生時間： 2023-08-10 19:18:17
-- 伺服器版本： 5.7.24
-- PHP 版本： 8.0.1

SET SQL_MODE = "NO_AUTO_VALUE_ON_ZERO";
START TRANSACTION;
SET time_zone = "+00:00";


/*!40101 SET @OLD_CHARACTER_SET_CLIENT=@@CHARACTER_SET_CLIENT */;
/*!40101 SET @OLD_CHARACTER_SET_RESULTS=@@CHARACTER_SET_RESULTS */;
/*!40101 SET @OLD_COLLATION_CONNECTION=@@COLLATION_CONNECTION */;
/*!40101 SET NAMES utf8mb4 */;

--
-- 資料庫: `fridntrip_final`
--

-- --------------------------------------------------------

--
-- 資料表結構 `address_book`
--

CREATE TABLE `address_book` (
  `sid` int(11) NOT NULL,
  `name` varchar(255) NOT NULL,
  `email` varchar(255) NOT NULL,
  `mobile` varchar(255) NOT NULL,
  `birthday` date DEFAULT NULL,
  `address` varchar(255) DEFAULT NULL,
  `created_at` datetime NOT NULL
) ENGINE=InnoDB DEFAULT CHARSET=utf8;

--
-- 傾印資料表的資料 `address_book`
--

INSERT INTO `address_book` (`sid`, `name`, `email`, `mobile`, `birthday`, `address`, `created_at`) VALUES
(1, '酷寶', '5781@gmail.com', '0918111222', '1990-05-07', '台南市', '2020-04-06 16:31:02'),
(2, '煞氣A健康的郭', '546@gmail.com', '0918111222', '1990-05-07', '台南市', '2020-04-06 16:31:02'),
(6, '李小明5', '5297@gmail.com', '0918111222', '1990-05-07', '台南市', '2020-04-06 16:31:02'),
(7, '李小明6', '324@gmail.com', '0918111222', '1990-05-07', '台南市', '2020-04-06 16:31:02'),
(8, '李小明7', '5729@gmail.com', '0918111222', '1990-05-07', '台南市', '2020-04-06 16:31:02'),
(9, '李小明8', '7673@gmail.com', '0918111222', '1990-05-07', '台南市', '2020-04-06 16:31:02'),
(10, '李小明9', '1179@gmail.com', '0918111222', '1990-05-07', '台南市', '2020-04-06 16:31:02'),
(13, '健氣☆ㄟ如', '2876@gmail.com', '0918111222', '1990-05-07', '台南市', '2020-04-06 16:31:02'),
(19, '李小明6', '5375@gmail.com', '0918111222', '1990-05-07', '台南市', '2020-04-06 16:31:02'),
(22, '李小明9', '2319@gmail.com', '0918111222', '1990-05-07', '台南市', '2020-04-06 16:31:02'),
(25, '高雄郭郭', '383@gmail.com', '0918111222', '1990-05-07', '台南市', '2020-04-06 16:31:02'),
(26, '李小明13', '3352@gmail.com', '0918111222', '1990-05-07', '台南市', '2020-04-06 16:31:02'),
(27, '方大同', '5613@gmail.com', '0918-222555', '1990-04-01', '新北市', '2020-04-08 11:50:22'),
(33, '方大同', '206@gmail.com', '0918-222555', '2020-04-01', 'asdfasd', '2020-04-09 16:31:09'),
(34, '林小白', '5155@gmail.com', '0999-123-456', '1995-05-05', '台北市', '2020-04-10 09:23:56'),
(36, 'dfhdfh', '5156@gmail.com', 'fghf', '2020-04-09', 'fgh', '2020-04-10 10:12:09'),
(37, '>sdfsdasd', '316@gmail.com', '0918-222333', '2020-04-01', 'sdfgsd', '2020-04-10 14:03:13'),
(38, 'Julia', 'Julia@gmail.com', '0911012344', '1997-04-01', '新竹市', '2023-05-05 15:15:40'),
(40, 'Julia', 'Julia@gmail.com', '0911012344', '1997-04-01', '新竹市', '2023-05-05 15:15:47'),
(41, 'Julia', 'Julia@gmail.com', '0911012344', '1997-04-01', '新竹市', '2023-05-05 15:15:48'),
(42, 'Julia', 'Julia@gmail.com', '0911012344', '1997-04-01', '新竹市', '2023-05-05 15:15:48'),
(43, 'Julia', 'Julia@gmail.com', '0911012344', '1997-04-01', '新竹市', '2023-05-05 15:15:48'),
(44, 'Julia', 'Julia@gmail.com', '0911012344', '1997-04-01', '新竹市', '2023-05-05 15:15:49'),
(45, 'vbvnx', 'christinekuo_905@yahoo.com.tw', 'bcxvbx', '2023-05-01', NULL, '2023-05-08 11:14:19'),
(46, 'vbvnx', 'christinekuo_905@yahoo.com.tw', 'bcxvbx', '2023-05-01', NULL, '2023-05-08 11:14:40'),
(47, '郭芷瑄', 'christinekuo_905@yahoo.com.tw', '0978097866', '2023-05-02', NULL, '2023-05-08 11:18:30'),
(48, 'sghghsgfhs', 'christinekuo_905@yahoo.com.tw', 'fggfh', '2023-05-01', NULL, '2023-05-08 11:20:12'),
(49, 'fhgfdh', 'vrclassroom@admin.com', 'sfgsgdf', '2023-05-14', NULL, '2023-05-08 11:40:31'),
(50, 'fhgfdh', 'vrclassroom@admin.com', 'sfgsgdf', '2023-05-14', NULL, '2023-05-08 11:40:31'),
(51, 'fhgfdh', 'vrclassroom@admin.com', 'sfgsgdf', '2023-05-14', NULL, '2023-05-08 11:40:32'),
(52, 'fhgfdh', 'vrclassroom@admin.com', 'sfgsgdf', '2023-05-14', NULL, '2023-05-08 11:40:32'),
(53, 'hjfh', 'interview@admin.com', 'fjfhj', '2023-04-30', NULL, '2023-05-08 11:41:34'),
(54, 'fjjdh', 'vrclassroom@admin.com', 'ghdgh', '2023-05-01', NULL, '2023-05-08 11:42:43'),
(55, 'fjjdh', 'vrclassroom@admin.com', 'ghdgh', '2023-05-01', NULL, '2023-05-08 11:43:23'),
(58, 'djhgj', 'fghjg@fa', 'fjhgjf', '2023-05-01', 'gdfsghh', '2023-05-08 12:00:29'),
(59, 'dg', 'dgfhgh@gmail.com', 'dg', '2023-04-30', 'dg', '2023-05-08 14:59:05'),
(60, '郭芷瑄', 'christinekuo_905@yahoo.com.tw', 'sfgsgdf', '2023-05-18', ' nbmvm', '2023-05-09 19:46:47');

-- --------------------------------------------------------

--
-- 資料表結構 `area_list`
--

CREATE TABLE `area_list` (
  `area_id` int(11) NOT NULL,
  `area_name` varchar(10) CHARACTER SET utf8mb4 COLLATE utf8mb4_unicode_ci NOT NULL
) ENGINE=InnoDB DEFAULT CHARSET=utf8;

--
-- 傾印資料表的資料 `area_list`
--

INSERT INTO `area_list` (`area_id`, `area_name`) VALUES
(1, '基隆市'),
(2, '台北市'),
(3, '新北市'),
(5, '高雄市'),
(6, '桃園市');

-- --------------------------------------------------------

--
-- 資料表結構 `cart`
--

CREATE TABLE `cart` (
  `cart_id` int(11) NOT NULL,
  `cart_check` tinyint(1) NOT NULL DEFAULT '1',
  `member_id` int(11) NOT NULL,
  `product_id` int(11) DEFAULT NULL,
  `product_num` int(11) DEFAULT NULL,
  `cart_total` decimal(10,2) NOT NULL DEFAULT '0.00',
  `cart_created` datetime NOT NULL DEFAULT CURRENT_TIMESTAMP
) ENGINE=InnoDB DEFAULT CHARSET=utf8;

--
-- 傾印資料表的資料 `cart`
--

INSERT INTO `cart` (`cart_id`, `cart_check`, `member_id`, `product_id`, `product_num`, `cart_total`, `cart_created`) VALUES
(6, 1, 2, 1, 1, '100.00', '2023-08-04 09:55:31');

-- --------------------------------------------------------

--
-- 資料表結構 `comments`
--

CREATE TABLE `comments` (
  `comment_id` int(11) NOT NULL,
  `member_id` int(11) NOT NULL,
  `post_id` int(11) NOT NULL,
  `content` text NOT NULL,
  `created_at` timestamp NOT NULL DEFAULT CURRENT_TIMESTAMP
) ENGINE=InnoDB DEFAULT CHARSET=utf8mb4;

--
-- 傾印資料表的資料 `comments`
--

INSERT INTO `comments` (`comment_id`, `member_id`, `post_id`, `content`, `created_at`) VALUES
(2, 3, 6, '先把自己照顧好\r\n有好的身心狀態更有機會遇到和自己頻率相近的人', '2023-07-27 20:11:30'),
(3, 2, 5, '每天還是要視訊聊一下才對啊！', '2023-07-26 20:37:52'),
(4, 5, 3, '謝謝分享', '2023-07-27 21:07:25'),
(5, 1, 7, '希望女兒遇到好人!', '2023-07-27 21:08:41'),
(6, 3, 8, '看對眼就好，青菜蘿蔔各有所好', '2023-07-26 21:09:44'),
(7, 1, 12, '同意，兩個人比較好吧！', '2023-07-27 21:28:12'),
(8, 2, 13, '不會啦！有明確目標去了就回來也沒有關係啊！', '2023-07-26 21:31:16'),
(10, 4, 76, '下次記得約我哦！', '2023-08-05 01:06:02'),
(12, 99, 108, '這不就是派拉蒙電影公司開場的山嗎？', '2023-08-08 05:02:42'),
(13, 77, 109, '算我一份，下個月去嗎？', '2023-08-08 06:53:12'),
(14, 21, 109, '我考慮看看', '2023-08-08 17:58:33'),
(15, 37, 111, '我有興趣一起去，我之前在宜蘭泛舟過，很刺激!', '2023-08-08 19:26:47'),
(16, 37, 112, '天哪！上禮拜才一起去泛舟，現在又想要攀岩，好，再跟你去一次。', '2023-08-08 19:53:48'),
(24, 6, 109, '不要考慮太久，名額有限！', '2023-08-08 22:29:27'),
(25, 25, 113, '同意，這個我可以給你們一起去，算我一份', '2023-08-08 22:50:21'),
(26, 25, 114, '想認識的私信我', '2023-08-08 22:55:44'),
(27, 20, 114, '發你私訊了，麻煩你了郁晴，謝謝', '2023-08-08 22:59:03'),
(28, 25, 111, '還有我，我是房郁晴', '2023-08-09 21:31:54'),
(29, 7, 111, '等等我，兩位帥哥，我也去', '2023-08-09 22:04:41'),
(30, 7, 115, '划完船，就吃pizza，那之前的運動都白費了', '2023-08-09 22:07:07'),
(31, 7, 115, '還是吃素食吧', '2023-08-09 22:08:42'),
(33, 7, 117, '如何？還不錯吧', '2023-08-10 01:52:59'),
(34, 7, 117, '說說看', '2023-08-10 01:53:30'),
(35, 53, 122, '我29，無不良嗜好，喜歡旅遊、爬山，可以私訊你嗎？', '2023-08-10 06:32:36'),
(36, 53, 122, '我是真心的！', '2023-08-10 07:07:26'),
(53, 7, 124, '是不是在台南，還是嘉義', '2023-08-10 18:30:01'),
(56, 5, 128, '我喜歡鐵人三項', '2023-08-10 19:28:54'),
(57, 5, 124, '好像是嘉義，高跟鞋教堂', '2023-08-10 19:29:35'),
(64, 19, 150, '這是我表哥', '2023-08-10 21:38:54'),
(65, 19, 150, '在加拿大拍的', '2023-08-10 21:39:21'),
(67, 19, 152, '怎麼樣？有人有興趣下次一起去嗎？', '2023-08-10 21:44:13'),
(68, 19, 150, '不錯吧！', '2023-08-10 21:48:51'),
(69, 19, 150, '怎麼樣啊？', '2023-08-10 21:49:16'),
(70, 19, 150, '你說說看嘛', '2023-08-10 21:49:35'),
(71, 4, 150, 'cool', '2023-08-10 22:11:43'),
(72, 4, 140, 'hey', '2023-08-10 22:11:56'),
(73, 4, 153, 'seee', '2023-08-10 22:13:21'),
(74, 3, 155, 'I love Napoli Pizza', '2023-08-10 22:26:55'),
(75, 3, 159, '誰要一起來', '2023-08-10 22:29:03'),
(76, 3, 159, '私信我', '2023-08-10 22:29:29'),
(77, 3, 160, '讓你們流口水', '2023-08-10 22:32:10'),
(78, 3, 161, '是要跟我一起，私訊', '2023-08-10 22:48:40'),
(79, 3, 161, '已婚者勿擾', '2023-08-10 22:49:24'),
(80, 3, 164, '要的私聊（限未婚）', '2023-08-10 23:08:58'),
(81, 3, 164, '最好5男5女，湊一桌', '2023-08-10 23:10:16'),
(82, 3, 164, '各付各的', '2023-08-10 23:10:53'),
(83, 3, 164, '每人 $450', '2023-08-10 23:11:38'),
(84, 3, 155, '我喜歡必勝客', '2023-08-10 23:19:32'),
(85, 3, 150, '結婚了嗎，沒有的話可以介紹一下嗎', '2023-08-10 23:22:24'),
(86, 3, 140, '台南，哦不對，在嘉義', '2023-08-10 23:22:49'),
(87, 17, 164, 'XDDDDD', '2023-08-10 08:37:20'),
(88, 17, 155, 'dddㄎㄎ ㄎ', '2023-08-10 08:37:31'),
(89, 17, 5, 'XD', '2023-08-10 08:37:43'),
(90, 17, 5, '', '2023-08-10 08:37:45'),
(91, 17, 5, 'XD', '2023-08-10 08:37:48'),
(92, 23, 164, 'sfdasfds', '2023-08-10 10:55:53'),
(93, 24, 168, 'sfadsfds', '2023-08-10 11:16:55'),
(94, 24, 168, 'dsfadsf', '2023-08-10 11:17:07');

-- --------------------------------------------------------

--
-- 資料表結構 `datings`
--

CREATE TABLE `datings` (
  `member_id` int(10) NOT NULL,
  `i_gender` varchar(10) NOT NULL,
  `i_height_low` float DEFAULT NULL,
  `i_height_high` float DEFAULT NULL,
  `i_weight_low` float DEFAULT NULL,
  `i_weight_high` float DEFAULT NULL,
  `i_age_min` int(11) DEFAULT NULL,
  `i_age_max` int(11) DEFAULT NULL,
  `i_zodiac` varchar(255) DEFAULT NULL,
  `i_bloodtype` varchar(255) DEFAULT NULL,
  `i_alchohol` varchar(255) DEFAULT NULL,
  `i_smoke` varchar(255) DEFAULT NULL,
  `i_education_level` varchar(255) DEFAULT NULL,
  `i_job` varchar(255) DEFAULT NULL,
  `i_hobby` varchar(255) DEFAULT NULL,
  `i_character` varchar(255) DEFAULT NULL,
  `create_at` date NOT NULL
) ENGINE=InnoDB DEFAULT CHARSET=utf8;

--
-- 傾印資料表的資料 `datings`
--

INSERT INTO `datings` (`member_id`, `i_gender`, `i_height_low`, `i_height_high`, `i_weight_low`, `i_weight_high`, `i_age_min`, `i_age_max`, `i_zodiac`, `i_bloodtype`, `i_alchohol`, `i_smoke`, `i_education_level`, `i_job`, `i_hobby`, `i_character`, `create_at`) VALUES
(1, '男', 163, 194, 44, 105, 20, 26, '射手座', 'A', '有', '小酌', '高中', '不相關', '不一樣', '外向', '2023-05-25'),
(2, '都可以', 178, 180, 61, 77, 23, 72, '雙魚座', 'B', '無', '滴酒不沾', '高中', '相關', '不一樣', '外向', '2023-05-25'),
(3, '女', 170, 188, 67, 85, 50, 82, '獅子座', 'A', '有', '滴酒不沾', '高中', '不相關', '不一樣', '內向', '2023-05-25'),
(4, '男', 180, 200, 46, 109, 30, 32, '巨蟹座', 'AB', '有', '滴酒不沾', '學士', '相關', '不一樣', '外向', '2023-05-25'),
(5, '男', 161, 196, 50, 71, 24, 32, '金牛座', 'A', '無', '酒豪', '高中', '不相關', '不一樣', '內向', '2023-05-25'),
(6, '都可以', 165, 193, 58, 95, 23, 38, '金牛座', 'A', '無', '滴酒不沾', '國小', '相關', '不一樣', '外向', '2023-05-25'),
(7, '女', 164, 193, 53, 75, 25, 64, '雙魚座', 'AB', '有', '小酌', '學士', '不相關', '一樣', '內向', '2023-05-25'),
(8, '男', 180, 194, 47, 73, 25, 33, '雙子座', 'B', '無', '小酌', '國中', '不相關', '不一樣', '內向', '2023-05-25'),
(9, '女', 157, 181, 65, 82, 20, 88, '獅子座', 'AB', '有', '酒豪', '國中', '相關', '不一樣', '外向', '2023-05-25'),
(10, '都可以', 180, 188, 63, 72, 22, 97, '牡羊座', 'O', '有', '酒豪', '學士', '不相關', '不一樣', '外向', '2023-05-25'),
(11, '都可以', 174, 196, 60, 110, 18, 50, '處女座', 'O', '無', '小酌', '高中', '相關', '一樣', '外向', '2023-05-25'),
(12, '男', 151, 195, 49, 97, 22, 70, '天秤座', 'AB', '有', '小酌', '高中', '相關', '不一樣', '外向', '2023-05-25'),
(13, '男', 163, 196, 67, 91, 24, 99, '金牛座', 'A', '無', '滴酒不沾', '博士', '相關', '一樣', '外向', '2023-05-25'),
(14, '男', 169, 194, 59, 74, 24, 45, '水瓶座', 'A', '有', '酒豪', '國中', '相關', '不一樣', '外向', '2023-05-25'),
(15, '都可以', 163, 193, 41, 70, 18, 41, '雙子座', 'O', '無', '小酌', '碩士', '相關', '一樣', '內向', '2023-05-25'),
(16, '女', 172, 195, 62, 71, 27, 41, '天蠍座', 'AB', '無', '酒豪', '學士', '不相關', '不一樣', '內向', '2023-05-25'),
(17, '男', 169, 190, 52, 92, 23, 51, '水瓶座', 'AB', '有', '滴酒不沾', '學士', '相關', '不一樣', '外向', '2023-05-25'),
(18, '女', 162, 193, 40, 93, 28, 32, '處女座', 'B', '有', '酒豪', '博士', '不相關', '不一樣', '外向', '2023-05-25'),
(19, '都可以', 152, 181, 47, 89, 18, 50, '金牛座', 'O', '無', '滴酒不沾', '高中', '不相關', '一樣', '內向', '2023-05-25'),
(20, '男', 162, 186, 56, 75, 25, 52, '水瓶座', 'A', '有', '滴酒不沾', '國中', '相關', '一樣', '外向', '2023-05-25'),
(21, '女', 175, 182, 66, 91, 28, 83, '雙魚座', 'A', '無', '酒豪', '碩士', '相關', '一樣', '內向', '2023-05-25'),
(22, '男', 168, 192, 53, 96, 21, 85, '金牛座', 'AB', '有', '小酌', '博士', '不相關', '一樣', '外向', '2023-05-25'),
(23, '男', 169, 180, 45, 90, 29, 75, '雙魚座', 'O', '有', '滴酒不沾', '國小', '相關', '一樣', '內向', '2023-05-25'),
(24, '男', 168, 197, 48, 96, 25, 91, '水瓶座', 'A', '無', '酒豪', '博士', '不相關', '不一樣', '外向', '2023-05-25'),
(25, '男', 164, 183, 65, 73, 23, 58, '雙魚座', 'B', '有', '小酌', '高中', '相關', '一樣', '外向', '2023-05-25'),
(26, '男', 150, 197, 55, 79, 21, 57, '獅子座', 'B', '有', '酒豪', '學士', '相關', '不一樣', '外向', '2023-05-25'),
(27, '男', 155, 192, 46, 86, 19, 84, '天秤座', 'B', '有', '滴酒不沾', '高中', '相關', '不一樣', '內向', '2023-05-25'),
(28, '男', 152, 191, 54, 92, 28, 76, '天蠍座', 'O', '無', '滴酒不沾', '碩士', '不相關', '一樣', '外向', '2023-05-25'),
(29, '女', 154, 192, 60, 76, 25, 30, '巨蟹座', 'B', '有', '小酌', '學士', '不相關', '不一樣', '外向', '2023-05-25'),
(30, '男', 154, 195, 54, 103, 23, 32, '巨蟹座', 'AB', '無', '滴酒不沾', '學士', '不相關', '一樣', '外向', '2023-05-25'),
(31, '女', 150, 188, 56, 74, 25, 41, '水瓶座', 'A', '無', '酒豪', '學士', '相關', '一樣', '內向', '2023-05-25'),
(32, '都可以', 159, 200, 55, 104, 25, 79, '射手座', 'AB', '無', '滴酒不沾', '高中', '不相關', '一樣', '外向', '2023-05-25'),
(33, '女', 158, 181, 49, 90, 19, 31, '巨蟹座', 'A', '無', '小酌', '國中', '相關', '一樣', '外向', '2023-05-25'),
(34, '都可以', 159, 191, 49, 102, 30, 30, '魔羯座', 'A', '有', '酒豪', '博士', '相關', '一樣', '外向', '2023-05-25'),
(35, '男', 157, 182, 69, 103, 24, 100, '獅子座', 'AB', '有', '滴酒不沾', '國中', '相關', '一樣', '外向', '2023-05-25'),
(36, '男', 150, 199, 69, 96, 24, 95, '天秤座', 'B', '有', '小酌', '博士', '不相關', '一樣', '外向', '2023-05-25'),
(37, '男', 168, 180, 63, 71, 19, 74, '牡羊座', 'B', '無', '小酌', '學士', '相關', '不一樣', '外向', '2023-05-25'),
(38, '女', 165, 195, 53, 104, 29, 58, '雙魚座', 'O', '無', '酒豪', '碩士', '不相關', '不一樣', '外向', '2023-05-25'),
(39, '都可以', 164, 188, 66, 93, 21, 35, '雙子座', 'AB', '無', '小酌', '高中', '不相關', '不一樣', '外向', '2023-05-25'),
(40, '女', 158, 180, 57, 99, 23, 45, '魔羯座', 'A', '無', '小酌', '國中', '不相關', '不一樣', '外向', '2023-05-25'),
(41, '男', 173, 189, 53, 94, 25, 91, '雙魚座', 'A', '無', '酒豪', '博士', '不相關', '不一樣', '內向', '2023-05-25'),
(42, '女', 180, 193, 44, 83, 25, 77, '天秤座', 'B', '有', '小酌', '高中', '不相關', '不一樣', '內向', '2023-05-25'),
(43, '男', 179, 183, 60, 87, 21, 84, '射手座', 'A', '無', '酒豪', '博士', '相關', '一樣', '外向', '2023-05-25'),
(44, '女', 166, 194, 49, 83, 23, 88, '處女座', 'AB', '無', '酒豪', '國中', '不相關', '一樣', '內向', '2023-05-25'),
(45, '都可以', 154, 192, 58, 97, 24, 86, '水瓶座', 'AB', '有', '酒豪', '國中', '相關', '一樣', '外向', '2023-05-25'),
(46, '都可以', 171, 200, 60, 72, 18, 66, '魔羯座', 'AB', '無', '滴酒不沾', '學士', '不相關', '不一樣', '外向', '2023-05-25'),
(47, '男', 168, 190, 62, 76, 26, 41, '射手座', 'B', '無', '小酌', '高中', '不相關', '不一樣', '外向', '2023-05-25'),
(48, '男', 160, 185, 51, 104, 21, 48, '天秤座', 'O', '無', '滴酒不沾', '國小', '相關', '一樣', '內向', '2023-05-25'),
(49, '都可以', 156, 183, 60, 84, 21, 87, '射手座', 'O', '有', '酒豪', '學士', '相關', '一樣', '內向', '2023-05-25'),
(50, '都可以', 173, 180, 55, 75, 25, 50, '牡羊座', 'A', '有', '小酌', '國小', '不相關', '不一樣', '外向', '2023-05-25'),
(51, '都可以', 151, 181, 45, 89, 18, 30, '天秤座', 'B', '有', '小酌', '國中', '相關', '不一樣', '外向', '2023-05-25'),
(52, '男', 163, 184, 60, 86, 26, 43, '天秤座', 'B', '有', '酒豪', '碩士', '不相關', '一樣', '內向', '2023-05-25'),
(53, '女', 165, 187, 64, 71, 30, 94, '魔羯座', 'B', '無', '小酌', '碩士', '相關', '一樣', '內向', '2023-05-25'),
(54, '都可以', 157, 199, 44, 89, 30, 98, '牡羊座', 'AB', '有', '小酌', '學士', '不相關', '不一樣', '內向', '2023-05-25'),
(55, '女', 152, 192, 67, 89, 28, 36, '金牛座', 'O', '無', '滴酒不沾', '碩士', '相關', '不一樣', '外向', '2023-05-25'),
(56, '都可以', 156, 199, 60, 86, 21, 70, '金牛座', 'O', '無', '滴酒不沾', '國小', '相關', '一樣', '外向', '2023-05-25'),
(57, '男', 176, 193, 69, 73, 28, 72, '牡羊座', 'AB', '有', '小酌', '國小', '不相關', '不一樣', '內向', '2023-05-25'),
(58, '男', 171, 183, 55, 90, 20, 48, '巨蟹座', 'A', '有', '酒豪', '國中', '相關', '一樣', '內向', '2023-05-25'),
(59, '女', 155, 193, 46, 72, 24, 68, '金牛座', 'AB', '無', '滴酒不沾', '博士', '相關', '不一樣', '內向', '2023-05-25'),
(60, '都可以', 178, 196, 66, 110, 29, 94, '雙子座', 'A', '有', '滴酒不沾', '學士', '不相關', '一樣', '外向', '2023-05-25'),
(61, '男', 162, 196, 61, 78, 28, 95, '雙子座', 'B', '無', '小酌', '國中', '不相關', '一樣', '內向', '2023-05-25'),
(62, '都可以', 172, 197, 67, 70, 26, 90, '水瓶座', 'A', '有', '酒豪', '博士', '不相關', '不一樣', '內向', '2023-05-25'),
(63, '男', 166, 187, 42, 78, 28, 66, '處女座', 'O', '無', '小酌', '博士', '不相關', '一樣', '內向', '2023-05-25'),
(64, '女', 150, 180, 51, 106, 18, 31, '魔羯座', 'O', '無', '滴酒不沾', '國中', '不相關', '一樣', '內向', '2023-05-25'),
(65, '男', 160, 197, 40, 100, 26, 71, '牡羊座', 'O', '有', '滴酒不沾', '國中', '相關', '一樣', '內向', '2023-05-25'),
(66, '都可以', 178, 195, 40, 109, 22, 88, '雙魚座', 'A', '無', '小酌', '碩士', '相關', '一樣', '外向', '2023-05-25'),
(67, '女', 176, 183, 44, 83, 28, 56, '獅子座', 'A', '有', '酒豪', '學士', '不相關', '不一樣', '內向', '2023-05-25'),
(68, '都可以', 169, 186, 70, 88, 28, 60, '魔羯座', 'A', '有', '酒豪', '國中', '不相關', '一樣', '內向', '2023-05-25'),
(69, '男', 176, 181, 41, 75, 26, 100, '水瓶座', 'B', '有', '小酌', '國小', '相關', '一樣', '外向', '2023-05-25'),
(70, '都可以', 157, 196, 49, 84, 28, 80, '巨蟹座', 'O', '無', '酒豪', '國中', '相關', '一樣', '外向', '2023-05-25'),
(71, '女', 165, 187, 65, 104, 19, 68, '處女座', 'B', '有', '酒豪', '國小', '不相關', '一樣', '內向', '2023-05-25'),
(72, '都可以', 170, 195, 62, 92, 20, 69, '處女座', 'A', '有', '小酌', '學士', '不相關', '不一樣', '外向', '2023-05-25'),
(73, '都可以', 169, 194, 51, 87, 27, 44, '天蠍座', 'O', '有', '滴酒不沾', '國小', '相關', '一樣', '內向', '2023-05-25'),
(74, '都可以', 153, 184, 60, 71, 30, 54, '魔羯座', 'A', '有', '小酌', '高中', '相關', '一樣', '外向', '2023-05-25'),
(75, '女', 173, 187, 52, 93, 28, 35, '雙魚座', 'A', '有', '酒豪', '國中', '不相關', '一樣', '外向', '2023-05-25'),
(76, '女', 174, 192, 48, 86, 29, 58, '巨蟹座', 'B', '無', '小酌', '國中', '相關', '一樣', '外向', '2023-05-25'),
(77, '男', 159, 192, 47, 74, 19, 81, '魔羯座', 'AB', '有', '酒豪', '碩士', '不相關', '一樣', '內向', '2023-05-25'),
(78, '都可以', 172, 192, 55, 104, 18, 61, '水瓶座', 'AB', '無', '滴酒不沾', '學士', '不相關', '不一樣', '外向', '2023-05-25'),
(79, '都可以', 171, 188, 58, 100, 25, 31, '巨蟹座', 'AB', '有', '小酌', '國中', '不相關', '不一樣', '外向', '2023-05-25'),
(80, '都可以', 178, 192, 48, 73, 18, 84, '雙子座', 'B', '無', '酒豪', '高中', '相關', '一樣', '外向', '2023-05-25'),
(81, '男', 165, 189, 53, 100, 21, 86, '雙魚座', 'AB', '有', '酒豪', '學士', '不相關', '不一樣', '內向', '2023-05-25'),
(82, '女', 165, 188, 61, 78, 20, 78, '雙魚座', 'B', '有', '滴酒不沾', '國小', '不相關', '一樣', '內向', '2023-05-25'),
(83, '都可以', 160, 194, 48, 107, 20, 32, '處女座', 'AB', '有', '酒豪', '博士', '相關', '不一樣', '內向', '2023-05-25'),
(84, '男', 166, 198, 63, 109, 21, 37, '魔羯座', 'O', '無', '酒豪', '國中', '不相關', '一樣', '內向', '2023-05-25'),
(85, '男', 179, 180, 60, 106, 29, 62, '魔羯座', 'AB', '有', '酒豪', '高中', '不相關', '一樣', '內向', '2023-05-25'),
(86, '男', 165, 184, 70, 97, 25, 97, '雙子座', 'B', '無', '小酌', '學士', '相關', '不一樣', '外向', '2023-05-25'),
(87, '女', 171, 182, 46, 87, 20, 55, '牡羊座', 'A', '有', '滴酒不沾', '國小', '相關', '不一樣', '外向', '2023-05-25'),
(88, '男', 167, 198, 52, 105, 19, 96, '處女座', 'AB', '有', '滴酒不沾', '國小', '不相關', '一樣', '內向', '2023-05-25'),
(89, '男', 155, 198, 65, 93, 21, 74, '天秤座', 'B', '有', '滴酒不沾', '學士', '相關', '不一樣', '外向', '2023-05-25'),
(90, '女', 172, 182, 53, 96, 29, 54, '天蠍座', 'AB', '無', '滴酒不沾', '博士', '不相關', '一樣', '外向', '2023-05-25'),
(91, '男', 173, 192, 40, 70, 24, 89, '天蠍座', 'B', '無', '酒豪', '國中', '不相關', '一樣', '外向', '2023-05-25'),
(92, '男', 180, 191, 50, 71, 27, 41, '處女座', 'O', '無', '酒豪', '博士', '不相關', '不一樣', '內向', '2023-05-25'),
(93, '男', 169, 199, 59, 90, 23, 48, '射手座', 'A', '有', '滴酒不沾', '學士', '相關', '一樣', '外向', '2023-05-25'),
(94, '女', 175, 185, 41, 80, 30, 90, '金牛座', 'B', '有', '小酌', '高中', '不相關', '不一樣', '外向', '2023-05-25'),
(95, '男', 163, 198, 46, 106, 21, 62, '雙子座', 'AB', '無', '酒豪', '學士', '相關', '一樣', '內向', '2023-05-25'),
(96, '男', 178, 180, 48, 73, 27, 81, '天秤座', 'B', '無', '滴酒不沾', '博士', '相關', '不一樣', '內向', '2023-05-25'),
(97, '都可以', 168, 187, 54, 101, 28, 50, '水瓶座', 'A', '無', '酒豪', '國中', '相關', '不一樣', '內向', '2023-05-25'),
(98, '男', 173, 180, 59, 80, 28, 48, '雙子座', 'O', '有', '小酌', '學士', '相關', '不一樣', '外向', '2023-05-25'),
(99, '都可以', 166, 180, 67, 81, 24, 61, '雙子座', 'O', '有', '滴酒不沾', '高中', '不相關', '一樣', '內向', '2023-05-25'),
(100, '女', 165, 195, 46, 92, 19, 60, '金牛座', 'AB', '有', '滴酒不沾', '碩士', '不相關', '不一樣', '內向', '2023-05-25'),
(101, '女', 160, 187, 43, 87, 30, 89, '射手座', 'AB', '有', '小酌', '碩士', '相關', '不一樣', '內向', '2023-05-25'),
(102, '都可以', 164, 196, 66, 78, 27, 92, '魔羯座', 'B', '有', '酒豪', '高中', '不相關', '不一樣', '內向', '2023-05-25'),
(103, '女', 167, 198, 50, 93, 24, 93, '雙魚座', 'B', '有', '小酌', '博士', '相關', '一樣', '外向', '2023-05-25'),
(104, '女', 155, 186, 62, 72, 24, 88, '巨蟹座', 'O', '有', '滴酒不沾', '學士', '相關', '一樣', '外向', '2023-05-25'),
(105, '女', 173, 184, 44, 92, 29, 60, '巨蟹座', 'A', '無', '滴酒不沾', '國小', '相關', '一樣', '內向', '2023-05-25'),
(106, '男', 177, 184, 50, 83, 29, 77, '雙魚座', 'A', '有', '酒豪', '學士', '相關', '一樣', '內向', '2023-05-25'),
(107, '男', 168, 190, 45, 87, 27, 33, '獅子座', 'AB', '無', '酒豪', '學士', '相關', '一樣', '外向', '2023-05-25'),
(108, '男', 152, 189, 41, 109, 20, 47, '獅子座', 'B', '有', '滴酒不沾', '國中', '相關', '不一樣', '內向', '2023-05-25'),
(109, '男', 160, 186, 69, 81, 24, 37, '牡羊座', 'O', '有', '滴酒不沾', '博士', '相關', '一樣', '外向', '2023-05-25'),
(110, '男', 169, 200, 52, 70, 20, 83, '巨蟹座', 'A', '有', '小酌', '國中', '不相關', '不一樣', '內向', '2023-05-25'),
(111, '男', 179, 180, 61, 96, 20, 61, '獅子座', 'AB', '無', '小酌', '國小', '相關', '不一樣', '內向', '2023-05-25'),
(112, '男', 172, 198, 59, 109, 25, 98, '雙子座', 'AB', '有', '小酌', '博士', '相關', '不一樣', '內向', '2023-05-25'),
(113, '男', 158, 198, 45, 108, 21, 63, '魔羯座', 'AB', '有', '滴酒不沾', '國中', '不相關', '一樣', '內向', '2023-05-25'),
(114, '都可以', 168, 188, 65, 90, 25, 66, '金牛座', 'A', '無', '小酌', '國中', '相關', '一樣', '外向', '2023-05-25'),
(115, '都可以', 176, 183, 48, 85, 21, 37, '天秤座', 'O', '無', '酒豪', '學士', '不相關', '不一樣', '外向', '2023-05-25'),
(116, '都可以', 164, 197, 46, 94, 22, 100, '水瓶座', 'A', '無', '小酌', '學士', '不相關', '不一樣', '內向', '2023-05-25'),
(117, '男', 157, 189, 63, 92, 19, 77, '天秤座', 'B', '無', '滴酒不沾', '國中', '不相關', '不一樣', '外向', '2023-05-25'),
(118, '男', 161, 182, 62, 90, 25, 56, '天蠍座', 'AB', '無', '酒豪', '學士', '不相關', '一樣', '外向', '2023-05-25'),
(119, '女', 164, 182, 67, 81, 23, 92, '雙子座', 'O', '有', '酒豪', '國中', '不相關', '不一樣', '外向', '2023-05-25'),
(120, '都可以', 154, 194, 45, 76, 23, 47, '射手座', 'AB', '無', '小酌', '國小', '不相關', '一樣', '內向', '2023-05-25'),
(121, '都可以', 172, 180, 44, 97, 27, 73, '牡羊座', 'AB', '有', '酒豪', '學士', '相關', '一樣', '外向', '2023-05-25'),
(122, '都可以', 172, 197, 52, 82, 21, 52, '巨蟹座', 'B', '有', '酒豪', '國中', '相關', '一樣', '內向', '2023-05-25'),
(123, '都可以', 179, 189, 59, 74, 23, 81, '水瓶座', 'AB', '無', '酒豪', '學士', '不相關', '一樣', '內向', '2023-05-25'),
(124, '都可以', 151, 189, 66, 73, 21, 79, '獅子座', 'B', '無', '酒豪', '國中', '相關', '不一樣', '內向', '2023-05-25'),
(125, '都可以', 173, 186, 63, 106, 19, 49, '金牛座', 'O', '有', '滴酒不沾', '高中', '不相關', '一樣', '內向', '2023-05-25'),
(126, '女', 150, 199, 59, 84, 27, 53, '雙魚座', 'O', '無', '滴酒不沾', '學士', '不相關', '不一樣', '內向', '2023-05-25'),
(127, '都可以', 154, 187, 68, 94, 23, 87, '天蠍座', 'O', '有', '小酌', '學士', '不相關', '不一樣', '外向', '2023-05-25'),
(128, '男', 153, 181, 53, 107, 28, 34, '水瓶座', 'AB', '有', '滴酒不沾', '高中', '不相關', '不一樣', '外向', '2023-05-25'),
(129, '男', 172, 182, 43, 80, 29, 91, '天蠍座', 'A', '有', '酒豪', '學士', '相關', '不一樣', '內向', '2023-05-25'),
(130, '女', 178, 188, 58, 95, 29, 40, '魔羯座', 'B', '有', '小酌', '國中', '不相關', '不一樣', '外向', '2023-05-25'),
(131, '女', 162, 184, 69, 91, 28, 38, '雙子座', 'B', '有', '小酌', '國中', '不相關', '不一樣', '內向', '2023-05-25'),
(132, '都可以', 150, 192, 64, 73, 21, 42, '雙子座', 'AB', '有', '滴酒不沾', '碩士', '相關', '不一樣', '外向', '2023-05-25'),
(133, '都可以', 161, 192, 45, 81, 20, 67, '水瓶座', 'A', '有', '小酌', '碩士', '不相關', '一樣', '內向', '2023-05-25'),
(134, '都可以', 171, 180, 56, 80, 29, 39, '天蠍座', 'A', '有', '滴酒不沾', '學士', '不相關', '不一樣', '外向', '2023-05-25'),
(135, '都可以', 168, 192, 62, 84, 29, 33, '魔羯座', 'B', '有', '酒豪', '國中', '相關', '一樣', '內向', '2023-05-25'),
(136, '男', 173, 184, 46, 77, 28, 92, '天秤座', 'B', '有', '小酌', '國中', '不相關', '不一樣', '內向', '2023-05-25'),
(137, '都可以', 153, 185, 51, 93, 24, 46, '水瓶座', 'AB', '有', '小酌', '國中', '相關', '不一樣', '內向', '2023-05-25'),
(138, '女', 159, 196, 69, 79, 19, 65, '天蠍座', 'AB', '無', '酒豪', '學士', '相關', '一樣', '外向', '2023-05-25'),
(139, '男', 169, 194, 52, 90, 19, 86, '金牛座', 'B', '無', '滴酒不沾', '博士', '不相關', '一樣', '外向', '2023-05-25'),
(140, '女', 177, 187, 47, 86, 19, 66, '金牛座', 'O', '無', '滴酒不沾', '學士', '相關', '不一樣', '內向', '2023-05-25'),
(141, '男', 167, 197, 49, 86, 19, 41, '牡羊座', 'AB', '無', '酒豪', '博士', '相關', '一樣', '外向', '2023-05-25'),
(142, '都可以', 157, 192, 66, 92, 21, 48, '牡羊座', 'A', '有', '小酌', '國中', '不相關', '不一樣', '內向', '2023-05-25'),
(143, '男', 174, 194, 66, 103, 30, 89, '水瓶座', 'B', '無', '小酌', '國中', '不相關', '不一樣', '內向', '2023-05-25'),
(144, '都可以', 166, 190, 50, 95, 30, 57, '天秤座', 'AB', '無', '酒豪', '高中', '不相關', '一樣', '外向', '2023-05-25'),
(145, '都可以', 150, 186, 62, 89, 29, 62, '天秤座', 'AB', '有', '小酌', '國小', '相關', '一樣', '內向', '2023-05-25'),
(146, '男', 151, 184, 46, 108, 27, 38, '牡羊座', 'AB', '無', '小酌', '碩士', '相關', '一樣', '內向', '2023-05-25'),
(147, '男', 180, 189, 54, 94, 27, 44, '射手座', 'A', '無', '小酌', '高中', '不相關', '不一樣', '內向', '2023-05-25'),
(148, '男', 174, 199, 51, 85, 27, 77, '魔羯座', 'AB', '有', '酒豪', '學士', '相關', '不一樣', '內向', '2023-05-25'),
(149, '都可以', 179, 184, 66, 105, 21, 81, '天秤座', 'B', '有', '滴酒不沾', '碩士', '不相關', '不一樣', '內向', '2023-05-25'),
(150, '女', 162, 186, 57, 106, 22, 73, '獅子座', 'AB', '有', '小酌', '國中', '不相關', '不一樣', '外向', '2023-05-25'),
(151, '女', 179, 185, 59, 107, 29, 95, '雙子座', 'A', '有', '小酌', '碩士', '相關', '不一樣', '內向', '2023-05-25'),
(152, '男', 156, 199, 46, 70, 21, 82, '天蠍座', 'A', '無', '小酌', '學士', '相關', '一樣', '內向', '2023-05-25'),
(153, '都可以', 178, 195, 42, 98, 25, 97, '水瓶座', 'AB', '有', '小酌', '國中', '不相關', '不一樣', '外向', '2023-05-25'),
(154, '男', 170, 189, 63, 102, 22, 66, '巨蟹座', 'A', '有', '酒豪', '國小', '不相關', '一樣', '外向', '2023-05-25'),
(155, '都可以', 179, 196, 43, 89, 28, 82, '天蠍座', 'AB', '無', '酒豪', '博士', '相關', '不一樣', '外向', '2023-05-25'),
(156, '都可以', 153, 195, 48, 90, 18, 41, '魔羯座', 'A', '有', '滴酒不沾', '碩士', '不相關', '不一樣', '內向', '2023-05-25'),
(157, '男', 161, 180, 46, 98, 29, 73, '射手座', 'A', '無', '滴酒不沾', '國中', '相關', '不一樣', '內向', '2023-05-25'),
(158, '女', 156, 181, 60, 110, 21, 67, '天蠍座', 'O', '無', '滴酒不沾', '碩士', '不相關', '不一樣', '內向', '2023-05-25'),
(159, '女', 159, 193, 69, 92, 25, 88, '射手座', 'B', '無', '滴酒不沾', '國小', '相關', '不一樣', '內向', '2023-05-25'),
(160, '都可以', 164, 193, 48, 109, 30, 67, '雙子座', 'B', '有', '酒豪', '碩士', '不相關', '不一樣', '外向', '2023-05-25'),
(161, '都可以', 153, 197, 43, 78, 21, 40, '天蠍座', 'O', '有', '小酌', '博士', '不相關', '一樣', '外向', '2023-05-25'),
(162, '都可以', 179, 199, 58, 89, 23, 44, '處女座', 'O', '有', '小酌', '國小', '相關', '不一樣', '內向', '2023-05-25'),
(163, '女', 154, 181, 52, 104, 22, 68, '金牛座', 'O', '無', '滴酒不沾', '博士', '不相關', '一樣', '內向', '2023-05-25'),
(164, '女', 177, 182, 46, 81, 22, 36, '金牛座', 'O', '無', '小酌', '博士', '相關', '一樣', '內向', '2023-05-25'),
(165, '都可以', 150, 192, 44, 110, 26, 88, '魔羯座', 'A', '無', '酒豪', '博士', '不相關', '一樣', '內向', '2023-05-25'),
(166, '都可以', 155, 196, 59, 84, 20, 91, '天蠍座', 'A', '有', '小酌', '碩士', '相關', '一樣', '內向', '2023-05-25'),
(167, '都可以', 159, 198, 68, 87, 20, 91, '天秤座', 'B', '無', '酒豪', '學士', '不相關', '一樣', '外向', '2023-05-25'),
(168, '都可以', 158, 194, 46, 83, 23, 82, '雙魚座', 'O', '無', '小酌', '博士', '不相關', '不一樣', '外向', '2023-05-25'),
(169, '都可以', 160, 187, 46, 83, 26, 36, '獅子座', 'B', '無', '滴酒不沾', '國中', '相關', '不一樣', '內向', '2023-05-25'),
(170, '男', 151, 182, 62, 94, 27, 45, '巨蟹座', 'AB', '無', '酒豪', '高中', '相關', '不一樣', '內向', '2023-05-25'),
(171, '都可以', 156, 198, 47, 108, 27, 86, '天秤座', 'O', '有', '酒豪', '國中', '相關', '一樣', '外向', '2023-05-25'),
(172, '女', 154, 186, 63, 103, 22, 55, '雙魚座', 'A', '無', '滴酒不沾', '國中', '不相關', '不一樣', '外向', '2023-05-25'),
(173, '都可以', 170, 189, 61, 106, 28, 60, '魔羯座', 'AB', '有', '滴酒不沾', '國中', '不相關', '不一樣', '內向', '2023-05-25'),
(174, '女', 164, 188, 56, 101, 29, 33, '獅子座', 'A', '無', '滴酒不沾', '高中', '相關', '不一樣', '內向', '2023-05-25'),
(175, '女', 172, 181, 47, 70, 29, 97, '處女座', 'A', '有', '滴酒不沾', '高中', '不相關', '不一樣', '內向', '2023-05-25'),
(176, '男', 180, 180, 63, 84, 28, 71, '處女座', 'B', '有', '酒豪', '學士', '相關', '不一樣', '內向', '2023-05-25'),
(177, '男', 156, 190, 49, 81, 21, 35, '魔羯座', 'B', '無', '酒豪', '博士', '相關', '一樣', '內向', '2023-05-25'),
(178, '男', 159, 186, 53, 77, 30, 75, '牡羊座', 'A', '有', '酒豪', '博士', '相關', '不一樣', '內向', '2023-05-25'),
(179, '男', 155, 181, 69, 98, 18, 100, '處女座', 'AB', '無', '滴酒不沾', '博士', '不相關', '不一樣', '外向', '2023-05-25'),
(180, '都可以', 175, 188, 63, 76, 23, 33, '魔羯座', 'AB', '有', '滴酒不沾', '碩士', '相關', '不一樣', '內向', '2023-05-25'),
(181, '都可以', 156, 194, 55, 86, 28, 48, '魔羯座', 'O', '無', '小酌', '國小', '不相關', '不一樣', '內向', '2023-05-25'),
(182, '都可以', 178, 198, 66, 85, 28, 40, '雙魚座', 'B', '無', '酒豪', '碩士', '不相關', '一樣', '內向', '2023-05-25'),
(183, '都可以', 173, 193, 48, 79, 24, 97, '金牛座', 'AB', '無', '酒豪', '國中', '相關', '不一樣', '外向', '2023-05-25'),
(184, '都可以', 164, 193, 65, 94, 20, 53, '天蠍座', 'AB', '有', '酒豪', '國小', '不相關', '一樣', '內向', '2023-05-25'),
(185, '都可以', 156, 200, 68, 100, 23, 88, '天蠍座', 'AB', '無', '酒豪', '國中', '相關', '不一樣', '外向', '2023-05-25'),
(186, '男', 173, 191, 65, 77, 27, 35, '射手座', 'O', '無', '小酌', '高中', '相關', '不一樣', '內向', '2023-05-25'),
(187, '男', 177, 188, 51, 79, 19, 96, '獅子座', 'A', '有', '小酌', '學士', '相關', '一樣', '內向', '2023-05-25'),
(188, '男', 163, 193, 40, 92, 25, 62, '牡羊座', 'AB', '有', '滴酒不沾', '高中', '不相關', '不一樣', '外向', '2023-05-25'),
(189, '都可以', 171, 192, 41, 73, 23, 65, '雙魚座', 'AB', '無', '滴酒不沾', '碩士', '相關', '不一樣', '內向', '2023-05-25'),
(190, '女', 161, 200, 65, 82, 24, 37, '雙子座', 'AB', '有', '酒豪', '國中', '相關', '一樣', '外向', '2023-05-25'),
(191, '都可以', 155, 196, 60, 71, 18, 30, '獅子座', 'AB', '有', '酒豪', '國中', '不相關', '不一樣', '內向', '2023-05-25'),
(192, '男', 172, 195, 48, 92, 28, 84, '水瓶座', 'B', '有', '酒豪', '碩士', '相關', '一樣', '內向', '2023-05-25'),
(193, '女', 172, 193, 43, 108, 28, 85, '巨蟹座', 'O', '無', '小酌', '國小', '相關', '一樣', '外向', '2023-05-25'),
(194, '女', 162, 191, 70, 105, 25, 71, '金牛座', 'A', '無', '酒豪', '國小', '不相關', '不一樣', '內向', '2023-05-25'),
(195, '都可以', 155, 190, 40, 92, 24, 72, '處女座', 'O', '有', '酒豪', '國小', '不相關', '一樣', '外向', '2023-05-25'),
(196, '都可以', 164, 180, 59, 98, 29, 45, '巨蟹座', 'B', '無', '酒豪', '學士', '不相關', '不一樣', '外向', '2023-05-25'),
(197, '男', 160, 199, 45, 85, 28, 53, '處女座', 'AB', '有', '滴酒不沾', '碩士', '相關', '不一樣', '內向', '2023-05-25'),
(198, '都可以', 175, 196, 66, 92, 21, 98, '水瓶座', 'O', '有', '小酌', '國小', '相關', '不一樣', '外向', '2023-05-25'),
(199, '男', 150, 188, 59, 93, 30, 89, '金牛座', 'A', '無', '小酌', '碩士', '相關', '不一樣', '外向', '2023-05-25'),
(200, '女', 179, 184, 43, 83, 19, 49, '牡羊座', 'A', '有', '小酌', '碩士', '不相關', '不一樣', '內向', '2023-05-25'),
(201, '都可以', 175, 199, 66, 82, 25, 92, '雙子座', 'A', '無', '滴酒不沾', '學士', '相關', '不一樣', '外向', '2023-05-25'),
(202, '都可以', 179, 189, 61, 75, 26, 71, '水瓶座', 'AB', '有', '滴酒不沾', '學士', '不相關', '不一樣', '內向', '2023-05-25'),
(203, '男', 179, 189, 64, 73, 24, 47, '牡羊座', 'O', '有', '小酌', '碩士', '相關', '不一樣', '內向', '2023-05-25'),
(204, '女', 171, 187, 66, 86, 22, 65, '金牛座', 'A', '有', '小酌', '國小', '不相關', '一樣', '外向', '2023-05-25'),
(205, '都可以', 178, 188, 52, 79, 24, 82, '射手座', 'O', '無', '小酌', '碩士', '相關', '不一樣', '內向', '2023-05-25'),
(206, '女', 151, 184, 61, 106, 23, 46, '處女座', 'B', '有', '滴酒不沾', '國中', '不相關', '不一樣', '外向', '2023-05-25'),
(207, '女', 164, 199, 42, 98, 26, 95, '金牛座', 'B', '有', '酒豪', '國小', '相關', '不一樣', '內向', '2023-05-25'),
(208, '都可以', 171, 182, 59, 102, 30, 96, '獅子座', 'B', '無', '小酌', '博士', '相關', '一樣', '外向', '2023-05-25'),
(209, '女', 168, 195, 44, 110, 27, 94, '獅子座', 'AB', '有', '小酌', '博士', '不相關', '一樣', '內向', '2023-05-25'),
(210, '男', 160, 189, 63, 108, 28, 82, '天秤座', 'O', '有', '酒豪', '國中', '不相關', '一樣', '內向', '2023-05-25'),
(211, '男', 166, 196, 50, 91, 27, 97, '雙魚座', 'A', '無', '酒豪', '博士', '相關', '不一樣', '外向', '2023-05-25'),
(212, '男', 160, 191, 47, 109, 21, 70, '牡羊座', 'O', '有', '滴酒不沾', '學士', '相關', '不一樣', '內向', '2023-05-25'),
(213, '都可以', 163, 198, 47, 99, 21, 97, '水瓶座', 'AB', '有', '滴酒不沾', '國小', '不相關', '不一樣', '內向', '2023-05-25'),
(214, '男', 153, 188, 40, 90, 22, 35, '天秤座', 'AB', '有', '滴酒不沾', '高中', '不相關', '一樣', '外向', '2023-05-25'),
(215, '男', 163, 186, 50, 75, 30, 69, '射手座', 'B', '有', '小酌', '高中', '相關', '不一樣', '外向', '2023-05-25'),
(216, '男', 180, 185, 70, 106, 29, 66, '魔羯座', 'AB', '有', '酒豪', '國中', '不相關', '一樣', '內向', '2023-05-25'),
(217, '男', 172, 180, 46, 76, 24, 94, '雙子座', 'AB', '有', '小酌', '高中', '相關', '不一樣', '內向', '2023-05-25'),
(218, '女', 153, 190, 58, 104, 27, 31, '牡羊座', 'B', '無', '滴酒不沾', '國中', '相關', '不一樣', '內向', '2023-05-25'),
(219, '男', 179, 195, 47, 78, 19, 57, '射手座', 'A', '有', '小酌', '國中', '相關', '不一樣', '外向', '2023-05-25'),
(220, '男', 177, 181, 70, 107, 24, 89, '天蠍座', 'A', '有', '小酌', '碩士', '不相關', '一樣', '內向', '2023-05-25'),
(221, '都可以', 175, 199, 60, 108, 30, 33, '金牛座', 'AB', '無', '酒豪', '國小', '不相關', '不一樣', '內向', '2023-05-25'),
(222, '男', 175, 195, 56, 98, 24, 83, '雙魚座', 'O', '有', '小酌', '國中', '相關', '不一樣', '外向', '2023-05-25'),
(223, '都可以', 152, 188, 49, 109, 25, 74, '魔羯座', 'B', '有', '小酌', '高中', '不相關', '一樣', '外向', '2023-05-25'),
(224, '都可以', 162, 180, 45, 86, 22, 89, '魔羯座', 'B', '有', '小酌', '碩士', '不相關', '一樣', '外向', '2023-05-25'),
(225, '男', 157, 195, 68, 106, 30, 51, '射手座', 'O', '有', '酒豪', '國小', '相關', '不一樣', '內向', '2023-05-25'),
(226, '都可以', 170, 188, 46, 78, 29, 31, '巨蟹座', 'AB', '有', '滴酒不沾', '國中', '相關', '不一樣', '內向', '2023-05-25'),
(227, '女', 155, 185, 64, 72, 25, 41, '射手座', 'O', '無', '小酌', '碩士', '相關', '一樣', '外向', '2023-05-25'),
(228, '男', 177, 181, 67, 97, 20, 86, '巨蟹座', 'O', '無', '滴酒不沾', '國中', '不相關', '不一樣', '外向', '2023-05-25'),
(229, '女', 163, 190, 70, 96, 18, 63, '處女座', 'AB', '無', '酒豪', '國小', '相關', '一樣', '外向', '2023-05-25'),
(230, '都可以', 158, 189, 45, 99, 29, 30, '射手座', 'A', '有', '滴酒不沾', '高中', '不相關', '不一樣', '外向', '2023-05-25'),
(231, '都可以', 166, 200, 61, 83, 20, 70, '魔羯座', 'O', '有', '滴酒不沾', '國小', '相關', '一樣', '外向', '2023-05-25'),
(232, '女', 174, 182, 42, 79, 21, 91, '天秤座', 'B', '無', '滴酒不沾', '學士', '不相關', '不一樣', '內向', '2023-05-25'),
(233, '男', 157, 181, 63, 84, 27, 73, '處女座', 'AB', '有', '酒豪', '高中', '相關', '不一樣', '外向', '2023-05-25'),
(234, '男', 172, 187, 52, 110, 28, 61, '雙子座', 'B', '無', '小酌', '國中', '不相關', '不一樣', '外向', '2023-05-25'),
(235, '男', 160, 192, 43, 80, 29, 59, '處女座', 'AB', '無', '滴酒不沾', '高中', '不相關', '不一樣', '外向', '2023-05-25'),
(236, '男', 171, 180, 55, 76, 19, 80, '處女座', 'A', '無', '滴酒不沾', '博士', '不相關', '一樣', '內向', '2023-05-25'),
(237, '男', 172, 199, 42, 92, 28, 53, '處女座', 'AB', '有', '小酌', '高中', '相關', '一樣', '外向', '2023-05-25'),
(238, '男', 163, 181, 60, 108, 26, 68, '水瓶座', 'A', '有', '酒豪', '國小', '不相關', '不一樣', '內向', '2023-05-25'),
(239, '男', 165, 192, 40, 92, 18, 80, '水瓶座', 'AB', '有', '小酌', '國小', '不相關', '不一樣', '外向', '2023-05-25'),
(240, '都可以', 153, 181, 70, 108, 18, 95, '天秤座', 'A', '無', '酒豪', '國中', '不相關', '一樣', '內向', '2023-05-25'),
(241, '女', 172, 186, 66, 81, 20, 63, '雙子座', 'O', '無', '酒豪', '碩士', '不相關', '一樣', '外向', '2023-05-25'),
(242, '男', 175, 182, 64, 73, 30, 71, '雙魚座', 'B', '有', '滴酒不沾', '國中', '不相關', '一樣', '外向', '2023-05-25'),
(243, '都可以', 166, 190, 48, 102, 19, 67, '天秤座', 'O', '有', '酒豪', '碩士', '不相關', '不一樣', '內向', '2023-05-25'),
(244, '都可以', 166, 194, 45, 101, 28, 94, '天秤座', 'O', '有', '小酌', '國小', '相關', '一樣', '外向', '2023-05-25'),
(245, '男', 178, 180, 40, 92, 28, 95, '雙子座', 'AB', '無', '滴酒不沾', '國中', '相關', '不一樣', '內向', '2023-05-25'),
(246, '男', 152, 184, 64, 78, 22, 95, '天秤座', 'A', '無', '滴酒不沾', '碩士', '相關', '一樣', '外向', '2023-05-25'),
(247, '都可以', 171, 182, 47, 90, 24, 89, '水瓶座', 'B', '有', '小酌', '博士', '相關', '不一樣', '內向', '2023-05-25'),
(248, '都可以', 150, 181, 63, 96, 22, 60, '水瓶座', 'B', '有', '滴酒不沾', '博士', '相關', '一樣', '外向', '2023-05-25'),
(249, '都可以', 169, 194, 48, 85, 21, 75, '天蠍座', 'A', '有', '小酌', '高中', '不相關', '不一樣', '內向', '2023-05-25'),
(250, '男', 177, 189, 59, 87, 22, 93, '水瓶座', 'AB', '無', '滴酒不沾', '博士', '不相關', '不一樣', '內向', '2023-05-25'),
(251, '女', 176, 195, 67, 71, 30, 69, '巨蟹座', 'A', '無', '小酌', '國小', '相關', '一樣', '外向', '2023-05-25'),
(252, '都可以', 156, 185, 51, 80, 27, 37, '金牛座', 'AB', '有', '小酌', '國小', '相關', '一樣', '外向', '2023-05-25'),
(253, '都可以', 179, 192, 50, 94, 27, 89, '雙魚座', 'O', '有', '滴酒不沾', '高中', '不相關', '一樣', '內向', '2023-05-25'),
(254, '都可以', 159, 198, 50, 98, 24, 93, '雙魚座', 'A', '無', '小酌', '碩士', '相關', '不一樣', '外向', '2023-05-25'),
(255, '男', 170, 198, 65, 102, 21, 98, '射手座', 'O', '無', '酒豪', '國中', '相關', '一樣', '內向', '2023-05-25'),
(256, '男', 180, 198, 52, 88, 30, 37, '巨蟹座', 'AB', '有', '酒豪', '學士', '不相關', '不一樣', '內向', '2023-05-25'),
(257, '女', 174, 186, 58, 98, 28, 76, '天蠍座', 'O', '有', '酒豪', '碩士', '不相關', '不一樣', '外向', '2023-05-25'),
(258, '都可以', 153, 194, 67, 110, 19, 97, '射手座', 'A', '有', '滴酒不沾', '國小', '不相關', '一樣', '外向', '2023-05-25'),
(259, '都可以', 178, 181, 48, 92, 20, 84, '雙魚座', 'O', '有', '滴酒不沾', '學士', '不相關', '一樣', '外向', '2023-05-25'),
(260, '女', 176, 195, 51, 89, 26, 31, '天秤座', 'B', '有', '酒豪', '學士', '相關', '一樣', '內向', '2023-05-25'),
(261, '男', 153, 180, 40, 86, 26, 84, '獅子座', 'AB', '無', '小酌', '學士', '不相關', '一樣', '外向', '2023-05-25'),
(262, '男', 179, 187, 49, 109, 20, 85, '金牛座', 'B', '無', '小酌', '國中', '相關', '不一樣', '內向', '2023-05-25'),
(263, '都可以', 150, 190, 68, 107, 20, 71, '天蠍座', 'O', '有', '小酌', '碩士', '相關', '一樣', '外向', '2023-05-25'),
(264, '女', 157, 188, 55, 105, 21, 71, '天蠍座', 'AB', '有', '滴酒不沾', '碩士', '不相關', '一樣', '內向', '2023-05-25'),
(265, '女', 150, 196, 46, 80, 28, 42, '水瓶座', 'O', '無', '小酌', '國中', '不相關', '一樣', '內向', '2023-05-25'),
(266, '男', 160, 181, 64, 104, 20, 39, '金牛座', 'O', '無', '小酌', '國中', '相關', '不一樣', '外向', '2023-05-25'),
(267, '都可以', 178, 193, 57, 72, 23, 39, '巨蟹座', 'B', '無', '小酌', '國中', '不相關', '一樣', '內向', '2023-05-25'),
(268, '男', 176, 196, 66, 78, 25, 48, '金牛座', 'AB', '無', '酒豪', '學士', '相關', '不一樣', '內向', '2023-05-25'),
(269, '男', 162, 185, 61, 90, 27, 92, '金牛座', 'B', '有', '酒豪', '國小', '不相關', '不一樣', '外向', '2023-05-25'),
(270, '都可以', 169, 190, 51, 91, 28, 76, '雙魚座', 'AB', '有', '滴酒不沾', '國中', '不相關', '一樣', '外向', '2023-05-25'),
(271, '男', 156, 183, 59, 80, 29, 74, '處女座', 'B', '有', '酒豪', '高中', '不相關', '不一樣', '內向', '2023-05-25'),
(272, '男', 169, 184, 65, 74, 19, 42, '雙子座', 'B', '無', '小酌', '國中', '相關', '不一樣', '外向', '2023-05-25'),
(273, '女', 159, 180, 53, 106, 29, 98, '雙魚座', 'AB', '無', '小酌', '國中', '相關', '不一樣', '內向', '2023-05-25'),
(274, '男', 162, 199, 61, 86, 20, 52, '處女座', 'B', '無', '小酌', '高中', '相關', '一樣', '內向', '2023-05-25'),
(275, '男', 173, 187, 70, 76, 19, 78, '天秤座', 'O', '無', '酒豪', '高中', '不相關', '一樣', '內向', '2023-05-25'),
(276, '都可以', 154, 186, 65, 104, 19, 64, '處女座', 'AB', '有', '小酌', '國小', '相關', '不一樣', '外向', '2023-05-25'),
(277, '女', 171, 183, 55, 105, 22, 54, '巨蟹座', 'O', '有', '滴酒不沾', '國中', '不相關', '不一樣', '內向', '2023-05-25'),
(278, '女', 178, 198, 53, 105, 19, 52, '雙子座', 'A', '有', '滴酒不沾', '國小', '相關', '一樣', '內向', '2023-05-25'),
(279, '女', 156, 193, 60, 109, 26, 65, '雙魚座', 'O', '無', '酒豪', '學士', '相關', '一樣', '外向', '2023-05-25'),
(280, '女', 161, 187, 55, 88, 29, 70, '射手座', 'B', '有', '小酌', '高中', '相關', '一樣', '外向', '2023-05-25'),
(281, '男', 179, 186, 54, 107, 26, 56, '雙魚座', 'O', '無', '酒豪', '高中', '相關', '一樣', '外向', '2023-05-25'),
(282, '女', 166, 198, 45, 74, 23, 41, '牡羊座', 'B', '無', '滴酒不沾', '國中', '不相關', '不一樣', '內向', '2023-05-25'),
(283, '男', 156, 195, 54, 78, 22, 79, '處女座', 'B', '無', '小酌', '碩士', '不相關', '不一樣', '內向', '2023-05-25'),
(284, '都可以', 163, 183, 68, 98, 21, 99, '雙魚座', 'AB', '無', '酒豪', '博士', '不相關', '一樣', '外向', '2023-05-25'),
(285, '都可以', 177, 188, 56, 92, 23, 86, '天秤座', 'AB', '無', '滴酒不沾', '國小', '不相關', '不一樣', '外向', '2023-05-25'),
(286, '都可以', 179, 182, 59, 70, 20, 33, '巨蟹座', 'B', '有', '滴酒不沾', '高中', '不相關', '一樣', '內向', '2023-05-25'),
(287, '男', 164, 192, 64, 92, 27, 92, '金牛座', 'A', '無', '酒豪', '國中', '相關', '一樣', '內向', '2023-05-25'),
(288, '女', 160, 198, 53, 75, 30, 46, '獅子座', 'AB', '有', '小酌', '學士', '不相關', '一樣', '內向', '2023-05-25'),
(289, '女', 155, 195, 46, 103, 28, 65, '獅子座', 'B', '有', '小酌', '博士', '相關', '一樣', '外向', '2023-05-25'),
(290, '女', 177, 183, 42, 79, 18, 88, '射手座', 'B', '有', '滴酒不沾', '國中', '相關', '一樣', '外向', '2023-05-25'),
(291, '男', 174, 192, 40, 104, 26, 74, '水瓶座', 'AB', '有', '小酌', '博士', '不相關', '一樣', '外向', '2023-05-25'),
(292, '都可以', 170, 184, 65, 91, 22, 77, '巨蟹座', 'O', '無', '小酌', '國小', '不相關', '一樣', '外向', '2023-05-25'),
(293, '男', 150, 186, 67, 101, 27, 63, '魔羯座', 'A', '有', '酒豪', '高中', '不相關', '一樣', '內向', '2023-05-25'),
(294, '女', 155, 193, 68, 101, 24, 54, '處女座', 'A', '有', '滴酒不沾', '博士', '不相關', '不一樣', '外向', '2023-05-25'),
(295, '女', 153, 192, 55, 92, 22, 53, '牡羊座', 'A', '有', '滴酒不沾', '學士', '相關', '一樣', '外向', '2023-05-25'),
(296, '女', 167, 190, 48, 109, 21, 73, '魔羯座', 'A', '無', '滴酒不沾', '博士', '不相關', '不一樣', '內向', '2023-05-25'),
(297, '都可以', 156, 194, 48, 103, 22, 36, '處女座', 'AB', '無', '酒豪', '碩士', '相關', '不一樣', '內向', '2023-05-25'),
(298, '男', 154, 200, 67, 97, 18, 71, '牡羊座', 'O', '無', '滴酒不沾', '國小', '不相關', '不一樣', '外向', '2023-05-25'),
(299, '都可以', 165, 194, 61, 91, 18, 75, '天秤座', 'A', '有', '小酌', '國小', '相關', '不一樣', '外向', '2023-05-25'),
(300, '都可以', 178, 192, 58, 81, 19, 62, '天秤座', 'B', '有', '滴酒不沾', '博士', '相關', '一樣', '內向', '2023-05-25'),
(301, '男', 162, 200, 64, 100, 24, 55, '巨蟹座', 'A', '有', '小酌', '高中', '相關', '不一樣', '外向', '2023-05-25'),
(302, '都可以', 166, 180, 69, 76, 19, 58, '雙子座', 'O', '有', '酒豪', '學士', '相關', '一樣', '內向', '2023-05-25'),
(303, '女', 153, 200, 66, 100, 18, 98, '金牛座', 'AB', '無', '小酌', '國中', '不相關', '一樣', '內向', '2023-05-25'),
(304, '女', 160, 189, 70, 86, 29, 75, '雙魚座', 'A', '無', '滴酒不沾', '博士', '相關', '不一樣', '內向', '2023-05-25'),
(305, '都可以', 160, 188, 48, 106, 20, 49, '射手座', 'B', '有', '小酌', '碩士', '不相關', '一樣', '內向', '2023-05-25'),
(306, '都可以', 156, 186, 70, 78, 22, 62, '處女座', 'O', '無', '小酌', '國中', '相關', '一樣', '外向', '2023-05-25'),
(307, '女', 156, 198, 41, 88, 22, 64, '水瓶座', 'A', '無', '酒豪', '學士', '相關', '一樣', '外向', '2023-05-25'),
(308, '男', 168, 185, 54, 109, 24, 30, '雙子座', 'O', '無', '小酌', '國小', '相關', '一樣', '外向', '2023-05-25'),
(309, '女', 155, 186, 63, 103, 26, 74, '雙魚座', 'A', '有', '滴酒不沾', '高中', '相關', '不一樣', '外向', '2023-05-25'),
(310, '都可以', 153, 199, 55, 109, 26, 36, '水瓶座', 'O', '有', '酒豪', '高中', '不相關', '一樣', '外向', '2023-05-25'),
(311, '女', 176, 187, 56, 83, 20, 70, '雙魚座', 'B', '有', '滴酒不沾', '國中', '不相關', '一樣', '內向', '2023-05-25'),
(312, '女', 170, 186, 47, 107, 19, 73, '天蠍座', 'A', '無', '酒豪', '學士', '相關', '不一樣', '外向', '2023-05-25'),
(313, '都可以', 151, 198, 48, 82, 30, 53, '巨蟹座', 'O', '無', '酒豪', '國中', '相關', '不一樣', '內向', '2023-05-25'),
(314, '男', 160, 184, 44, 93, 24, 88, '獅子座', 'A', '無', '酒豪', '高中', '不相關', '不一樣', '內向', '2023-05-25'),
(315, '女', 150, 181, 47, 99, 24, 40, '射手座', 'B', '有', '酒豪', '博士', '不相關', '一樣', '內向', '2023-05-25'),
(316, '男', 178, 182, 65, 89, 18, 48, '巨蟹座', 'AB', '無', '滴酒不沾', '碩士', '相關', '一樣', '外向', '2023-05-25'),
(317, '都可以', 164, 192, 69, 101, 29, 89, '魔羯座', 'AB', '無', '酒豪', '碩士', '不相關', '一樣', '外向', '2023-05-25'),
(318, '都可以', 160, 187, 55, 83, 19, 57, '雙子座', 'O', '無', '小酌', '高中', '不相關', '一樣', '外向', '2023-05-25'),
(319, '女', 169, 180, 49, 92, 18, 61, '射手座', 'A', '有', '酒豪', '國中', '相關', '一樣', '外向', '2023-05-25'),
(320, '女', 167, 198, 41, 73, 26, 36, '雙魚座', 'AB', '有', '滴酒不沾', '國小', '相關', '一樣', '內向', '2023-05-25'),
(321, '男', 162, 190, 43, 109, 22, 35, '金牛座', 'A', '無', '滴酒不沾', '博士', '相關', '不一樣', '內向', '2023-05-25'),
(322, '女', 180, 180, 50, 106, 26, 37, '獅子座', 'AB', '有', '酒豪', '高中', '不相關', '不一樣', '內向', '2023-05-25'),
(323, '女', 174, 181, 63, 90, 21, 52, '牡羊座', 'B', '無', '酒豪', '博士', '不相關', '一樣', '內向', '2023-05-25'),
(324, '女', 159, 190, 69, 82, 22, 49, '射手座', 'AB', '無', '小酌', '高中', '不相關', '一樣', '內向', '2023-05-25'),
(325, '女', 177, 180, 64, 110, 19, 59, '水瓶座', 'O', '有', '滴酒不沾', '國小', '不相關', '一樣', '內向', '2023-05-25'),
(326, '女', 165, 180, 50, 100, 21, 48, '水瓶座', 'A', '無', '小酌', '國中', '不相關', '不一樣', '內向', '2023-05-25'),
(327, '女', 151, 195, 57, 81, 20, 35, '魔羯座', 'B', '有', '滴酒不沾', '博士', '不相關', '不一樣', '外向', '2023-05-25'),
(328, '男', 169, 191, 48, 81, 30, 70, '水瓶座', 'AB', '無', '酒豪', '國中', '相關', '不一樣', '外向', '2023-05-25'),
(329, '都可以', 158, 185, 42, 99, 22, 74, '雙魚座', 'O', '有', '酒豪', '學士', '相關', '不一樣', '內向', '2023-05-25'),
(330, '女', 166, 183, 48, 76, 30, 61, '天蠍座', 'O', '有', '小酌', '國中', '不相關', '一樣', '內向', '2023-05-25'),
(331, '女', 163, 189, 51, 86, 28, 53, '魔羯座', 'B', '有', '滴酒不沾', '碩士', '相關', '一樣', '內向', '2023-05-25'),
(332, '女', 175, 200, 64, 79, 18, 53, '魔羯座', 'A', '無', '滴酒不沾', '國小', '不相關', '一樣', '外向', '2023-05-25'),
(333, '都可以', 159, 193, 40, 108, 28, 76, '牡羊座', 'AB', '無', '酒豪', '碩士', '不相關', '一樣', '內向', '2023-05-25'),
(334, '女', 157, 187, 64, 79, 29, 49, '牡羊座', 'A', '無', '滴酒不沾', '學士', '不相關', '不一樣', '外向', '2023-05-25'),
(335, '男', 169, 186, 45, 87, 30, 58, '魔羯座', 'O', '無', '小酌', '高中', '相關', '一樣', '內向', '2023-05-25'),
(336, '都可以', 155, 199, 65, 104, 19, 44, '處女座', 'B', '有', '小酌', '國中', '相關', '不一樣', '內向', '2023-05-25'),
(337, '女', 176, 190, 65, 83, 27, 85, '獅子座', 'B', '有', '滴酒不沾', '國小', '不相關', '不一樣', '外向', '2023-05-25'),
(338, '都可以', 165, 183, 57, 84, 22, 51, '金牛座', 'A', '無', '小酌', '國中', '不相關', '不一樣', '外向', '2023-05-25'),
(339, '男', 176, 186, 56, 83, 24, 42, '處女座', 'AB', '無', '酒豪', '博士', '相關', '一樣', '外向', '2023-05-25'),
(340, '女', 169, 191, 62, 106, 24, 97, '魔羯座', 'B', '有', '滴酒不沾', '國小', '不相關', '不一樣', '外向', '2023-05-25'),
(341, '女', 160, 196, 66, 104, 30, 47, '處女座', 'O', '有', '酒豪', '國小', '不相關', '一樣', '外向', '2023-05-25'),
(342, '男', 172, 200, 67, 107, 23, 55, '雙子座', 'O', '無', '小酌', '國中', '相關', '不一樣', '內向', '2023-05-25'),
(343, '女', 157, 187, 63, 76, 21, 35, '處女座', 'O', '無', '酒豪', '國小', '相關', '不一樣', '外向', '2023-05-25'),
(344, '女', 157, 191, 46, 84, 19, 49, '射手座', 'O', '無', '滴酒不沾', '碩士', '相關', '一樣', '外向', '2023-05-25'),
(345, '男', 162, 194, 57, 108, 25, 42, '天秤座', 'B', '無', '酒豪', '碩士', '相關', '不一樣', '外向', '2023-05-25'),
(346, '男', 168, 195, 67, 108, 24, 33, '射手座', 'B', '無', '酒豪', '博士', '相關', '一樣', '外向', '2023-05-25'),
(347, '都可以', 159, 198, 64, 79, 27, 82, '天蠍座', 'A', '無', '酒豪', '國中', '不相關', '一樣', '外向', '2023-05-25'),
(348, '男', 179, 188, 55, 75, 21, 66, '天秤座', 'A', '無', '小酌', '博士', '不相關', '不一樣', '外向', '2023-05-25'),
(349, '男', 155, 186, 69, 82, 21, 54, '射手座', 'B', '有', '小酌', '學士', '不相關', '一樣', '外向', '2023-05-25'),
(350, '都可以', 178, 197, 48, 88, 23, 46, '雙子座', 'A', '有', '小酌', '學士', '不相關', '不一樣', '內向', '2023-05-25'),
(351, '女', 165, 196, 62, 90, 21, 35, '處女座', 'AB', '有', '小酌', '國中', '相關', '一樣', '外向', '2023-05-25'),
(352, '男', 180, 190, 62, 99, 18, 79, '金牛座', 'B', '無', '酒豪', '高中', '不相關', '一樣', '外向', '2023-05-25'),
(353, '都可以', 153, 200, 66, 98, 21, 50, '獅子座', 'A', '有', '滴酒不沾', '學士', '相關', '不一樣', '內向', '2023-05-25'),
(354, '女', 158, 193, 58, 97, 23, 52, '巨蟹座', 'AB', '無', '小酌', '國小', '不相關', '不一樣', '內向', '2023-05-25'),
(355, '男', 164, 190, 45, 100, 20, 82, '天秤座', 'O', '有', '小酌', '高中', '不相關', '不一樣', '外向', '2023-05-25'),
(356, '都可以', 180, 194, 61, 105, 29, 82, '巨蟹座', 'O', '有', '酒豪', '博士', '不相關', '一樣', '內向', '2023-05-25'),
(357, '都可以', 180, 191, 55, 86, 26, 62, '雙子座', 'AB', '無', '酒豪', '學士', '相關', '一樣', '外向', '2023-05-25'),
(358, '都可以', 176, 182, 66, 101, 26, 34, '獅子座', 'O', '無', '酒豪', '博士', '相關', '不一樣', '外向', '2023-05-25'),
(359, '女', 176, 185, 51, 86, 23, 96, '金牛座', 'B', '有', '小酌', '學士', '相關', '不一樣', '內向', '2023-05-25'),
(360, '男', 175, 196, 44, 103, 20, 66, '雙魚座', 'B', '無', '滴酒不沾', '國小', '不相關', '不一樣', '內向', '2023-05-25'),
(361, '女', 175, 185, 64, 74, 24, 85, '水瓶座', 'AB', '有', '酒豪', '國中', '相關', '一樣', '內向', '2023-05-25'),
(362, '女', 170, 183, 64, 83, 18, 53, '巨蟹座', 'A', '無', '酒豪', '學士', '不相關', '一樣', '內向', '2023-05-25'),
(363, '女', 161, 188, 45, 93, 26, 53, '天秤座', 'B', '有', '酒豪', '國小', '不相關', '不一樣', '內向', '2023-05-25'),
(364, '女', 157, 200, 41, 107, 22, 76, '天蠍座', 'B', '無', '酒豪', '碩士', '相關', '一樣', '內向', '2023-05-25'),
(365, '男', 166, 191, 66, 100, 25, 50, '天蠍座', 'B', '有', '滴酒不沾', '國中', '相關', '一樣', '內向', '2023-05-25'),
(366, '女', 153, 191, 63, 72, 27, 65, '雙子座', 'A', '無', '滴酒不沾', '學士', '相關', '不一樣', '外向', '2023-05-25'),
(367, '女', 174, 192, 56, 73, 20, 73, '射手座', 'AB', '無', '小酌', '碩士', '不相關', '不一樣', '外向', '2023-05-25'),
(368, '女', 174, 185, 48, 80, 26, 68, '巨蟹座', 'B', '無', '酒豪', '國中', '相關', '不一樣', '外向', '2023-05-25'),
(369, '都可以', 152, 185, 69, 84, 26, 95, '金牛座', 'A', '有', '滴酒不沾', '學士', '不相關', '不一樣', '內向', '2023-05-25'),
(370, '男', 164, 190, 42, 71, 22, 96, '雙子座', 'B', '有', '酒豪', '國小', '相關', '一樣', '內向', '2023-05-25'),
(371, '都可以', 175, 191, 65, 95, 29, 97, '雙子座', 'A', '有', '酒豪', '國小', '不相關', '一樣', '外向', '2023-05-25'),
(372, '女', 169, 182, 49, 89, 22, 95, '雙子座', 'O', '無', '滴酒不沾', '碩士', '相關', '一樣', '內向', '2023-05-25'),
(373, '男', 169, 186, 59, 91, 30, 85, '水瓶座', 'B', '無', '滴酒不沾', '博士', '不相關', '不一樣', '內向', '2023-05-25'),
(374, '男', 178, 195, 41, 70, 30, 38, '獅子座', 'AB', '有', '小酌', '高中', '不相關', '不一樣', '內向', '2023-05-25'),
(375, '男', 165, 196, 67, 91, 28, 49, '處女座', 'O', '無', '酒豪', '國中', '相關', '一樣', '外向', '2023-05-25'),
(376, '女', 156, 193, 61, 94, 19, 30, '獅子座', 'O', '有', '滴酒不沾', '高中', '不相關', '一樣', '外向', '2023-05-25'),
(377, '都可以', 156, 193, 52, 87, 21, 45, '魔羯座', 'AB', '無', '滴酒不沾', '國中', '相關', '不一樣', '外向', '2023-05-25'),
(378, '都可以', 172, 195, 52, 102, 30, 33, '天秤座', 'A', '有', '小酌', '國中', '相關', '一樣', '外向', '2023-05-25'),
(379, '都可以', 150, 186, 49, 109, 18, 73, '天秤座', 'O', '無', '小酌', '高中', '相關', '不一樣', '外向', '2023-05-25'),
(380, '都可以', 174, 195, 63, 101, 21, 93, '射手座', 'O', '有', '小酌', '博士', '不相關', '一樣', '外向', '2023-05-25'),
(381, '男', 153, 190, 65, 83, 19, 74, '處女座', 'A', '有', '酒豪', '博士', '相關', '一樣', '外向', '2023-05-25'),
(382, '男', 151, 184, 70, 83, 29, 62, '巨蟹座', 'B', '無', '小酌', '學士', '不相關', '一樣', '外向', '2023-05-25'),
(383, '男', 173, 183, 66, 92, 18, 60, '金牛座', 'O', '有', '酒豪', '博士', '不相關', '一樣', '外向', '2023-05-25'),
(384, '女', 154, 199, 44, 74, 24, 84, '水瓶座', 'B', '有', '滴酒不沾', '碩士', '不相關', '一樣', '外向', '2023-05-25'),
(385, '都可以', 178, 182, 60, 90, 25, 67, '水瓶座', 'O', '無', '小酌', '碩士', '不相關', '不一樣', '外向', '2023-05-25'),
(386, '都可以', 158, 188, 56, 109, 21, 54, '牡羊座', 'A', '無', '小酌', '學士', '相關', '一樣', '內向', '2023-05-25'),
(387, '男', 174, 192, 57, 70, 26, 39, '射手座', 'AB', '有', '滴酒不沾', '碩士', '不相關', '一樣', '外向', '2023-05-25'),
(388, '女', 164, 200, 43, 86, 23, 77, '處女座', 'B', '有', '滴酒不沾', '國中', '不相關', '不一樣', '外向', '2023-05-25'),
(389, '都可以', 155, 192, 51, 85, 19, 95, '雙魚座', 'O', '有', '小酌', '高中', '不相關', '不一樣', '外向', '2023-05-25'),
(390, '女', 173, 193, 44, 89, 22, 73, '雙魚座', 'O', '有', '滴酒不沾', '國小', '相關', '一樣', '外向', '2023-05-25'),
(391, '女', 160, 192, 44, 98, 23, 50, '水瓶座', 'A', '無', '酒豪', '國小', '相關', '不一樣', '外向', '2023-05-25'),
(392, '都可以', 168, 189, 68, 91, 18, 74, '獅子座', 'B', '無', '滴酒不沾', '國小', '相關', '不一樣', '內向', '2023-05-25'),
(393, '男', 174, 192, 45, 72, 30, 47, '魔羯座', 'O', '有', '小酌', '碩士', '相關', '一樣', '外向', '2023-05-25'),
(394, '都可以', 151, 180, 68, 92, 27, 55, '牡羊座', 'A', '無', '小酌', '學士', '相關', '不一樣', '外向', '2023-05-25'),
(395, '女', 164, 197, 40, 96, 26, 34, '金牛座', 'AB', '有', '小酌', '學士', '不相關', '不一樣', '外向', '2023-05-25'),
(396, '都可以', 168, 181, 45, 74, 18, 47, '獅子座', 'A', '無', '酒豪', '博士', '不相關', '一樣', '外向', '2023-05-25'),
(397, '都可以', 162, 183, 49, 109, 21, 32, '天蠍座', 'B', '無', '酒豪', '國小', '相關', '一樣', '內向', '2023-05-25'),
(398, '女', 159, 180, 66, 109, 22, 60, '天秤座', 'O', '無', '酒豪', '國小', '相關', '一樣', '外向', '2023-05-25'),
(399, '男', 162, 194, 64, 109, 28, 34, '巨蟹座', 'B', '有', '酒豪', '高中', '相關', '一樣', '內向', '2023-05-25'),
(400, '女', 154, 182, 48, 91, 18, 100, '天蠍座', 'AB', '無', '酒豪', '學士', '相關', '不一樣', '內向', '2023-05-25'),
(401, '女', 169, 184, 54, 71, 27, 86, '雙魚座', 'B', '有', '小酌', '碩士', '不相關', '一樣', '內向', '2023-05-25'),
(402, '女', 162, 188, 55, 89, 25, 31, '金牛座', 'O', '有', '滴酒不沾', '碩士', '不相關', '一樣', '內向', '2023-05-25'),
(403, '都可以', 177, 183, 53, 71, 28, 78, '獅子座', 'AB', '無', '酒豪', '學士', '不相關', '一樣', '外向', '2023-05-25'),
(404, '男', 174, 199, 61, 83, 21, 56, '金牛座', 'A', '無', '酒豪', '高中', '不相關', '不一樣', '內向', '2023-05-25'),
(405, '都可以', 175, 192, 51, 103, 18, 89, '天蠍座', 'AB', '有', '小酌', '碩士', '相關', '一樣', '內向', '2023-05-25'),
(406, '男', 152, 196, 42, 107, 20, 31, '魔羯座', 'A', '無', '酒豪', '學士', '不相關', '不一樣', '外向', '2023-05-25'),
(407, '男', 161, 191, 57, 74, 27, 75, '金牛座', 'AB', '無', '滴酒不沾', '博士', '不相關', '不一樣', '內向', '2023-05-25'),
(408, '男', 163, 191, 58, 76, 21, 36, '雙魚座', 'O', '有', '酒豪', '學士', '相關', '一樣', '外向', '2023-05-25'),
(409, '都可以', 172, 192, 66, 97, 21, 70, '牡羊座', 'B', '無', '滴酒不沾', '高中', '相關', '不一樣', '外向', '2023-05-25'),
(410, '女', 158, 185, 46, 103, 22, 72, '獅子座', 'O', '有', '滴酒不沾', '博士', '不相關', '一樣', '內向', '2023-05-25'),
(411, '男', 163, 195, 57, 85, 29, 47, '獅子座', 'B', '有', '小酌', '國小', '不相關', '一樣', '外向', '2023-05-25'),
(412, '男', 178, 187, 45, 76, 25, 62, '天蠍座', 'B', '有', '小酌', '國中', '相關', '不一樣', '外向', '2023-05-25'),
(413, '都可以', 169, 191, 52, 102, 19, 68, '處女座', 'B', '有', '酒豪', '國中', '不相關', '一樣', '外向', '2023-05-25'),
(414, '女', 156, 197, 68, 82, 30, 54, '金牛座', 'B', '有', '滴酒不沾', '國中', '不相關', '一樣', '外向', '2023-05-25'),
(415, '女', 172, 181, 67, 71, 25, 34, '雙魚座', 'A', '無', '酒豪', '高中', '不相關', '一樣', '外向', '2023-05-25'),
(416, '女', 153, 185, 70, 93, 27, 52, '牡羊座', 'B', '有', '小酌', '高中', '相關', '一樣', '內向', '2023-05-25'),
(417, '都可以', 170, 180, 49, 86, 18, 56, '金牛座', 'AB', '無', '滴酒不沾', '學士', '相關', '不一樣', '外向', '2023-05-25'),
(418, '女', 170, 187, 46, 83, 18, 96, '射手座', 'AB', '無', '滴酒不沾', '國中', '不相關', '一樣', '外向', '2023-05-25'),
(419, '男', 169, 199, 67, 80, 30, 70, '金牛座', 'A', '無', '小酌', '高中', '相關', '不一樣', '內向', '2023-05-25'),
(420, '男', 164, 187, 59, 92, 28, 33, '天秤座', 'A', '有', '小酌', '學士', '相關', '不一樣', '外向', '2023-05-25'),
(421, '都可以', 164, 186, 48, 74, 30, 65, '雙子座', 'AB', '有', '酒豪', '博士', '相關', '不一樣', '外向', '2023-05-25'),
(422, '男', 172, 199, 66, 104, 25, 56, '獅子座', 'O', '有', '滴酒不沾', '博士', '不相關', '不一樣', '內向', '2023-05-25'),
(423, '都可以', 178, 182, 46, 97, 29, 57, '天秤座', 'B', '無', '滴酒不沾', '學士', '相關', '不一樣', '內向', '2023-05-25'),
(424, '男', 166, 185, 54, 99, 25, 88, '獅子座', 'B', '有', '小酌', '博士', '相關', '不一樣', '內向', '2023-05-25'),
(425, '男', 155, 190, 53, 76, 22, 95, '金牛座', 'A', '有', '酒豪', '國小', '不相關', '不一樣', '外向', '2023-05-25'),
(426, '男', 167, 186, 65, 85, 29, 41, '天蠍座', 'O', '無', '滴酒不沾', '高中', '相關', '不一樣', '外向', '2023-05-25'),
(427, '都可以', 154, 191, 65, 110, 22, 33, '獅子座', 'AB', '無', '酒豪', '國小', '不相關', '一樣', '外向', '2023-05-25'),
(428, '女', 158, 199, 44, 106, 19, 85, '金牛座', 'O', '無', '小酌', '國小', '不相關', '一樣', '外向', '2023-05-25'),
(429, '男', 178, 188, 69, 73, 24, 80, '水瓶座', 'B', '有', '酒豪', '高中', '相關', '一樣', '內向', '2023-05-25'),
(430, '男', 151, 194, 53, 103, 21, 47, '射手座', 'A', '無', '小酌', '博士', '不相關', '一樣', '外向', '2023-05-25'),
(431, '男', 178, 200, 67, 102, 26, 36, '射手座', 'O', '有', '滴酒不沾', '國小', '相關', '一樣', '外向', '2023-05-25'),
(432, '女', 166, 181, 51, 95, 26, 80, '水瓶座', 'AB', '無', '酒豪', '國中', '不相關', '不一樣', '外向', '2023-05-25'),
(433, '都可以', 180, 195, 44, 98, 20, 50, '射手座', 'B', '無', '酒豪', '博士', '不相關', '一樣', '內向', '2023-05-25'),
(434, '男', 160, 197, 70, 86, 19, 50, '水瓶座', 'B', '無', '小酌', '碩士', '相關', '不一樣', '內向', '2023-05-25'),
(435, '女', 175, 197, 52, 96, 30, 70, '天秤座', 'B', '無', '小酌', '博士', '不相關', '不一樣', '外向', '2023-05-25'),
(436, '都可以', 150, 188, 56, 102, 25, 100, '巨蟹座', 'O', '無', '小酌', '學士', '不相關', '不一樣', '內向', '2023-05-25'),
(437, '都可以', 176, 191, 61, 79, 29, 49, '牡羊座', 'A', '有', '滴酒不沾', '博士', '不相關', '一樣', '內向', '2023-05-25'),
(438, '都可以', 151, 193, 57, 71, 27, 56, '牡羊座', 'AB', '有', '小酌', '碩士', '不相關', '不一樣', '內向', '2023-05-25'),
(439, '女', 177, 187, 45, 82, 18, 32, '魔羯座', 'AB', '無', '小酌', '高中', '相關', '一樣', '外向', '2023-05-25'),
(440, '男', 162, 194, 64, 93, 18, 33, '巨蟹座', 'A', '無', '滴酒不沾', '國小', '不相關', '一樣', '外向', '2023-05-25'),
(441, '都可以', 171, 181, 61, 101, 18, 39, '天蠍座', 'A', '無', '滴酒不沾', '國中', '相關', '一樣', '內向', '2023-05-25'),
(442, '都可以', 158, 181, 60, 81, 30, 69, '巨蟹座', 'A', '有', '酒豪', '高中', '相關', '一樣', '內向', '2023-05-25'),
(443, '男', 159, 198, 67, 76, 29, 55, '雙魚座', 'O', '有', '滴酒不沾', '學士', '不相關', '不一樣', '內向', '2023-05-25'),
(444, '男', 179, 186, 56, 77, 22, 39, '金牛座', 'B', '有', '酒豪', '碩士', '不相關', '一樣', '內向', '2023-05-25'),
(445, '女', 176, 181, 67, 92, 18, 73, '射手座', 'A', '有', '滴酒不沾', '博士', '不相關', '不一樣', '外向', '2023-05-25'),
(446, '男', 175, 199, 44, 104, 21, 76, '射手座', 'A', '有', '小酌', '國中', '不相關', '一樣', '外向', '2023-05-25'),
(447, '女', 165, 183, 65, 79, 19, 59, '巨蟹座', 'AB', '無', '滴酒不沾', '博士', '相關', '不一樣', '外向', '2023-05-25'),
(448, '都可以', 168, 189, 43, 105, 30, 38, '金牛座', 'O', '有', '小酌', '學士', '不相關', '不一樣', '外向', '2023-05-25'),
(449, '都可以', 174, 196, 70, 105, 24, 54, '牡羊座', 'A', '無', '小酌', '國小', '不相關', '一樣', '外向', '2023-05-25'),
(450, '男', 154, 196, 61, 109, 23, 57, '巨蟹座', 'O', '無', '小酌', '國小', '相關', '一樣', '內向', '2023-05-25'),
(451, '女', 173, 183, 46, 108, 25, 92, '金牛座', 'A', '無', '滴酒不沾', '學士', '相關', '不一樣', '內向', '2023-05-25'),
(452, '女', 151, 191, 58, 105, 26, 46, '雙子座', 'B', '有', '小酌', '碩士', '不相關', '不一樣', '外向', '2023-05-25'),
(453, '女', 174, 193, 54, 83, 23, 67, '天蠍座', 'AB', '有', '酒豪', '碩士', '相關', '不一樣', '內向', '2023-05-25'),
(454, '女', 154, 187, 58, 109, 21, 98, '獅子座', 'A', '有', '小酌', '國小', '相關', '一樣', '內向', '2023-05-25'),
(455, '女', 170, 195, 57, 104, 18, 46, '處女座', 'B', '無', '滴酒不沾', '高中', '相關', '不一樣', '外向', '2023-05-25'),
(456, '男', 158, 191, 64, 101, 23, 48, '天蠍座', 'B', '無', '酒豪', '碩士', '相關', '一樣', '內向', '2023-05-25'),
(457, '男', 167, 189, 50, 77, 29, 73, '魔羯座', 'A', '無', '小酌', '碩士', '不相關', '一樣', '內向', '2023-05-25'),
(458, '女', 173, 188, 44, 76, 22, 50, '射手座', 'AB', '無', '小酌', '博士', '相關', '一樣', '內向', '2023-05-25'),
(459, '男', 168, 187, 46, 108, 18, 72, '處女座', 'O', '無', '滴酒不沾', '高中', '相關', '一樣', '內向', '2023-05-25'),
(460, '男', 156, 181, 47, 79, 21, 36, '天秤座', 'A', '有', '酒豪', '博士', '相關', '一樣', '外向', '2023-05-25'),
(461, '都可以', 155, 180, 60, 72, 18, 80, '巨蟹座', 'O', '有', '滴酒不沾', '國中', '不相關', '一樣', '外向', '2023-05-25'),
(462, '女', 177, 180, 58, 79, 23, 47, '天秤座', 'AB', '有', '滴酒不沾', '高中', '相關', '不一樣', '內向', '2023-05-25'),
(463, '男', 170, 199, 51, 91, 29, 39, '牡羊座', 'AB', '無', '滴酒不沾', '高中', '相關', '不一樣', '外向', '2023-05-25'),
(464, '男', 155, 189, 54, 86, 19, 93, '射手座', 'A', '無', '滴酒不沾', '學士', '相關', '不一樣', '外向', '2023-05-25'),
(465, '女', 161, 199, 51, 75, 18, 37, '天秤座', 'AB', '有', '小酌', '學士', '不相關', '不一樣', '外向', '2023-05-25'),
(466, '男', 172, 185, 43, 76, 29, 90, '牡羊座', 'O', '無', '滴酒不沾', '國小', '不相關', '一樣', '外向', '2023-05-25'),
(467, '都可以', 174, 187, 55, 104, 20, 94, '水瓶座', 'AB', '無', '酒豪', '博士', '不相關', '一樣', '內向', '2023-05-25'),
(468, '女', 151, 189, 62, 98, 22, 31, '牡羊座', 'A', '有', '滴酒不沾', '學士', '不相關', '不一樣', '內向', '2023-05-25'),
(469, '女', 164, 197, 40, 106, 22, 54, '雙魚座', 'A', '無', '滴酒不沾', '國小', '不相關', '一樣', '外向', '2023-05-25'),
(470, '女', 178, 194, 55, 76, 23, 78, '金牛座', 'B', '有', '酒豪', '國中', '相關', '一樣', '內向', '2023-05-25'),
(471, '男', 158, 191, 48, 73, 22, 55, '魔羯座', 'AB', '無', '滴酒不沾', '學士', '相關', '一樣', '外向', '2023-05-25'),
(472, '男', 153, 184, 68, 86, 20, 83, '魔羯座', 'B', '無', '小酌', '博士', '不相關', '不一樣', '內向', '2023-05-25'),
(473, '男', 161, 184, 66, 94, 18, 79, '射手座', 'O', '有', '滴酒不沾', '博士', '不相關', '一樣', '外向', '2023-05-25'),
(474, '女', 166, 187, 47, 97, 25, 47, '金牛座', 'A', '有', '小酌', '國小', '不相關', '不一樣', '外向', '2023-05-25'),
(475, '都可以', 174, 186, 54, 105, 29, 36, '獅子座', 'O', '有', '滴酒不沾', '高中', '相關', '不一樣', '內向', '2023-05-25'),
(476, '都可以', 154, 189, 50, 85, 25, 84, '巨蟹座', 'B', '無', '小酌', '碩士', '相關', '不一樣', '內向', '2023-05-25'),
(477, '男', 160, 189, 66, 75, 20, 69, '雙魚座', 'O', '無', '小酌', '碩士', '不相關', '一樣', '內向', '2023-05-25'),
(478, '男', 171, 187, 66, 99, 22, 62, '雙子座', 'O', '有', '酒豪', '學士', '不相關', '不一樣', '外向', '2023-05-25'),
(479, '都可以', 166, 186, 61, 78, 20, 73, '水瓶座', 'AB', '無', '小酌', '碩士', '不相關', '不一樣', '外向', '2023-05-25'),
(480, '女', 169, 193, 45, 79, 27, 81, '牡羊座', 'B', '有', '滴酒不沾', '學士', '不相關', '不一樣', '內向', '2023-05-25'),
(481, '都可以', 175, 184, 64, 72, 22, 85, '射手座', 'O', '無', '滴酒不沾', '碩士', '不相關', '不一樣', '外向', '2023-05-25'),
(482, '都可以', 178, 181, 53, 103, 22, 80, '雙子座', 'AB', '無', '滴酒不沾', '國小', '不相關', '不一樣', '內向', '2023-05-25'),
(483, '都可以', 164, 191, 64, 94, 27, 45, '獅子座', 'B', '有', '滴酒不沾', '國中', '相關', '一樣', '外向', '2023-05-25'),
(484, '女', 166, 186, 67, 98, 25, 98, '牡羊座', 'O', '有', '酒豪', '博士', '相關', '不一樣', '外向', '2023-05-25'),
(485, '都可以', 177, 195, 58, 73, 27, 40, '天秤座', 'A', '有', '小酌', '高中', '不相關', '不一樣', '內向', '2023-05-25'),
(486, '女', 180, 183, 68, 71, 18, 91, '射手座', 'B', '有', '滴酒不沾', '碩士', '不相關', '一樣', '外向', '2023-05-25'),
(487, '男', 180, 195, 64, 97, 29, 94, '金牛座', 'O', '無', '小酌', '國小', '相關', '不一樣', '內向', '2023-05-25'),
(488, '男', 154, 189, 68, 85, 21, 94, '雙魚座', 'B', '有', '酒豪', '國小', '不相關', '一樣', '外向', '2023-05-25'),
(489, '都可以', 174, 184, 65, 83, 27, 89, '天蠍座', 'O', '有', '酒豪', '國中', '不相關', '一樣', '外向', '2023-05-25'),
(490, '男', 167, 192, 70, 78, 26, 63, '天蠍座', 'AB', '無', '滴酒不沾', '碩士', '不相關', '不一樣', '外向', '2023-05-25'),
(491, '男', 156, 188, 40, 91, 22, 90, '雙魚座', 'B', '有', '小酌', '國中', '相關', '一樣', '內向', '2023-05-25'),
(492, '女', 176, 180, 41, 98, 26, 87, '處女座', 'A', '無', '酒豪', '國中', '相關', '不一樣', '內向', '2023-05-25'),
(493, '都可以', 153, 189, 60, 89, 21, 64, '獅子座', 'B', '有', '酒豪', '碩士', '不相關', '一樣', '外向', '2023-05-25'),
(494, '都可以', 158, 186, 69, 107, 23, 31, '射手座', 'B', '有', '小酌', '高中', '相關', '不一樣', '外向', '2023-05-25'),
(495, '女', 169, 187, 44, 82, 20, 75, '處女座', 'A', '有', '小酌', '博士', '相關', '不一樣', '內向', '2023-05-25'),
(496, '都可以', 152, 199, 53, 88, 26, 38, '魔羯座', 'A', '有', '滴酒不沾', '國小', '不相關', '一樣', '外向', '2023-05-25'),
(497, '男', 175, 187, 48, 71, 28, 80, '天秤座', 'AB', '有', '小酌', '博士', '不相關', '一樣', '內向', '2023-05-25'),
(498, '都可以', 156, 185, 54, 86, 19, 44, '巨蟹座', 'AB', '無', '小酌', '高中', '相關', '一樣', '內向', '2023-05-25');
INSERT INTO `datings` (`member_id`, `i_gender`, `i_height_low`, `i_height_high`, `i_weight_low`, `i_weight_high`, `i_age_min`, `i_age_max`, `i_zodiac`, `i_bloodtype`, `i_alchohol`, `i_smoke`, `i_education_level`, `i_job`, `i_hobby`, `i_character`, `create_at`) VALUES
(499, '女', 154, 199, 65, 102, 18, 93, '水瓶座', 'AB', '無', '酒豪', '博士', '相關', '一樣', '外向', '2023-05-25'),
(500, '都可以', 161, 194, 51, 96, 18, 91, '天秤座', 'AB', '有', '滴酒不沾', '高中', '不相關', '一樣', '外向', '2023-05-25'),
(501, '女', 172, 196, 62, 73, 29, 73, '雙魚座', 'O', '有', '滴酒不沾', '博士', '不相關', '不一樣', '外向', '2023-05-25'),
(502, '女', 178, 188, 57, 89, 20, 65, '牡羊座', 'AB', '有', '酒豪', '國中', '不相關', '不一樣', '外向', '2023-05-25'),
(503, '女', 164, 183, 48, 76, 25, 77, '射手座', 'AB', '有', '滴酒不沾', '國小', '相關', '一樣', '內向', '2023-05-25'),
(504, '男', 175, 196, 48, 102, 18, 88, '巨蟹座', 'A', '有', '滴酒不沾', '學士', '不相關', '不一樣', '內向', '2023-05-25'),
(505, '女', 159, 187, 50, 110, 26, 36, '水瓶座', 'A', '無', '小酌', '學士', '不相關', '一樣', '內向', '2023-05-25'),
(506, '女', 163, 199, 56, 72, 20, 30, '獅子座', 'B', '有', '小酌', '學士', '不相關', '一樣', '外向', '2023-05-25'),
(507, '都可以', 169, 199, 46, 82, 18, 82, '射手座', 'A', '有', '酒豪', '國小', '相關', '一樣', '內向', '2023-05-25'),
(508, '女', 156, 192, 62, 102, 24, 80, '巨蟹座', 'AB', '無', '小酌', '國中', '不相關', '不一樣', '內向', '2023-05-25'),
(509, '女', 175, 182, 47, 76, 24, 51, '水瓶座', 'A', '無', '酒豪', '國小', '不相關', '不一樣', '內向', '2023-05-25'),
(510, '女', 179, 199, 61, 102, 18, 56, '水瓶座', 'O', '無', '滴酒不沾', '學士', '相關', '不一樣', '外向', '2023-05-25'),
(511, '女', 170, 181, 60, 85, 27, 96, '處女座', 'B', '無', '酒豪', '學士', '相關', '一樣', '外向', '2023-05-25'),
(512, '男', 178, 184, 52, 89, 26, 73, '巨蟹座', 'B', '有', '小酌', '博士', '相關', '一樣', '外向', '2023-05-25'),
(513, '男', 179, 197, 59, 105, 28, 46, '魔羯座', 'A', '無', '酒豪', '碩士', '不相關', '不一樣', '外向', '2023-05-25'),
(514, '都可以', 151, 194, 42, 80, 19, 55, '魔羯座', 'A', '有', '滴酒不沾', '國中', '不相關', '一樣', '外向', '2023-05-25'),
(515, '男', 153, 188, 57, 84, 19, 33, '魔羯座', 'AB', '有', '酒豪', '博士', '不相關', '一樣', '內向', '2023-05-25'),
(516, '女', 151, 180, 51, 86, 19, 42, '魔羯座', 'A', '無', '滴酒不沾', '學士', '不相關', '不一樣', '外向', '2023-05-25'),
(517, '女', 156, 183, 63, 72, 24, 82, '雙魚座', 'O', '無', '小酌', '國中', '不相關', '不一樣', '外向', '2023-05-25'),
(518, '女', 160, 199, 47, 93, 19, 40, '魔羯座', 'O', '無', '酒豪', '學士', '相關', '一樣', '內向', '2023-05-25'),
(519, '女', 150, 198, 69, 86, 30, 67, '雙子座', 'A', '無', '小酌', '高中', '相關', '不一樣', '外向', '2023-05-25'),
(520, '女', 156, 189, 63, 70, 24, 42, '射手座', 'AB', '無', '小酌', '國中', '不相關', '不一樣', '內向', '2023-05-25'),
(521, '男', 172, 195, 59, 80, 27, 53, '天秤座', 'B', '有', '滴酒不沾', '碩士', '相關', '不一樣', '內向', '2023-05-25'),
(522, '女', 174, 181, 63, 82, 30, 38, '巨蟹座', 'AB', '無', '滴酒不沾', '博士', '相關', '不一樣', '內向', '2023-05-25'),
(523, '都可以', 169, 200, 68, 77, 28, 72, '金牛座', 'A', '有', '小酌', '國小', '不相關', '一樣', '外向', '2023-05-25'),
(524, '都可以', 159, 199, 44, 103, 19, 74, '雙子座', 'AB', '有', '酒豪', '碩士', '相關', '一樣', '外向', '2023-05-25'),
(525, '女', 166, 196, 45, 107, 20, 56, '雙魚座', 'O', '無', '滴酒不沾', '博士', '相關', '不一樣', '內向', '2023-05-25'),
(526, '女', 171, 200, 68, 96, 24, 97, '雙魚座', 'O', '無', '滴酒不沾', '國中', '相關', '一樣', '內向', '2023-05-25'),
(527, '男', 165, 195, 45, 88, 28, 75, '巨蟹座', 'A', '有', '酒豪', '國中', '相關', '不一樣', '內向', '2023-05-25'),
(528, '都可以', 164, 186, 44, 73, 27, 57, '水瓶座', 'B', '無', '小酌', '國小', '不相關', '一樣', '內向', '2023-05-25'),
(529, '都可以', 164, 187, 59, 84, 21, 99, '金牛座', 'B', '無', '小酌', '學士', '不相關', '不一樣', '外向', '2023-05-25'),
(530, '女', 179, 190, 64, 92, 20, 80, '獅子座', 'A', '無', '小酌', '學士', '相關', '一樣', '內向', '2023-05-25'),
(531, '都可以', 155, 181, 69, 88, 30, 76, '射手座', 'AB', '無', '酒豪', '高中', '不相關', '一樣', '內向', '2023-05-25'),
(532, '都可以', 172, 195, 50, 102, 21, 37, '處女座', 'A', '無', '小酌', '國小', '不相關', '不一樣', '內向', '2023-05-25'),
(533, '都可以', 161, 196, 63, 94, 24, 72, '獅子座', 'A', '無', '酒豪', '高中', '相關', '一樣', '外向', '2023-05-25'),
(534, '都可以', 151, 188, 56, 75, 27, 78, '天蠍座', 'O', '有', '酒豪', '國中', '相關', '一樣', '外向', '2023-05-25'),
(535, '女', 177, 194, 50, 72, 19, 74, '牡羊座', 'A', '無', '酒豪', '博士', '相關', '一樣', '內向', '2023-05-25'),
(536, '女', 176, 194, 63, 73, 21, 34, '射手座', 'AB', '無', '滴酒不沾', '博士', '不相關', '不一樣', '內向', '2023-05-25'),
(537, '都可以', 158, 180, 65, 101, 20, 61, '牡羊座', 'AB', '無', '酒豪', '國中', '相關', '不一樣', '內向', '2023-05-25'),
(538, '女', 159, 196, 57, 99, 18, 31, '處女座', 'A', '有', '滴酒不沾', '碩士', '相關', '不一樣', '外向', '2023-05-25'),
(539, '都可以', 176, 197, 69, 75, 26, 84, '牡羊座', 'AB', '有', '酒豪', '國小', '不相關', '不一樣', '內向', '2023-05-25'),
(540, '男', 164, 180, 44, 104, 18, 86, '雙子座', 'A', '有', '酒豪', '國中', '相關', '不一樣', '外向', '2023-05-25'),
(541, '都可以', 159, 193, 61, 95, 22, 79, '雙魚座', 'O', '無', '酒豪', '國小', '不相關', '不一樣', '內向', '2023-05-25'),
(542, '女', 180, 188, 45, 81, 26, 35, '牡羊座', 'A', '有', '酒豪', '博士', '相關', '一樣', '外向', '2023-05-25'),
(543, '都可以', 179, 181, 42, 78, 22, 49, '天秤座', 'A', '無', '滴酒不沾', '博士', '相關', '一樣', '外向', '2023-05-25'),
(544, '都可以', 162, 180, 57, 90, 26, 41, '金牛座', 'O', '無', '滴酒不沾', '國小', '相關', '一樣', '內向', '2023-05-25'),
(545, '都可以', 161, 189, 55, 91, 21, 98, '雙魚座', 'B', '無', '酒豪', '國中', '相關', '不一樣', '內向', '2023-05-25'),
(546, '男', 157, 189, 49, 105, 22, 55, '天秤座', 'B', '有', '小酌', '碩士', '不相關', '不一樣', '內向', '2023-05-25'),
(547, '都可以', 155, 182, 62, 99, 30, 92, '雙魚座', 'B', '有', '小酌', '博士', '相關', '一樣', '外向', '2023-05-25'),
(548, '女', 163, 196, 66, 100, 26, 52, '巨蟹座', 'A', '無', '小酌', '高中', '相關', '一樣', '外向', '2023-05-25'),
(549, '都可以', 167, 196, 57, 108, 25, 96, '獅子座', 'O', '有', '小酌', '國中', '相關', '一樣', '外向', '2023-05-25'),
(550, '女', 174, 191, 66, 72, 30, 82, '雙子座', 'A', '有', '滴酒不沾', '碩士', '相關', '不一樣', '內向', '2023-05-25'),
(551, '女', 164, 198, 62, 94, 30, 93, '天蠍座', 'A', '無', '小酌', '國小', '不相關', '一樣', '外向', '2023-05-25'),
(552, '女', 175, 186, 41, 107, 29, 49, '雙魚座', 'B', '有', '小酌', '國中', '相關', '一樣', '外向', '2023-05-25'),
(553, '都可以', 152, 192, 54, 87, 26, 78, '射手座', 'O', '無', '滴酒不沾', '國中', '相關', '不一樣', '外向', '2023-05-25'),
(554, '男', 160, 182, 69, 76, 23, 71, '水瓶座', 'B', '有', '酒豪', '高中', '相關', '一樣', '內向', '2023-05-25'),
(555, '女', 160, 190, 49, 86, 22, 90, '處女座', 'AB', '無', '小酌', '高中', '相關', '一樣', '外向', '2023-05-25'),
(556, '女', 160, 186, 46, 75, 23, 66, '巨蟹座', 'AB', '無', '酒豪', '學士', '不相關', '不一樣', '內向', '2023-05-25'),
(557, '都可以', 178, 187, 70, 106, 19, 100, '雙子座', 'AB', '無', '小酌', '學士', '不相關', '一樣', '內向', '2023-05-25'),
(558, '女', 173, 199, 68, 84, 22, 62, '水瓶座', 'B', '無', '酒豪', '國小', '不相關', '不一樣', '外向', '2023-05-25'),
(559, '都可以', 165, 199, 40, 97, 21, 52, '雙子座', 'B', '無', '酒豪', '高中', '不相關', '不一樣', '內向', '2023-05-25'),
(560, '男', 153, 180, 58, 95, 22, 44, '魔羯座', 'B', '有', '滴酒不沾', '國中', '不相關', '一樣', '外向', '2023-05-25'),
(561, '女', 168, 197, 40, 95, 29, 36, '天秤座', 'B', '無', '小酌', '國小', '相關', '不一樣', '內向', '2023-05-25'),
(562, '女', 158, 190, 46, 107, 24, 86, '雙子座', 'O', '有', '滴酒不沾', '學士', '不相關', '不一樣', '內向', '2023-05-25'),
(563, '男', 172, 190, 41, 80, 29, 82, '天蠍座', 'A', '有', '小酌', '高中', '不相關', '一樣', '外向', '2023-05-25'),
(564, '都可以', 162, 200, 56, 84, 27, 49, '雙魚座', 'B', '無', '滴酒不沾', '國中', '不相關', '不一樣', '外向', '2023-05-25'),
(565, '男', 155, 186, 70, 83, 20, 43, '雙魚座', 'A', '無', '滴酒不沾', '學士', '不相關', '一樣', '內向', '2023-05-25'),
(566, '都可以', 158, 182, 51, 77, 29, 36, '射手座', 'AB', '有', '滴酒不沾', '學士', '相關', '不一樣', '外向', '2023-05-25'),
(567, '男', 171, 200, 50, 79, 25, 93, '牡羊座', 'AB', '無', '滴酒不沾', '國小', '不相關', '不一樣', '內向', '2023-05-25'),
(568, '女', 175, 198, 61, 79, 22, 45, '獅子座', 'O', '無', '酒豪', '博士', '相關', '一樣', '外向', '2023-05-25'),
(569, '都可以', 165, 193, 57, 74, 29, 58, '獅子座', 'O', '有', '酒豪', '國中', '不相關', '一樣', '內向', '2023-05-25'),
(570, '男', 176, 182, 48, 85, 21, 56, '雙子座', 'A', '無', '酒豪', '國中', '不相關', '一樣', '外向', '2023-05-25'),
(571, '女', 152, 185, 44, 93, 30, 74, '雙魚座', 'A', '有', '小酌', '博士', '相關', '不一樣', '外向', '2023-05-25'),
(572, '女', 162, 182, 67, 89, 27, 32, '巨蟹座', 'AB', '無', '酒豪', '碩士', '不相關', '一樣', '內向', '2023-05-25'),
(573, '都可以', 167, 183, 56, 107, 30, 49, '天秤座', 'O', '有', '酒豪', '國中', '不相關', '一樣', '內向', '2023-05-25'),
(574, '都可以', 179, 197, 65, 108, 24, 50, '處女座', 'AB', '有', '小酌', '國小', '不相關', '一樣', '外向', '2023-05-25'),
(575, '男', 161, 184, 69, 97, 25, 72, '雙子座', 'A', '有', '小酌', '國小', '相關', '一樣', '內向', '2023-05-25'),
(576, '都可以', 153, 182, 47, 81, 21, 37, '金牛座', 'O', '無', '小酌', '碩士', '相關', '一樣', '外向', '2023-05-25'),
(577, '都可以', 164, 200, 62, 103, 29, 83, '雙魚座', 'AB', '有', '酒豪', '博士', '相關', '一樣', '外向', '2023-05-25'),
(578, '都可以', 168, 186, 59, 106, 24, 63, '雙子座', 'O', '有', '酒豪', '高中', '不相關', '一樣', '外向', '2023-05-25'),
(579, '女', 162, 186, 64, 72, 27, 36, '天秤座', 'AB', '無', '酒豪', '高中', '不相關', '不一樣', '外向', '2023-05-25'),
(580, '都可以', 172, 195, 68, 108, 22, 33, '獅子座', 'AB', '無', '酒豪', '碩士', '不相關', '一樣', '內向', '2023-05-25'),
(581, '女', 180, 197, 65, 86, 23, 99, '天秤座', 'A', '無', '酒豪', '國小', '相關', '一樣', '內向', '2023-05-25'),
(582, '女', 150, 196, 59, 83, 20, 81, '牡羊座', 'AB', '無', '酒豪', '國小', '不相關', '一樣', '外向', '2023-05-25'),
(583, '女', 161, 183, 56, 76, 26, 79, '天蠍座', 'B', '有', '滴酒不沾', '國中', '不相關', '不一樣', '外向', '2023-05-25'),
(584, '女', 173, 194, 49, 87, 27, 53, '天蠍座', 'B', '無', '酒豪', '博士', '相關', '不一樣', '內向', '2023-05-25'),
(585, '女', 169, 185, 43, 105, 25, 67, '魔羯座', 'O', '有', '小酌', '國中', '不相關', '不一樣', '內向', '2023-05-25'),
(586, '男', 177, 182, 43, 77, 25, 76, '雙子座', 'A', '無', '滴酒不沾', '博士', '相關', '不一樣', '內向', '2023-05-25'),
(587, '男', 165, 192, 45, 72, 22, 77, '射手座', 'B', '有', '滴酒不沾', '博士', '相關', '一樣', '內向', '2023-05-25'),
(588, '女', 179, 188, 58, 99, 28, 59, '牡羊座', 'AB', '無', '酒豪', '碩士', '不相關', '一樣', '外向', '2023-05-25'),
(589, '女', 168, 193, 54, 72, 21, 33, '魔羯座', 'B', '無', '小酌', '國中', '相關', '一樣', '外向', '2023-05-25'),
(590, '女', 161, 198, 43, 101, 27, 30, '射手座', 'A', '有', '酒豪', '高中', '不相關', '不一樣', '內向', '2023-05-25'),
(591, '女', 158, 180, 53, 78, 27, 92, '天秤座', 'A', '無', '滴酒不沾', '學士', '相關', '不一樣', '內向', '2023-05-25'),
(592, '都可以', 179, 194, 51, 81, 27, 58, '水瓶座', 'A', '無', '小酌', '博士', '不相關', '一樣', '外向', '2023-05-25'),
(593, '女', 177, 187, 64, 80, 20, 55, '處女座', 'O', '有', '滴酒不沾', '高中', '相關', '一樣', '內向', '2023-05-25'),
(594, '女', 167, 188, 52, 100, 29, 72, '雙子座', 'B', '有', '酒豪', '高中', '相關', '不一樣', '內向', '2023-05-25'),
(595, '男', 159, 199, 60, 80, 29, 92, '金牛座', 'B', '無', '滴酒不沾', '高中', '不相關', '不一樣', '外向', '2023-05-25'),
(596, '都可以', 166, 187, 62, 74, 29, 75, '雙魚座', 'AB', '有', '酒豪', '碩士', '相關', '一樣', '內向', '2023-05-25'),
(597, '男', 154, 184, 65, 88, 25, 67, '巨蟹座', 'O', '有', '酒豪', '國中', '不相關', '一樣', '內向', '2023-05-25'),
(598, '都可以', 169, 188, 62, 101, 22, 81, '射手座', 'O', '無', '酒豪', '碩士', '不相關', '一樣', '外向', '2023-05-25'),
(599, '女', 166, 182, 48, 84, 28, 34, '天蠍座', 'AB', '有', '滴酒不沾', '國中', '不相關', '不一樣', '外向', '2023-05-25'),
(600, '都可以', 175, 193, 44, 78, 19, 39, '牡羊座', 'B', '無', '酒豪', '國小', '不相關', '不一樣', '內向', '2023-05-25'),
(601, '男', 180, 198, 46, 71, 18, 65, '雙子座', 'B', '無', '小酌', '學士', '相關', '不一樣', '內向', '2023-05-25'),
(602, '都可以', 167, 188, 43, 87, 18, 34, '射手座', 'B', '有', '滴酒不沾', '博士', '相關', '不一樣', '外向', '2023-05-25'),
(603, '女', 155, 195, 49, 87, 30, 88, '水瓶座', 'A', '有', '滴酒不沾', '國中', '相關', '不一樣', '外向', '2023-05-25'),
(604, '男', 170, 181, 63, 87, 28, 97, '巨蟹座', 'O', '有', '小酌', '高中', '相關', '不一樣', '內向', '2023-05-25'),
(605, '都可以', 154, 194, 70, 98, 19, 50, '處女座', 'A', '有', '滴酒不沾', '學士', '不相關', '一樣', '內向', '2023-05-25'),
(606, '男', 171, 192, 52, 71, 20, 72, '巨蟹座', 'A', '有', '酒豪', '碩士', '不相關', '一樣', '內向', '2023-05-25'),
(607, '都可以', 162, 182, 45, 73, 25, 38, '雙魚座', 'O', '有', '酒豪', '博士', '相關', '一樣', '內向', '2023-05-25'),
(608, '女', 158, 200, 53, 91, 23, 85, '天秤座', 'O', '有', '酒豪', '高中', '不相關', '一樣', '內向', '2023-05-25'),
(609, '都可以', 175, 182, 67, 82, 22, 71, '金牛座', 'O', '無', '小酌', '學士', '不相關', '一樣', '外向', '2023-05-25'),
(610, '都可以', 180, 184, 58, 86, 24, 70, '天秤座', 'AB', '有', '酒豪', '高中', '相關', '不一樣', '外向', '2023-05-25'),
(611, '都可以', 166, 189, 58, 74, 21, 38, '水瓶座', 'O', '無', '滴酒不沾', '博士', '不相關', '一樣', '內向', '2023-05-25'),
(612, '女', 178, 182, 67, 107, 19, 90, '射手座', 'B', '有', '滴酒不沾', '博士', '相關', '一樣', '外向', '2023-05-25'),
(613, '女', 178, 197, 53, 95, 25, 94, '牡羊座', 'A', '有', '滴酒不沾', '國小', '相關', '一樣', '內向', '2023-05-25'),
(614, '都可以', 171, 195, 48, 100, 24, 98, '牡羊座', 'A', '有', '酒豪', '高中', '不相關', '一樣', '內向', '2023-05-25'),
(615, '都可以', 156, 197, 59, 102, 28, 37, '牡羊座', 'A', '有', '酒豪', '碩士', '不相關', '一樣', '外向', '2023-05-25'),
(616, '都可以', 160, 188, 66, 90, 23, 74, '牡羊座', 'B', '有', '小酌', '國小', '相關', '不一樣', '外向', '2023-05-25'),
(617, '女', 174, 182, 49, 94, 30, 89, '魔羯座', 'AB', '有', '酒豪', '學士', '不相關', '不一樣', '外向', '2023-05-25'),
(618, '都可以', 175, 187, 56, 104, 22, 51, '處女座', 'AB', '有', '酒豪', '國小', '相關', '一樣', '外向', '2023-05-25'),
(619, '女', 159, 198, 55, 84, 28, 31, '雙魚座', 'A', '無', '滴酒不沾', '碩士', '相關', '不一樣', '外向', '2023-05-25'),
(620, '都可以', 167, 182, 57, 72, 20, 41, '雙魚座', 'AB', '有', '小酌', '碩士', '不相關', '不一樣', '外向', '2023-05-25'),
(621, '都可以', 168, 195, 54, 83, 25, 85, '牡羊座', 'AB', '有', '滴酒不沾', '學士', '不相關', '不一樣', '外向', '2023-05-25'),
(622, '女', 177, 184, 40, 87, 19, 60, '金牛座', 'O', '有', '滴酒不沾', '學士', '相關', '一樣', '外向', '2023-05-25'),
(623, '都可以', 175, 193, 45, 89, 29, 84, '金牛座', 'O', '無', '小酌', '國小', '不相關', '一樣', '外向', '2023-05-25'),
(624, '女', 174, 183, 66, 109, 19, 69, '金牛座', 'AB', '無', '酒豪', '博士', '相關', '一樣', '外向', '2023-05-25'),
(625, '女', 180, 185, 40, 90, 30, 65, '巨蟹座', 'O', '有', '小酌', '國中', '不相關', '一樣', '內向', '2023-05-25'),
(626, '都可以', 172, 185, 51, 108, 23, 86, '獅子座', 'O', '無', '小酌', '博士', '不相關', '不一樣', '內向', '2023-05-25'),
(627, '女', 170, 198, 59, 94, 22, 65, '天蠍座', 'O', '無', '酒豪', '高中', '不相關', '一樣', '外向', '2023-05-25'),
(628, '女', 176, 190, 64, 93, 24, 39, '水瓶座', 'A', '有', '小酌', '高中', '相關', '不一樣', '外向', '2023-05-25'),
(629, '男', 173, 193, 51, 95, 23, 42, '水瓶座', 'O', '有', '滴酒不沾', '博士', '相關', '不一樣', '內向', '2023-05-25'),
(630, '女', 165, 181, 70, 103, 26, 63, '雙魚座', 'AB', '無', '滴酒不沾', '國小', '相關', '一樣', '外向', '2023-05-25'),
(631, '女', 154, 184, 53, 80, 28, 87, '獅子座', 'A', '有', '滴酒不沾', '高中', '不相關', '一樣', '內向', '2023-05-25'),
(632, '都可以', 170, 181, 58, 74, 21, 76, '水瓶座', 'O', '有', '滴酒不沾', '國小', '不相關', '不一樣', '外向', '2023-05-25'),
(633, '男', 162, 200, 41, 80, 30, 87, '雙子座', 'AB', '無', '酒豪', '高中', '相關', '不一樣', '外向', '2023-05-25'),
(634, '男', 154, 188, 62, 100, 30, 37, '金牛座', 'O', '無', '小酌', '博士', '相關', '一樣', '內向', '2023-05-25'),
(635, '女', 173, 200, 63, 76, 28, 36, '巨蟹座', 'O', '無', '小酌', '國中', '相關', '不一樣', '內向', '2023-05-25'),
(636, '都可以', 179, 195, 62, 89, 22, 40, '牡羊座', 'B', '無', '小酌', '碩士', '相關', '一樣', '外向', '2023-05-25'),
(637, '都可以', 156, 184, 62, 70, 22, 61, '天秤座', 'A', '有', '酒豪', '博士', '相關', '不一樣', '外向', '2023-05-25'),
(638, '女', 172, 198, 56, 97, 27, 86, '獅子座', 'A', '無', '滴酒不沾', '博士', '不相關', '不一樣', '外向', '2023-05-25'),
(639, '女', 179, 181, 42, 100, 24, 75, '水瓶座', 'AB', '無', '酒豪', '國中', '相關', '一樣', '外向', '2023-05-25'),
(640, '女', 158, 183, 44, 96, 22, 88, '魔羯座', 'AB', '無', '酒豪', '博士', '相關', '一樣', '內向', '2023-05-25'),
(641, '女', 154, 192, 56, 95, 21, 44, '天秤座', 'AB', '有', '酒豪', '學士', '不相關', '一樣', '外向', '2023-05-25'),
(642, '都可以', 174, 189, 58, 93, 23, 67, '牡羊座', 'B', '無', '小酌', '國小', '相關', '不一樣', '外向', '2023-05-25'),
(643, '女', 172, 180, 54, 105, 19, 31, '天秤座', 'O', '有', '酒豪', '博士', '相關', '不一樣', '外向', '2023-05-25'),
(644, '都可以', 171, 192, 65, 94, 22, 69, '天秤座', 'A', '無', '小酌', '碩士', '不相關', '一樣', '外向', '2023-05-25'),
(645, '男', 176, 199, 59, 103, 24, 81, '射手座', 'A', '無', '酒豪', '學士', '相關', '一樣', '外向', '2023-05-25'),
(646, '女', 160, 195, 69, 87, 22, 97, '射手座', 'A', '有', '小酌', '高中', '相關', '一樣', '外向', '2023-05-25'),
(647, '都可以', 157, 187, 66, 98, 21, 68, '射手座', 'O', '無', '滴酒不沾', '學士', '相關', '不一樣', '外向', '2023-05-25'),
(648, '男', 166, 198, 51, 106, 23, 92, '射手座', 'AB', '無', '小酌', '學士', '不相關', '不一樣', '外向', '2023-05-25'),
(649, '女', 167, 187, 69, 86, 19, 84, '射手座', 'B', '有', '滴酒不沾', '高中', '不相關', '不一樣', '外向', '2023-05-25'),
(650, '都可以', 176, 191, 42, 104, 23, 42, '天秤座', 'B', '無', '小酌', '高中', '相關', '不一樣', '內向', '2023-05-25'),
(651, '都可以', 161, 194, 41, 93, 26, 71, '雙子座', 'A', '無', '酒豪', '學士', '不相關', '不一樣', '內向', '2023-05-25'),
(652, '女', 165, 195, 54, 70, 19, 60, '處女座', 'AB', '有', '小酌', '高中', '相關', '一樣', '內向', '2023-05-25'),
(653, '男', 171, 188, 59, 95, 24, 55, '水瓶座', 'B', '無', '小酌', '國小', '相關', '不一樣', '外向', '2023-05-25'),
(654, '男', 167, 186, 66, 79, 19, 66, '天蠍座', 'O', '無', '滴酒不沾', '國小', '不相關', '一樣', '外向', '2023-05-25'),
(655, '女', 176, 184, 60, 108, 20, 66, '牡羊座', 'A', '有', '小酌', '高中', '不相關', '不一樣', '外向', '2023-05-25'),
(656, '男', 172, 190, 51, 98, 27, 31, '雙魚座', 'A', '無', '滴酒不沾', '碩士', '相關', '不一樣', '外向', '2023-05-25'),
(657, '女', 151, 186, 58, 75, 29, 70, '巨蟹座', 'O', '有', '滴酒不沾', '博士', '相關', '不一樣', '外向', '2023-05-25'),
(658, '女', 173, 185, 52, 70, 23, 85, '獅子座', 'B', '有', '酒豪', '學士', '不相關', '一樣', '內向', '2023-05-25'),
(659, '都可以', 153, 192, 64, 79, 23, 45, '射手座', 'A', '無', '酒豪', '碩士', '不相關', '一樣', '外向', '2023-05-25'),
(660, '都可以', 158, 181, 42, 107, 29, 82, '天蠍座', 'A', '無', '酒豪', '博士', '相關', '不一樣', '內向', '2023-05-25'),
(661, '男', 158, 197, 48, 89, 18, 32, '金牛座', 'A', '無', '滴酒不沾', '高中', '相關', '不一樣', '內向', '2023-05-25'),
(662, '都可以', 160, 193, 50, 106, 23, 99, '水瓶座', 'A', '有', '滴酒不沾', '國小', '相關', '一樣', '外向', '2023-05-25'),
(663, '女', 173, 182, 46, 94, 21, 84, '雙子座', 'A', '無', '滴酒不沾', '國小', '相關', '不一樣', '內向', '2023-05-25'),
(664, '女', 173, 187, 57, 79, 29, 94, '天秤座', 'AB', '無', '滴酒不沾', '國小', '相關', '不一樣', '內向', '2023-05-25'),
(665, '女', 170, 185, 40, 79, 25, 48, '獅子座', 'B', '無', '滴酒不沾', '國小', '相關', '一樣', '外向', '2023-05-25'),
(666, '男', 151, 194, 45, 78, 20, 67, '天蠍座', 'B', '無', '滴酒不沾', '學士', '不相關', '不一樣', '外向', '2023-05-25'),
(667, '男', 166, 200, 52, 86, 22, 93, '雙魚座', 'O', '有', '小酌', '學士', '相關', '不一樣', '外向', '2023-05-25'),
(668, '女', 172, 198, 68, 100, 19, 93, '金牛座', 'A', '無', '酒豪', '國中', '不相關', '一樣', '外向', '2023-05-25'),
(669, '男', 152, 192, 51, 97, 25, 85, '金牛座', 'O', '無', '小酌', '國小', '相關', '不一樣', '外向', '2023-05-25'),
(670, '女', 172, 193, 63, 77, 26, 45, '獅子座', 'B', '無', '滴酒不沾', '學士', '不相關', '一樣', '內向', '2023-05-25'),
(671, '都可以', 174, 186, 68, 100, 24, 85, '射手座', 'B', '無', '酒豪', '學士', '不相關', '一樣', '內向', '2023-05-25'),
(672, '女', 158, 183, 40, 102, 26, 45, '天蠍座', 'B', '無', '小酌', '國中', '不相關', '不一樣', '內向', '2023-05-25'),
(673, '男', 152, 199, 63, 96, 24, 85, '魔羯座', 'O', '無', '小酌', '國中', '相關', '一樣', '外向', '2023-05-25'),
(674, '男', 174, 189, 48, 96, 27, 45, '射手座', 'AB', '有', '酒豪', '學士', '不相關', '一樣', '內向', '2023-05-25'),
(675, '女', 176, 183, 66, 88, 18, 84, '雙魚座', 'AB', '有', '小酌', '國小', '不相關', '不一樣', '內向', '2023-05-25'),
(676, '都可以', 162, 191, 48, 96, 30, 41, '金牛座', 'AB', '無', '小酌', '高中', '不相關', '不一樣', '外向', '2023-05-25'),
(677, '女', 156, 187, 46, 79, 29, 65, '巨蟹座', 'A', '無', '酒豪', '高中', '相關', '不一樣', '外向', '2023-05-25'),
(678, '都可以', 164, 194, 54, 94, 22, 32, '處女座', 'AB', '有', '小酌', '國中', '不相關', '一樣', '內向', '2023-05-25'),
(679, '女', 175, 187, 49, 75, 21, 75, '獅子座', 'A', '無', '滴酒不沾', '碩士', '相關', '不一樣', '外向', '2023-05-25'),
(680, '都可以', 174, 199, 68, 93, 20, 38, '處女座', 'AB', '無', '小酌', '國中', '相關', '不一樣', '外向', '2023-05-25'),
(681, '女', 157, 183, 56, 91, 18, 77, '巨蟹座', 'AB', '無', '滴酒不沾', '國小', '不相關', '不一樣', '外向', '2023-05-25'),
(682, '都可以', 162, 187, 67, 109, 28, 30, '雙子座', 'A', '無', '酒豪', '高中', '相關', '一樣', '內向', '2023-05-25'),
(683, '女', 163, 181, 40, 82, 28, 32, '雙魚座', 'B', '有', '酒豪', '國中', '不相關', '不一樣', '外向', '2023-05-25'),
(684, '女', 152, 193, 63, 83, 24, 41, '雙魚座', 'B', '無', '小酌', '高中', '不相關', '不一樣', '內向', '2023-05-25'),
(685, '女', 155, 191, 42, 79, 20, 79, '獅子座', 'B', '無', '滴酒不沾', '國小', '相關', '一樣', '外向', '2023-05-25'),
(686, '女', 164, 198, 70, 74, 25, 99, '金牛座', 'AB', '無', '滴酒不沾', '國中', '不相關', '一樣', '外向', '2023-05-25'),
(687, '女', 151, 200, 55, 109, 19, 89, '處女座', 'O', '有', '酒豪', '國中', '相關', '一樣', '外向', '2023-05-25'),
(688, '都可以', 173, 190, 47, 88, 18, 47, '處女座', 'AB', '有', '酒豪', '國小', '不相關', '不一樣', '內向', '2023-05-25'),
(689, '都可以', 153, 196, 65, 70, 25, 82, '射手座', 'A', '有', '滴酒不沾', '碩士', '不相關', '不一樣', '外向', '2023-05-25'),
(690, '男', 171, 198, 60, 99, 18, 94, '射手座', 'O', '無', '小酌', '國小', '不相關', '不一樣', '外向', '2023-05-25'),
(691, '都可以', 171, 182, 47, 93, 23, 56, '獅子座', 'O', '無', '滴酒不沾', '碩士', '相關', '一樣', '內向', '2023-05-25'),
(692, '都可以', 166, 192, 45, 88, 18, 37, '雙魚座', 'AB', '無', '小酌', '國中', '不相關', '一樣', '外向', '2023-05-25'),
(693, '女', 155, 189, 54, 89, 29, 61, '處女座', 'A', '有', '滴酒不沾', '高中', '相關', '不一樣', '外向', '2023-05-25'),
(694, '都可以', 180, 187, 53, 96, 22, 93, '天蠍座', 'A', '有', '酒豪', '高中', '不相關', '一樣', '外向', '2023-05-25'),
(695, '都可以', 160, 181, 55, 82, 20, 40, '金牛座', 'AB', '有', '酒豪', '博士', '相關', '一樣', '外向', '2023-05-25'),
(696, '男', 160, 188, 43, 103, 26, 32, '魔羯座', 'O', '有', '酒豪', '學士', '不相關', '不一樣', '內向', '2023-05-25'),
(697, '都可以', 164, 196, 53, 94, 30, 81, '魔羯座', 'AB', '無', '小酌', '高中', '相關', '一樣', '外向', '2023-05-25'),
(698, '女', 154, 194, 42, 71, 28, 66, '獅子座', 'A', '無', '酒豪', '博士', '不相關', '一樣', '內向', '2023-05-25'),
(699, '女', 161, 190, 58, 101, 18, 60, '天秤座', 'O', '有', '酒豪', '博士', '相關', '不一樣', '內向', '2023-05-25'),
(700, '男', 160, 198, 40, 104, 26, 73, '雙魚座', 'B', '無', '滴酒不沾', '國中', '不相關', '不一樣', '外向', '2023-05-25'),
(701, '男', 172, 184, 69, 96, 22, 83, '魔羯座', 'A', '無', '酒豪', '國中', '不相關', '不一樣', '內向', '2023-05-25'),
(702, '女', 173, 194, 66, 100, 25, 95, '魔羯座', 'O', '無', '小酌', '碩士', '不相關', '不一樣', '外向', '2023-05-25'),
(703, '女', 169, 192, 60, 99, 30, 54, '射手座', 'O', '有', '酒豪', '碩士', '不相關', '不一樣', '外向', '2023-05-25'),
(704, '都可以', 178, 190, 56, 79, 20, 100, '魔羯座', 'AB', '有', '滴酒不沾', '博士', '不相關', '一樣', '外向', '2023-05-25'),
(705, '都可以', 171, 184, 61, 79, 30, 95, '天蠍座', 'O', '無', '小酌', '博士', '不相關', '不一樣', '內向', '2023-05-25'),
(706, '男', 161, 196, 69, 96, 21, 73, '射手座', 'B', '有', '小酌', '碩士', '不相關', '一樣', '外向', '2023-05-25'),
(707, '都可以', 175, 198, 58, 108, 24, 50, '射手座', 'A', '有', '酒豪', '高中', '不相關', '一樣', '內向', '2023-05-25'),
(708, '女', 169, 191, 43, 84, 28, 73, '魔羯座', 'O', '無', '小酌', '學士', '不相關', '不一樣', '外向', '2023-05-25'),
(709, '都可以', 162, 188, 50, 100, 22, 42, '魔羯座', 'A', '無', '滴酒不沾', '博士', '不相關', '不一樣', '內向', '2023-05-25'),
(710, '都可以', 173, 197, 57, 82, 24, 34, '獅子座', 'O', '無', '酒豪', '碩士', '相關', '一樣', '外向', '2023-05-25'),
(711, '都可以', 169, 180, 52, 107, 20, 84, '處女座', 'B', '有', '酒豪', '博士', '相關', '不一樣', '外向', '2023-05-25'),
(712, '男', 163, 187, 65, 105, 27, 76, '金牛座', 'A', '有', '滴酒不沾', '碩士', '相關', '不一樣', '內向', '2023-05-25'),
(713, '女', 162, 196, 57, 100, 30, 97, '處女座', 'B', '有', '酒豪', '高中', '不相關', '不一樣', '外向', '2023-05-25'),
(714, '女', 169, 190, 66, 88, 24, 86, '天蠍座', 'B', '無', '小酌', '國中', '相關', '一樣', '內向', '2023-05-25'),
(715, '都可以', 165, 200, 55, 74, 26, 40, '雙子座', 'O', '有', '酒豪', '國小', '不相關', '不一樣', '內向', '2023-05-25'),
(716, '男', 157, 195, 66, 71, 26, 53, '雙魚座', 'O', '無', '滴酒不沾', '國中', '相關', '一樣', '外向', '2023-05-25'),
(717, '女', 170, 197, 60, 100, 24, 43, '牡羊座', 'A', '有', '滴酒不沾', '國小', '相關', '不一樣', '內向', '2023-05-25'),
(718, '女', 164, 182, 65, 90, 24, 99, '射手座', 'AB', '有', '酒豪', '博士', '不相關', '不一樣', '外向', '2023-05-25'),
(719, '男', 176, 199, 69, 74, 30, 55, '魔羯座', 'O', '有', '滴酒不沾', '高中', '不相關', '不一樣', '外向', '2023-05-25'),
(720, '女', 168, 191, 60, 85, 20, 87, '雙子座', 'B', '有', '小酌', '國中', '相關', '不一樣', '外向', '2023-05-25'),
(721, '都可以', 156, 198, 62, 73, 20, 99, '獅子座', 'O', '無', '滴酒不沾', '高中', '不相關', '不一樣', '外向', '2023-05-25'),
(722, '女', 162, 182, 57, 90, 22, 63, '處女座', 'AB', '有', '滴酒不沾', '碩士', '不相關', '一樣', '外向', '2023-05-25'),
(723, '都可以', 172, 194, 49, 76, 19, 59, '天秤座', 'AB', '無', '小酌', '高中', '相關', '不一樣', '內向', '2023-05-25'),
(724, '男', 164, 186, 46, 100, 24, 78, '雙魚座', 'A', '無', '酒豪', '高中', '相關', '一樣', '內向', '2023-05-25'),
(725, '男', 161, 189, 70, 82, 19, 39, '處女座', 'B', '有', '滴酒不沾', '學士', '相關', '不一樣', '外向', '2023-05-25'),
(726, '都可以', 178, 193, 47, 80, 20, 73, '水瓶座', 'O', '無', '滴酒不沾', '博士', '相關', '不一樣', '外向', '2023-05-25'),
(727, '都可以', 163, 181, 57, 88, 26, 79, '雙魚座', 'AB', '有', '滴酒不沾', '高中', '不相關', '一樣', '內向', '2023-05-25'),
(728, '都可以', 171, 184, 60, 86, 26, 76, '牡羊座', 'AB', '無', '酒豪', '碩士', '不相關', '不一樣', '內向', '2023-05-25'),
(729, '都可以', 164, 196, 60, 71, 22, 39, '巨蟹座', 'O', '有', '酒豪', '碩士', '不相關', '不一樣', '外向', '2023-05-25'),
(730, '男', 163, 197, 63, 100, 29, 83, '金牛座', 'AB', '有', '滴酒不沾', '博士', '相關', '不一樣', '外向', '2023-05-25'),
(731, '女', 165, 191, 68, 107, 21, 55, '牡羊座', 'A', '無', '小酌', '國中', '相關', '一樣', '外向', '2023-05-25'),
(732, '男', 180, 186, 49, 98, 27, 68, '雙子座', 'O', '有', '酒豪', '學士', '相關', '一樣', '外向', '2023-05-25'),
(733, '都可以', 166, 200, 47, 99, 28, 73, '牡羊座', 'AB', '無', '酒豪', '博士', '不相關', '一樣', '外向', '2023-05-25'),
(734, '女', 169, 183, 55, 105, 27, 60, '處女座', 'AB', '有', '滴酒不沾', '學士', '不相關', '一樣', '外向', '2023-05-25'),
(735, '男', 169, 181, 49, 89, 22, 52, '雙子座', 'AB', '無', '滴酒不沾', '國中', '不相關', '不一樣', '內向', '2023-05-25'),
(736, '女', 153, 188, 63, 94, 22, 50, '天蠍座', 'O', '有', '滴酒不沾', '學士', '不相關', '一樣', '內向', '2023-05-25'),
(737, '女', 159, 180, 43, 88, 30, 65, '天蠍座', 'AB', '無', '滴酒不沾', '國小', '不相關', '一樣', '內向', '2023-05-25'),
(738, '女', 177, 189, 52, 99, 25, 73, '天蠍座', 'O', '無', '小酌', '國小', '相關', '不一樣', '外向', '2023-05-25'),
(739, '男', 153, 191, 40, 71, 30, 71, '牡羊座', 'O', '無', '酒豪', '碩士', '相關', '一樣', '內向', '2023-05-25'),
(740, '女', 166, 184, 61, 110, 18, 37, '天秤座', 'O', '無', '小酌', '國中', '不相關', '不一樣', '外向', '2023-05-25'),
(741, '都可以', 164, 196, 69, 91, 24, 84, '金牛座', 'A', '有', '滴酒不沾', '博士', '不相關', '不一樣', '外向', '2023-05-25'),
(742, '男', 162, 190, 40, 84, 22, 65, '處女座', 'B', '無', '酒豪', '國中', '不相關', '一樣', '內向', '2023-05-25'),
(743, '女', 180, 198, 45, 79, 21, 44, '獅子座', 'A', '有', '酒豪', '國小', '相關', '不一樣', '外向', '2023-05-25'),
(744, '女', 153, 186, 65, 70, 21, 66, '處女座', 'A', '無', '小酌', '學士', '相關', '不一樣', '外向', '2023-05-25'),
(745, '都可以', 165, 195, 64, 84, 23, 99, '獅子座', 'A', '有', '小酌', '國中', '相關', '不一樣', '內向', '2023-05-25'),
(746, '都可以', 158, 185, 50, 73, 24, 54, '牡羊座', 'A', '無', '滴酒不沾', '高中', '不相關', '不一樣', '內向', '2023-05-25'),
(747, '男', 166, 192, 41, 74, 21, 84, '金牛座', 'O', '有', '滴酒不沾', '國中', '不相關', '一樣', '內向', '2023-05-25'),
(748, '男', 157, 185, 57, 92, 29, 88, '雙子座', 'AB', '無', '小酌', '學士', '相關', '一樣', '內向', '2023-05-25'),
(749, '男', 179, 197, 57, 99, 23, 87, '水瓶座', 'AB', '無', '小酌', '國小', '不相關', '不一樣', '內向', '2023-05-25'),
(750, '女', 177, 197, 54, 94, 26, 69, '處女座', 'AB', '無', '酒豪', '碩士', '不相關', '不一樣', '內向', '2023-05-25'),
(751, '都可以', 178, 184, 60, 92, 18, 54, '天秤座', 'A', '無', '滴酒不沾', '學士', '相關', '一樣', '內向', '2023-05-25'),
(752, '都可以', 176, 192, 69, 98, 18, 37, '雙魚座', 'A', '無', '小酌', '高中', '相關', '不一樣', '外向', '2023-05-25'),
(753, '女', 161, 192, 52, 107, 18, 61, '巨蟹座', 'B', '無', '滴酒不沾', '國小', '相關', '一樣', '內向', '2023-05-25'),
(754, '都可以', 165, 193, 59, 103, 22, 96, '處女座', 'A', '無', '酒豪', '碩士', '不相關', '一樣', '內向', '2023-05-25'),
(755, '都可以', 156, 188, 51, 72, 22, 52, '處女座', 'A', '有', '滴酒不沾', '碩士', '相關', '不一樣', '外向', '2023-05-25'),
(756, '都可以', 167, 198, 51, 82, 29, 88, '天秤座', 'A', '無', '小酌', '國中', '相關', '不一樣', '內向', '2023-05-25'),
(757, '女', 169, 198, 63, 72, 23, 38, '金牛座', 'AB', '無', '酒豪', '國小', '相關', '不一樣', '內向', '2023-05-25'),
(758, '女', 166, 185, 43, 110, 21, 41, '魔羯座', 'B', '有', '滴酒不沾', '國中', '相關', '不一樣', '外向', '2023-05-25'),
(759, '都可以', 155, 199, 62, 106, 18, 63, '獅子座', 'O', '有', '酒豪', '國中', '相關', '不一樣', '內向', '2023-05-25'),
(760, '男', 177, 196, 47, 94, 24, 88, '天蠍座', 'B', '無', '小酌', '學士', '不相關', '不一樣', '內向', '2023-05-25'),
(761, '女', 153, 191, 59, 96, 22, 80, '處女座', 'O', '有', '酒豪', '國小', '相關', '不一樣', '外向', '2023-05-25'),
(762, '男', 174, 195, 65, 86, 22, 36, '處女座', 'B', '有', '滴酒不沾', '學士', '不相關', '一樣', '外向', '2023-05-25'),
(763, '男', 155, 181, 45, 79, 25, 52, '天秤座', 'AB', '無', '滴酒不沾', '碩士', '相關', '不一樣', '外向', '2023-05-25'),
(764, '男', 172, 182, 65, 77, 29, 52, '金牛座', 'O', '無', '酒豪', '國中', '不相關', '不一樣', '外向', '2023-05-25'),
(765, '女', 167, 185, 40, 72, 28, 74, '處女座', 'A', '有', '酒豪', '學士', '相關', '不一樣', '外向', '2023-05-25'),
(766, '女', 171, 183, 41, 92, 21, 44, '水瓶座', 'O', '有', '小酌', '高中', '不相關', '一樣', '內向', '2023-05-25'),
(767, '都可以', 172, 199, 53, 92, 18, 39, '水瓶座', 'B', '無', '酒豪', '高中', '相關', '不一樣', '外向', '2023-05-25'),
(768, '女', 175, 185, 41, 93, 21, 34, '金牛座', 'A', '無', '酒豪', '國小', '相關', '一樣', '外向', '2023-05-25'),
(769, '女', 152, 188, 57, 101, 21, 94, '處女座', 'AB', '有', '小酌', '學士', '相關', '不一樣', '內向', '2023-05-25'),
(770, '男', 157, 182, 60, 78, 25, 56, '天蠍座', 'A', '有', '酒豪', '博士', '相關', '一樣', '內向', '2023-05-25'),
(771, '男', 159, 199, 43, 110, 19, 37, '處女座', 'B', '有', '酒豪', '博士', '不相關', '不一樣', '內向', '2023-05-25'),
(772, '都可以', 169, 196, 40, 107, 29, 59, '魔羯座', 'A', '無', '小酌', '博士', '不相關', '不一樣', '內向', '2023-05-25'),
(773, '男', 177, 198, 58, 76, 19, 84, '雙子座', 'AB', '無', '小酌', '國小', '相關', '一樣', '外向', '2023-05-25'),
(774, '女', 150, 193, 57, 98, 28, 72, '水瓶座', 'O', '無', '小酌', '國中', '不相關', '一樣', '內向', '2023-05-25'),
(775, '女', 170, 196, 64, 76, 26, 79, '射手座', 'AB', '無', '滴酒不沾', '高中', '不相關', '不一樣', '內向', '2023-05-25'),
(776, '都可以', 154, 185, 66, 86, 30, 76, '巨蟹座', 'B', '無', '小酌', '國小', '不相關', '一樣', '內向', '2023-05-25'),
(777, '男', 169, 194, 63, 80, 29, 43, '牡羊座', 'B', '無', '酒豪', '國小', '相關', '一樣', '內向', '2023-05-25'),
(778, '女', 165, 190, 51, 105, 22, 98, '天蠍座', 'AB', '無', '酒豪', '學士', '不相關', '不一樣', '內向', '2023-05-25'),
(779, '女', 168, 187, 44, 100, 21, 49, '射手座', 'B', '無', '小酌', '碩士', '不相關', '一樣', '外向', '2023-05-25'),
(780, '女', 159, 184, 41, 89, 21, 64, '天蠍座', 'A', '無', '酒豪', '國中', '相關', '不一樣', '內向', '2023-05-25'),
(781, '男', 171, 184, 52, 72, 25, 74, '金牛座', 'A', '無', '小酌', '碩士', '不相關', '一樣', '內向', '2023-05-25'),
(782, '男', 160, 196, 43, 78, 29, 77, '水瓶座', 'A', '無', '酒豪', '博士', '相關', '一樣', '外向', '2023-05-25'),
(783, '都可以', 177, 181, 63, 77, 30, 63, '魔羯座', 'O', '有', '酒豪', '學士', '不相關', '不一樣', '外向', '2023-05-25'),
(784, '女', 175, 200, 65, 96, 18, 53, '獅子座', 'O', '有', '滴酒不沾', '學士', '不相關', '不一樣', '外向', '2023-05-25'),
(785, '男', 161, 195, 70, 98, 21, 45, '金牛座', 'AB', '有', '滴酒不沾', '高中', '不相關', '一樣', '外向', '2023-05-25'),
(786, '女', 158, 180, 47, 95, 21, 38, '獅子座', 'A', '有', '滴酒不沾', '學士', '相關', '一樣', '外向', '2023-05-25'),
(787, '都可以', 160, 181, 56, 102, 25, 95, '巨蟹座', 'A', '無', '小酌', '國中', '不相關', '一樣', '外向', '2023-05-25'),
(788, '都可以', 158, 197, 59, 94, 30, 50, '獅子座', 'B', '無', '小酌', '國中', '相關', '不一樣', '內向', '2023-05-25'),
(789, '都可以', 160, 181, 54, 81, 30, 77, '天秤座', 'AB', '無', '酒豪', '博士', '相關', '不一樣', '內向', '2023-05-25'),
(790, '都可以', 167, 182, 41, 97, 19, 63, '天秤座', 'AB', '無', '滴酒不沾', '高中', '相關', '一樣', '內向', '2023-05-25'),
(791, '男', 163, 196, 40, 106, 28, 55, '射手座', 'A', '有', '滴酒不沾', '學士', '相關', '一樣', '內向', '2023-05-25'),
(792, '都可以', 156, 199, 43, 98, 25, 56, '獅子座', 'AB', '有', '酒豪', '國小', '相關', '一樣', '內向', '2023-05-25'),
(793, '都可以', 162, 192, 50, 71, 22, 84, '牡羊座', 'A', '無', '酒豪', '國中', '相關', '一樣', '內向', '2023-05-25'),
(794, '都可以', 167, 180, 62, 107, 20, 81, '獅子座', 'A', '有', '小酌', '國小', '不相關', '不一樣', '外向', '2023-05-25'),
(795, '都可以', 150, 197, 51, 100, 27, 55, '雙子座', 'AB', '無', '酒豪', '國小', '不相關', '一樣', '外向', '2023-05-25'),
(796, '女', 168, 182, 69, 97, 21, 71, '射手座', 'A', '無', '酒豪', '高中', '相關', '一樣', '外向', '2023-05-25'),
(797, '男', 164, 189, 41, 75, 29, 90, '處女座', 'AB', '無', '酒豪', '國中', '相關', '一樣', '內向', '2023-05-25'),
(798, '都可以', 177, 185, 69, 104, 29, 65, '魔羯座', 'A', '無', '滴酒不沾', '國中', '相關', '不一樣', '外向', '2023-05-25'),
(799, '女', 179, 188, 40, 109, 25, 96, '金牛座', 'AB', '有', '小酌', '學士', '不相關', '不一樣', '內向', '2023-05-25'),
(800, '男', 160, 192, 70, 71, 21, 41, '雙魚座', 'A', '無', '滴酒不沾', '博士', '不相關', '一樣', '外向', '2023-05-25'),
(801, '都可以', 166, 197, 70, 99, 26, 33, '射手座', 'O', '無', '酒豪', '國中', '不相關', '一樣', '外向', '2023-05-25'),
(802, '男', 150, 196, 62, 82, 25, 83, '射手座', 'O', '無', '酒豪', '碩士', '不相關', '一樣', '內向', '2023-05-25'),
(803, '都可以', 161, 181, 42, 108, 26, 72, '魔羯座', 'O', '有', '小酌', '國中', '不相關', '一樣', '外向', '2023-05-25'),
(804, '男', 174, 183, 63, 84, 27, 81, '天秤座', 'B', '有', '滴酒不沾', '高中', '不相關', '一樣', '外向', '2023-05-25'),
(805, '男', 162, 180, 43, 109, 27, 89, '天蠍座', 'B', '無', '小酌', '國中', '相關', '不一樣', '內向', '2023-05-25'),
(806, '男', 164, 197, 51, 106, 22, 31, '水瓶座', 'O', '有', '小酌', '國中', '不相關', '一樣', '外向', '2023-05-25'),
(807, '男', 175, 181, 48, 96, 23, 73, '天蠍座', 'B', '有', '小酌', '國中', '相關', '一樣', '外向', '2023-05-25'),
(808, '女', 173, 197, 63, 85, 19, 99, '射手座', 'B', '無', '小酌', '博士', '相關', '一樣', '外向', '2023-05-25'),
(809, '男', 164, 193, 61, 101, 24, 32, '魔羯座', 'O', '無', '酒豪', '博士', '相關', '一樣', '外向', '2023-05-25'),
(810, '男', 179, 190, 62, 81, 29, 48, '雙魚座', 'A', '無', '小酌', '國小', '不相關', '不一樣', '內向', '2023-05-25'),
(811, '都可以', 168, 196, 41, 97, 20, 44, '雙魚座', 'A', '有', '酒豪', '高中', '相關', '不一樣', '內向', '2023-05-25'),
(812, '都可以', 151, 199, 40, 87, 20, 47, '射手座', 'B', '無', '酒豪', '高中', '不相關', '不一樣', '內向', '2023-05-25'),
(813, '都可以', 178, 180, 55, 77, 23, 72, '金牛座', 'A', '有', '酒豪', '學士', '不相關', '一樣', '內向', '2023-05-25'),
(814, '女', 153, 186, 64, 79, 22, 49, '處女座', 'A', '無', '酒豪', '國小', '不相關', '不一樣', '外向', '2023-05-25'),
(815, '女', 174, 190, 50, 78, 26, 69, '水瓶座', 'O', '無', '滴酒不沾', '國中', '相關', '一樣', '外向', '2023-05-25'),
(816, '女', 154, 196, 59, 101, 21, 99, '巨蟹座', 'O', '有', '酒豪', '博士', '相關', '不一樣', '外向', '2023-05-25'),
(817, '女', 167, 194, 59, 84, 23, 46, '天蠍座', 'A', '有', '小酌', '高中', '不相關', '一樣', '外向', '2023-05-25'),
(818, '男', 171, 181, 46, 98, 20, 45, '雙魚座', 'AB', '無', '滴酒不沾', '碩士', '不相關', '一樣', '內向', '2023-05-25'),
(819, '男', 167, 195, 40, 90, 28, 57, '天秤座', 'AB', '無', '酒豪', '學士', '相關', '一樣', '外向', '2023-05-25'),
(820, '都可以', 167, 182, 55, 85, 23, 51, '天秤座', 'A', '無', '酒豪', '國小', '相關', '不一樣', '內向', '2023-05-25'),
(821, '女', 176, 183, 45, 106, 26, 54, '牡羊座', 'AB', '無', '滴酒不沾', '博士', '不相關', '一樣', '內向', '2023-05-25'),
(822, '女', 175, 192, 66, 105, 30, 87, '天秤座', 'O', '無', '酒豪', '國中', '相關', '一樣', '外向', '2023-05-25'),
(823, '男', 158, 192, 41, 94, 29, 30, '金牛座', 'AB', '無', '酒豪', '碩士', '不相關', '不一樣', '內向', '2023-05-25'),
(824, '男', 174, 198, 60, 103, 24, 73, '射手座', 'O', '有', '酒豪', '碩士', '相關', '一樣', '外向', '2023-05-25'),
(825, '都可以', 165, 189, 70, 107, 30, 32, '巨蟹座', 'AB', '無', '小酌', '學士', '不相關', '不一樣', '外向', '2023-05-25'),
(826, '男', 171, 185, 49, 88, 22, 54, '雙子座', 'AB', '無', '酒豪', '博士', '不相關', '不一樣', '外向', '2023-05-25'),
(827, '都可以', 176, 192, 54, 75, 30, 75, '天蠍座', 'A', '無', '酒豪', '國小', '相關', '一樣', '內向', '2023-05-25'),
(828, '男', 176, 185, 55, 103, 24, 41, '牡羊座', 'O', '有', '小酌', '學士', '相關', '不一樣', '內向', '2023-05-25'),
(829, '男', 155, 199, 52, 109, 27, 91, '射手座', 'AB', '有', '酒豪', '碩士', '相關', '不一樣', '內向', '2023-05-25'),
(830, '男', 161, 186, 70, 79, 21, 91, '雙子座', 'AB', '無', '滴酒不沾', '碩士', '相關', '一樣', '內向', '2023-05-25'),
(831, '女', 167, 180, 61, 96, 19, 80, '處女座', 'B', '無', '酒豪', '國小', '相關', '不一樣', '外向', '2023-05-25'),
(832, '男', 152, 192, 53, 107, 27, 96, '巨蟹座', 'A', '有', '酒豪', '高中', '不相關', '不一樣', '內向', '2023-05-25'),
(833, '都可以', 167, 197, 59, 98, 22, 70, '處女座', 'O', '有', '酒豪', '碩士', '不相關', '不一樣', '外向', '2023-05-25'),
(834, '男', 152, 195, 67, 78, 25, 34, '雙魚座', 'AB', '有', '滴酒不沾', '碩士', '相關', '不一樣', '外向', '2023-05-25'),
(835, '女', 162, 181, 70, 109, 29, 73, '雙魚座', 'A', '有', '酒豪', '國小', '相關', '不一樣', '外向', '2023-05-25'),
(836, '都可以', 166, 181, 61, 80, 26, 90, '雙魚座', 'O', '無', '滴酒不沾', '高中', '相關', '一樣', '內向', '2023-05-25'),
(837, '男', 151, 192, 43, 80, 25, 58, '天蠍座', 'AB', '無', '小酌', '高中', '不相關', '不一樣', '內向', '2023-05-25'),
(838, '男', 177, 184, 66, 97, 18, 62, '處女座', 'A', '有', '小酌', '國中', '相關', '一樣', '內向', '2023-05-25'),
(839, '男', 165, 185, 52, 73, 23, 36, '魔羯座', 'B', '有', '酒豪', '學士', '相關', '一樣', '外向', '2023-05-25'),
(840, '男', 167, 182, 59, 107, 29, 34, '處女座', 'B', '有', '小酌', '碩士', '不相關', '一樣', '內向', '2023-05-25'),
(841, '女', 152, 197, 47, 83, 20, 36, '水瓶座', 'AB', '無', '酒豪', '高中', '不相關', '不一樣', '外向', '2023-05-25'),
(842, '都可以', 153, 192, 64, 80, 22, 46, '天蠍座', 'AB', '有', '滴酒不沾', '碩士', '相關', '不一樣', '內向', '2023-05-25'),
(843, '女', 159, 188, 50, 74, 20, 91, '射手座', 'A', '無', '小酌', '國小', '相關', '一樣', '內向', '2023-05-25'),
(844, '女', 154, 186, 60, 82, 30, 76, '水瓶座', 'AB', '有', '酒豪', '碩士', '相關', '一樣', '內向', '2023-05-25'),
(845, '女', 150, 184, 44, 78, 22, 78, '巨蟹座', 'O', '無', '滴酒不沾', '國小', '不相關', '不一樣', '外向', '2023-05-25'),
(846, '女', 161, 192, 46, 84, 27, 61, '金牛座', 'O', '無', '小酌', '學士', '不相關', '不一樣', '內向', '2023-05-25'),
(847, '男', 164, 195, 50, 105, 23, 41, '巨蟹座', 'B', '無', '滴酒不沾', '高中', '相關', '一樣', '內向', '2023-05-25'),
(848, '男', 161, 200, 55, 82, 20, 63, '水瓶座', 'B', '有', '小酌', '博士', '不相關', '不一樣', '內向', '2023-05-25'),
(849, '男', 175, 184, 42, 71, 24, 94, '牡羊座', 'O', '無', '酒豪', '博士', '不相關', '不一樣', '內向', '2023-05-25'),
(850, '女', 167, 188, 51, 93, 19, 37, '金牛座', 'AB', '無', '滴酒不沾', '高中', '不相關', '一樣', '內向', '2023-05-25'),
(851, '都可以', 154, 190, 68, 85, 30, 87, '魔羯座', 'O', '無', '滴酒不沾', '博士', '不相關', '不一樣', '外向', '2023-05-25'),
(852, '女', 160, 197, 44, 99, 24, 81, '天秤座', 'O', '無', '小酌', '國小', '相關', '一樣', '內向', '2023-05-25'),
(853, '女', 172, 194, 60, 92, 27, 45, '水瓶座', 'AB', '無', '小酌', '學士', '不相關', '一樣', '內向', '2023-05-25'),
(854, '都可以', 156, 180, 58, 99, 18, 91, '射手座', 'O', '有', '小酌', '高中', '不相關', '一樣', '外向', '2023-05-25'),
(855, '都可以', 176, 181, 58, 77, 29, 81, '金牛座', 'A', '無', '滴酒不沾', '國小', '相關', '不一樣', '內向', '2023-05-25'),
(856, '男', 165, 191, 50, 108, 22, 32, '水瓶座', 'O', '無', '滴酒不沾', '高中', '相關', '一樣', '外向', '2023-05-25'),
(857, '都可以', 166, 183, 42, 91, 20, 100, '獅子座', 'B', '有', '滴酒不沾', '碩士', '相關', '一樣', '內向', '2023-05-25'),
(858, '男', 164, 189, 67, 72, 18, 91, '巨蟹座', 'B', '有', '酒豪', '博士', '相關', '一樣', '內向', '2023-05-25'),
(859, '都可以', 166, 194, 56, 102, 22, 55, '金牛座', 'O', '無', '滴酒不沾', '博士', '不相關', '一樣', '外向', '2023-05-25'),
(860, '女', 163, 195, 56, 103, 29, 44, '水瓶座', 'A', '有', '酒豪', '國小', '不相關', '不一樣', '外向', '2023-05-25'),
(861, '都可以', 161, 198, 53, 73, 21, 94, '處女座', 'O', '無', '酒豪', '國小', '不相關', '一樣', '內向', '2023-05-25'),
(862, '都可以', 156, 194, 51, 81, 25, 98, '金牛座', 'O', '無', '酒豪', '博士', '相關', '不一樣', '內向', '2023-05-25'),
(863, '男', 163, 192, 54, 92, 21, 36, '天秤座', 'AB', '有', '小酌', '博士', '相關', '一樣', '內向', '2023-05-25'),
(864, '都可以', 162, 183, 69, 89, 24, 67, '牡羊座', 'A', '有', '酒豪', '碩士', '相關', '一樣', '外向', '2023-05-25'),
(865, '女', 178, 189, 69, 82, 28, 57, '天秤座', 'AB', '有', '滴酒不沾', '碩士', '不相關', '不一樣', '外向', '2023-05-25'),
(866, '都可以', 179, 194, 50, 105, 24, 56, '牡羊座', 'O', '有', '酒豪', '博士', '相關', '不一樣', '外向', '2023-05-25'),
(867, '女', 175, 188, 55, 102, 20, 76, '巨蟹座', 'AB', '無', '滴酒不沾', '碩士', '不相關', '不一樣', '外向', '2023-05-25'),
(868, '都可以', 163, 197, 58, 92, 23, 44, '雙子座', 'A', '有', '滴酒不沾', '學士', '不相關', '不一樣', '外向', '2023-05-25'),
(869, '女', 163, 195, 69, 93, 25, 32, '魔羯座', 'AB', '有', '小酌', '博士', '相關', '不一樣', '內向', '2023-05-25'),
(870, '女', 168, 184, 64, 99, 24, 71, '牡羊座', 'O', '有', '小酌', '國小', '相關', '一樣', '外向', '2023-05-25'),
(871, '都可以', 179, 185, 48, 99, 27, 88, '天蠍座', 'A', '無', '滴酒不沾', '高中', '相關', '一樣', '內向', '2023-05-25'),
(872, '都可以', 158, 194, 60, 75, 19, 53, '牡羊座', 'B', '有', '滴酒不沾', '國中', '相關', '一樣', '外向', '2023-05-25'),
(873, '男', 180, 190, 69, 75, 25, 45, '牡羊座', 'A', '有', '酒豪', '國中', '不相關', '不一樣', '內向', '2023-05-25'),
(874, '女', 168, 199, 57, 109, 24, 35, '獅子座', 'O', '無', '滴酒不沾', '學士', '相關', '一樣', '內向', '2023-05-25'),
(875, '女', 164, 196, 55, 107, 25, 81, '牡羊座', 'B', '無', '滴酒不沾', '博士', '相關', '一樣', '外向', '2023-05-25'),
(876, '女', 170, 199, 54, 76, 24, 56, '射手座', 'O', '無', '酒豪', '碩士', '不相關', '不一樣', '內向', '2023-05-25'),
(877, '男', 159, 186, 42, 81, 29, 81, '射手座', 'AB', '有', '酒豪', '學士', '相關', '不一樣', '內向', '2023-05-25'),
(878, '女', 150, 184, 64, 70, 30, 65, '牡羊座', 'O', '無', '小酌', '碩士', '不相關', '一樣', '內向', '2023-05-25'),
(879, '男', 157, 180, 66, 97, 29, 54, '天秤座', 'A', '無', '小酌', '博士', '不相關', '不一樣', '內向', '2023-05-25'),
(880, '女', 163, 190, 55, 110, 28, 45, '雙魚座', 'AB', '無', '酒豪', '國小', '不相關', '不一樣', '外向', '2023-05-25'),
(881, '女', 176, 180, 61, 85, 20, 35, '天秤座', 'AB', '無', '酒豪', '博士', '相關', '一樣', '外向', '2023-05-25'),
(882, '男', 159, 188, 40, 81, 25, 79, '雙子座', 'O', '無', '滴酒不沾', '高中', '不相關', '不一樣', '內向', '2023-05-25'),
(883, '男', 179, 192, 51, 83, 21, 50, '雙魚座', 'A', '有', '滴酒不沾', '學士', '相關', '不一樣', '內向', '2023-05-25'),
(884, '男', 166, 185, 60, 86, 26, 52, '獅子座', 'AB', '有', '酒豪', '高中', '不相關', '不一樣', '外向', '2023-05-25'),
(885, '女', 171, 200, 67, 75, 22, 82, '天秤座', 'O', '無', '小酌', '博士', '相關', '一樣', '內向', '2023-05-25'),
(886, '都可以', 156, 196, 49, 92, 28, 82, '魔羯座', 'O', '有', '小酌', '學士', '相關', '一樣', '內向', '2023-05-25'),
(887, '男', 151, 197, 45, 101, 19, 63, '天秤座', 'AB', '有', '小酌', '博士', '相關', '一樣', '內向', '2023-05-25'),
(888, '男', 167, 190, 50, 87, 18, 38, '巨蟹座', 'A', '無', '小酌', '碩士', '不相關', '不一樣', '外向', '2023-05-25'),
(889, '女', 155, 183, 60, 98, 18, 46, '射手座', 'AB', '無', '酒豪', '高中', '相關', '一樣', '外向', '2023-05-25'),
(890, '都可以', 177, 188, 54, 88, 29, 83, '牡羊座', 'O', '無', '小酌', '國中', '不相關', '不一樣', '外向', '2023-05-25'),
(891, '都可以', 153, 191, 54, 90, 22, 36, '牡羊座', 'A', '有', '滴酒不沾', '碩士', '相關', '不一樣', '外向', '2023-05-25'),
(892, '男', 171, 200, 70, 89, 30, 45, '天秤座', 'O', '有', '小酌', '國中', '相關', '一樣', '內向', '2023-05-25'),
(893, '女', 159, 196, 57, 85, 28, 86, '雙子座', 'O', '有', '滴酒不沾', '國中', '不相關', '一樣', '外向', '2023-05-25'),
(894, '女', 174, 180, 59, 104, 18, 53, '獅子座', 'O', '無', '滴酒不沾', '學士', '不相關', '一樣', '外向', '2023-05-25'),
(895, '女', 159, 195, 55, 110, 29, 50, '魔羯座', 'AB', '有', '小酌', '博士', '相關', '不一樣', '內向', '2023-05-25'),
(896, '女', 168, 200, 54, 103, 21, 62, '巨蟹座', 'A', '無', '小酌', '學士', '不相關', '不一樣', '外向', '2023-05-25'),
(897, '都可以', 177, 189, 59, 95, 25, 59, '金牛座', 'B', '無', '滴酒不沾', '高中', '不相關', '不一樣', '外向', '2023-05-25'),
(898, '男', 160, 193, 41, 72, 20, 77, '水瓶座', 'B', '有', '滴酒不沾', '碩士', '相關', '不一樣', '外向', '2023-05-25'),
(899, '都可以', 172, 198, 63, 110, 19, 38, '巨蟹座', 'A', '無', '小酌', '國中', '相關', '不一樣', '內向', '2023-05-25'),
(900, '都可以', 178, 190, 40, 110, 18, 72, '魔羯座', 'A', '無', '滴酒不沾', '博士', '不相關', '不一樣', '內向', '2023-05-25'),
(901, '女', 152, 186, 42, 89, 27, 76, '雙魚座', 'B', '無', '小酌', '博士', '相關', '一樣', '外向', '2023-05-25'),
(902, '都可以', 152, 198, 50, 77, 28, 60, '水瓶座', 'AB', '無', '小酌', '國小', '不相關', '不一樣', '外向', '2023-05-25'),
(903, '女', 177, 189, 52, 75, 26, 45, '處女座', 'B', '無', '小酌', '高中', '相關', '一樣', '外向', '2023-05-25'),
(904, '男', 179, 190, 44, 70, 29, 86, '雙子座', 'A', '無', '滴酒不沾', '博士', '相關', '一樣', '內向', '2023-05-25'),
(905, '都可以', 151, 181, 49, 98, 25, 51, '獅子座', 'A', '無', '酒豪', '國中', '不相關', '不一樣', '外向', '2023-05-25'),
(906, '女', 155, 193, 45, 88, 20, 40, '水瓶座', 'A', '有', '酒豪', '碩士', '相關', '一樣', '外向', '2023-05-25'),
(907, '都可以', 179, 182, 69, 101, 21, 88, '巨蟹座', 'B', '無', '小酌', '國中', '相關', '一樣', '內向', '2023-05-25'),
(908, '男', 176, 200, 41, 101, 25, 76, '牡羊座', 'O', '有', '酒豪', '高中', '相關', '一樣', '內向', '2023-05-25'),
(909, '男', 159, 199, 57, 105, 21, 89, '巨蟹座', 'B', '有', '酒豪', '博士', '不相關', '不一樣', '內向', '2023-05-25'),
(910, '女', 160, 199, 59, 80, 27, 43, '天秤座', 'O', '無', '滴酒不沾', '國小', '相關', '一樣', '外向', '2023-05-25'),
(911, '女', 171, 193, 61, 98, 25, 61, '雙魚座', 'O', '有', '滴酒不沾', '高中', '相關', '一樣', '外向', '2023-05-25'),
(912, '女', 166, 184, 62, 81, 27, 75, '獅子座', 'B', '無', '滴酒不沾', '碩士', '相關', '一樣', '外向', '2023-05-25'),
(913, '都可以', 158, 180, 57, 91, 29, 92, '處女座', 'AB', '無', '酒豪', '博士', '相關', '不一樣', '內向', '2023-05-25'),
(914, '都可以', 169, 198, 55, 99, 23, 63, '射手座', 'A', '無', '小酌', '高中', '不相關', '一樣', '內向', '2023-05-25'),
(915, '女', 172, 197, 40, 103, 21, 82, '金牛座', 'O', '無', '小酌', '碩士', '相關', '不一樣', '內向', '2023-05-25'),
(916, '男', 160, 185, 43, 108, 18, 47, '獅子座', 'O', '有', '小酌', '碩士', '相關', '一樣', '外向', '2023-05-25'),
(917, '男', 156, 185, 68, 109, 26, 30, '雙子座', 'AB', '無', '酒豪', '高中', '不相關', '不一樣', '外向', '2023-05-25'),
(918, '都可以', 164, 190, 69, 84, 29, 52, '天秤座', 'A', '無', '酒豪', '國小', '相關', '不一樣', '外向', '2023-05-25'),
(919, '都可以', 172, 181, 69, 78, 24, 67, '天秤座', 'O', '無', '小酌', '國中', '不相關', '不一樣', '外向', '2023-05-25'),
(920, '女', 155, 193, 48, 80, 27, 82, '獅子座', 'AB', '無', '酒豪', '碩士', '不相關', '不一樣', '內向', '2023-05-25'),
(921, '都可以', 168, 198, 52, 70, 21, 37, '射手座', 'A', '無', '滴酒不沾', '碩士', '相關', '不一樣', '內向', '2023-05-25'),
(922, '男', 155, 183, 56, 95, 20, 51, '天蠍座', 'A', '無', '酒豪', '高中', '不相關', '不一樣', '外向', '2023-05-25'),
(923, '男', 163, 200, 60, 77, 18, 41, '巨蟹座', 'O', '有', '滴酒不沾', '高中', '相關', '一樣', '內向', '2023-05-25'),
(924, '男', 160, 185, 50, 103, 27, 97, '處女座', 'A', '有', '小酌', '碩士', '相關', '一樣', '內向', '2023-05-25'),
(925, '男', 160, 195, 61, 108, 25, 48, '天蠍座', 'O', '無', '滴酒不沾', '碩士', '相關', '不一樣', '外向', '2023-05-25'),
(926, '女', 162, 188, 62, 70, 25, 59, '天蠍座', 'AB', '無', '小酌', '學士', '不相關', '一樣', '外向', '2023-05-25'),
(927, '女', 165, 200, 66, 110, 20, 53, '處女座', 'O', '無', '酒豪', '國中', '不相關', '一樣', '內向', '2023-05-25'),
(928, '女', 158, 196, 64, 107, 21, 59, '雙子座', 'AB', '有', '酒豪', '高中', '相關', '不一樣', '內向', '2023-05-25'),
(929, '男', 164, 194, 48, 74, 26, 34, '牡羊座', 'AB', '無', '小酌', '博士', '不相關', '一樣', '內向', '2023-05-25'),
(930, '女', 161, 182, 54, 106, 26, 36, '魔羯座', 'B', '無', '滴酒不沾', '碩士', '相關', '不一樣', '外向', '2023-05-25'),
(931, '男', 152, 192, 46, 78, 21, 46, '獅子座', 'AB', '無', '滴酒不沾', '國小', '不相關', '一樣', '外向', '2023-05-25'),
(932, '女', 174, 192, 52, 75, 24, 94, '雙魚座', 'AB', '有', '酒豪', '碩士', '相關', '一樣', '內向', '2023-05-25'),
(933, '都可以', 156, 200, 41, 91, 23, 88, '雙子座', 'A', '無', '小酌', '碩士', '不相關', '不一樣', '內向', '2023-05-25'),
(934, '女', 175, 185, 42, 81, 28, 57, '牡羊座', 'B', '無', '滴酒不沾', '高中', '相關', '一樣', '內向', '2023-05-25'),
(935, '男', 162, 200, 54, 91, 29, 63, '牡羊座', 'A', '有', '滴酒不沾', '國中', '相關', '不一樣', '外向', '2023-05-25'),
(936, '男', 180, 181, 67, 71, 28, 42, '處女座', 'O', '無', '小酌', '學士', '不相關', '一樣', '外向', '2023-05-25'),
(937, '都可以', 174, 200, 42, 70, 21, 65, '處女座', 'AB', '無', '滴酒不沾', '國小', '不相關', '不一樣', '外向', '2023-05-25'),
(938, '男', 159, 199, 55, 78, 18, 99, '雙子座', 'AB', '有', '小酌', '高中', '相關', '不一樣', '內向', '2023-05-25'),
(939, '女', 177, 196, 46, 99, 24, 55, '射手座', 'AB', '無', '滴酒不沾', '高中', '不相關', '不一樣', '內向', '2023-05-25'),
(940, '男', 177, 200, 41, 82, 20, 93, '獅子座', 'AB', '無', '小酌', '學士', '相關', '不一樣', '外向', '2023-05-25'),
(941, '都可以', 178, 196, 40, 103, 25, 55, '天秤座', 'A', '無', '滴酒不沾', '國小', '相關', '不一樣', '內向', '2023-05-25'),
(942, '男', 151, 189, 46, 98, 21, 40, '金牛座', 'O', '有', '酒豪', '學士', '不相關', '一樣', '內向', '2023-05-25'),
(943, '都可以', 164, 198, 65, 109, 27, 75, '射手座', 'B', '無', '滴酒不沾', '國小', '相關', '不一樣', '內向', '2023-05-25'),
(944, '男', 171, 188, 62, 72, 28, 82, '處女座', 'B', '無', '小酌', '高中', '相關', '不一樣', '內向', '2023-05-25'),
(945, '都可以', 179, 189, 42, 97, 27, 87, '雙魚座', 'AB', '無', '小酌', '國小', '不相關', '不一樣', '外向', '2023-05-25'),
(946, '都可以', 165, 194, 52, 75, 20, 86, '處女座', 'O', '有', '滴酒不沾', '博士', '不相關', '不一樣', '內向', '2023-05-25'),
(947, '男', 171, 197, 60, 97, 27, 68, '巨蟹座', 'B', '有', '滴酒不沾', '高中', '不相關', '一樣', '內向', '2023-05-25'),
(948, '女', 151, 194, 43, 110, 19, 54, '牡羊座', 'A', '有', '小酌', '國小', '不相關', '不一樣', '外向', '2023-05-25'),
(949, '女', 179, 198, 64, 73, 22, 38, '巨蟹座', 'AB', '無', '小酌', '博士', '相關', '一樣', '外向', '2023-05-25'),
(950, '都可以', 170, 193, 55, 81, 24, 67, '巨蟹座', 'B', '有', '滴酒不沾', '高中', '不相關', '一樣', '外向', '2023-05-25'),
(951, '都可以', 170, 181, 68, 76, 23, 51, '天蠍座', 'B', '有', '小酌', '高中', '相關', '不一樣', '外向', '2023-05-25'),
(952, '男', 151, 196, 60, 83, 27, 94, '天秤座', 'O', '有', '滴酒不沾', '碩士', '不相關', '不一樣', '內向', '2023-05-25'),
(953, '男', 158, 189, 64, 84, 23, 73, '牡羊座', 'A', '有', '小酌', '高中', '相關', '不一樣', '內向', '2023-05-25'),
(954, '女', 162, 198, 50, 89, 29, 57, '天蠍座', 'O', '有', '酒豪', '高中', '相關', '一樣', '外向', '2023-05-25'),
(955, '都可以', 175, 184, 45, 97, 19, 34, '天蠍座', 'O', '無', '酒豪', '國中', '不相關', '一樣', '外向', '2023-05-25'),
(956, '女', 178, 194, 50, 80, 29, 43, '獅子座', 'O', '無', '滴酒不沾', '高中', '相關', '不一樣', '內向', '2023-05-25'),
(957, '女', 152, 188, 57, 104, 20, 81, '處女座', 'B', '有', '小酌', '學士', '相關', '不一樣', '內向', '2023-05-25'),
(958, '男', 166, 196, 66, 84, 22, 34, '獅子座', 'O', '有', '滴酒不沾', '碩士', '相關', '不一樣', '外向', '2023-05-25'),
(959, '都可以', 175, 186, 40, 101, 20, 38, '天蠍座', 'A', '有', '滴酒不沾', '國中', '不相關', '不一樣', '外向', '2023-05-25'),
(960, '都可以', 152, 191, 61, 80, 27, 61, '雙子座', 'O', '無', '滴酒不沾', '學士', '不相關', '一樣', '內向', '2023-05-25'),
(961, '都可以', 155, 190, 61, 74, 21, 88, '牡羊座', 'A', '有', '滴酒不沾', '國中', '不相關', '一樣', '內向', '2023-05-25'),
(962, '男', 155, 188, 70, 95, 19, 88, '雙子座', 'AB', '無', '酒豪', '博士', '不相關', '一樣', '內向', '2023-05-25'),
(963, '女', 166, 196, 70, 80, 27, 73, '水瓶座', 'A', '有', '滴酒不沾', '國中', '相關', '一樣', '內向', '2023-05-25'),
(964, '都可以', 159, 199, 50, 89, 23, 71, '雙子座', 'AB', '無', '小酌', '碩士', '相關', '一樣', '內向', '2023-05-25'),
(965, '女', 166, 196, 51, 70, 30, 36, '水瓶座', 'O', '無', '小酌', '碩士', '相關', '不一樣', '內向', '2023-05-25'),
(966, '都可以', 174, 194, 54, 93, 23, 78, '魔羯座', 'B', '無', '小酌', '碩士', '不相關', '不一樣', '內向', '2023-05-25'),
(967, '都可以', 155, 192, 43, 105, 20, 42, '水瓶座', 'A', '有', '小酌', '博士', '不相關', '不一樣', '內向', '2023-05-25'),
(968, '女', 159, 195, 52, 71, 28, 86, '牡羊座', 'AB', '有', '滴酒不沾', '碩士', '不相關', '不一樣', '內向', '2023-05-25'),
(969, '女', 165, 182, 61, 92, 21, 63, '牡羊座', 'O', '有', '小酌', '高中', '不相關', '不一樣', '內向', '2023-05-25'),
(970, '女', 151, 197, 50, 105, 30, 99, '雙魚座', 'AB', '有', '小酌', '國小', '相關', '一樣', '外向', '2023-05-25'),
(971, '男', 179, 185, 68, 89, 18, 65, '處女座', 'B', '有', '酒豪', '國中', '相關', '不一樣', '外向', '2023-05-25'),
(972, '男', 180, 194, 48, 83, 22, 68, '魔羯座', 'B', '無', '小酌', '博士', '相關', '一樣', '內向', '2023-05-25'),
(973, '女', 172, 193, 47, 81, 25, 45, '處女座', 'AB', '無', '小酌', '博士', '相關', '不一樣', '外向', '2023-05-25'),
(974, '都可以', 150, 196, 47, 101, 27, 60, '射手座', 'O', '有', '滴酒不沾', '國中', '相關', '不一樣', '內向', '2023-05-25'),
(975, '男', 165, 190, 70, 99, 30, 68, '射手座', 'A', '無', '酒豪', '國小', '相關', '不一樣', '外向', '2023-05-25'),
(976, '女', 171, 192, 60, 110, 26, 56, '巨蟹座', 'AB', '無', '酒豪', '學士', '相關', '一樣', '內向', '2023-05-25'),
(977, '都可以', 178, 193, 58, 100, 24, 50, '魔羯座', 'B', '有', '酒豪', '國小', '相關', '一樣', '內向', '2023-05-25'),
(978, '女', 154, 198, 64, 72, 25, 51, '水瓶座', 'B', '有', '滴酒不沾', '國小', '不相關', '一樣', '內向', '2023-05-25'),
(979, '男', 160, 198, 41, 77, 21, 75, '射手座', 'AB', '無', '滴酒不沾', '國小', '相關', '不一樣', '內向', '2023-05-25'),
(980, '男', 163, 190, 45, 108, 27, 50, '天蠍座', 'A', '有', '小酌', '國中', '相關', '一樣', '內向', '2023-05-25'),
(981, '女', 170, 189, 56, 82, 30, 66, '魔羯座', 'A', '有', '小酌', '學士', '相關', '一樣', '內向', '2023-05-25'),
(982, '女', 163, 186, 61, 83, 23, 80, '雙子座', 'B', '有', '滴酒不沾', '高中', '不相關', '不一樣', '內向', '2023-05-25'),
(983, '都可以', 166, 190, 67, 97, 19, 31, '魔羯座', 'AB', '無', '滴酒不沾', '國中', '不相關', '一樣', '外向', '2023-05-25'),
(984, '女', 179, 195, 42, 95, 25, 97, '水瓶座', 'AB', '有', '滴酒不沾', '國中', '相關', '一樣', '內向', '2023-05-25'),
(985, '男', 151, 194, 64, 96, 23, 77, '牡羊座', 'AB', '無', '酒豪', '碩士', '不相關', '不一樣', '外向', '2023-05-25'),
(986, '男', 178, 197, 42, 75, 24, 68, '魔羯座', 'A', '無', '酒豪', '國小', '不相關', '一樣', '內向', '2023-05-25'),
(987, '女', 168, 184, 59, 110, 19, 79, '魔羯座', 'A', '有', '滴酒不沾', '國中', '相關', '不一樣', '內向', '2023-05-25'),
(988, '男', 172, 192, 67, 104, 19, 91, '水瓶座', 'AB', '有', '小酌', '國中', '不相關', '不一樣', '內向', '2023-05-25'),
(989, '都可以', 161, 198, 51, 70, 20, 45, '金牛座', 'A', '有', '酒豪', '博士', '相關', '一樣', '外向', '2023-05-25'),
(990, '男', 155, 189, 59, 103, 28, 67, '魔羯座', 'B', '有', '滴酒不沾', '博士', '相關', '一樣', '外向', '2023-05-25'),
(991, '都可以', 165, 199, 40, 70, 21, 99, '雙子座', 'O', '有', '小酌', '國小', '相關', '一樣', '內向', '2023-05-25'),
(992, '男', 177, 195, 57, 90, 18, 50, '金牛座', 'O', '無', '酒豪', '碩士', '不相關', '一樣', '外向', '2023-05-25'),
(993, '都可以', 157, 200, 70, 85, 21, 66, '雙魚座', 'A', '有', '小酌', '高中', '不相關', '不一樣', '外向', '2023-05-25'),
(994, '男', 171, 188, 64, 77, 21, 79, '金牛座', 'A', '有', '滴酒不沾', '高中', '相關', '不一樣', '內向', '2023-05-25'),
(995, '女', 169, 193, 64, 71, 24, 95, '雙魚座', 'A', '無', '酒豪', '學士', '相關', '不一樣', '外向', '2023-05-25'),
(996, '都可以', 160, 186, 43, 82, 27, 69, '魔羯座', 'AB', '無', '酒豪', '國中', '不相關', '不一樣', '外向', '2023-05-25');
INSERT INTO `datings` (`member_id`, `i_gender`, `i_height_low`, `i_height_high`, `i_weight_low`, `i_weight_high`, `i_age_min`, `i_age_max`, `i_zodiac`, `i_bloodtype`, `i_alchohol`, `i_smoke`, `i_education_level`, `i_job`, `i_hobby`, `i_character`, `create_at`) VALUES
(997, '女', 168, 184, 43, 102, 18, 30, '雙子座', 'B', '無', '酒豪', '學士', '相關', '不一樣', '內向', '2023-05-25'),
(998, '女', 166, 198, 45, 99, 18, 56, '魔羯座', 'AB', '有', '酒豪', '國中', '相關', '不一樣', '內向', '2023-05-25'),
(999, '男', 160, 200, 57, 88, 30, 88, '處女座', 'A', '有', '滴酒不沾', '高中', '不相關', '一樣', '內向', '2023-05-25'),
(1000, '女', 161, 192, 41, 89, 30, 99, '射手座', 'B', '無', '滴酒不沾', '博士', '相關', '不一樣', '內向', '2023-05-25');

-- --------------------------------------------------------

--
-- 資料表結構 `example`
--

CREATE TABLE `example` (
  `sid` int(11) NOT NULL,
  `author` varchar(50) NOT NULL,
  `bookname` varchar(60) NOT NULL,
  `category_sid` int(11) NOT NULL DEFAULT '1',
  `book_id` varchar(30) NOT NULL,
  `publish_date` date NOT NULL,
  `pages` int(11) NOT NULL,
  `price` int(11) NOT NULL,
  `isbn` varchar(30) NOT NULL,
  `on_sale` tinyint(1) NOT NULL DEFAULT '1',
  `introduction` text NOT NULL
) ENGINE=InnoDB DEFAULT CHARSET=utf8;

--
-- 傾印資料表的資料 `example`
--

INSERT INTO `example` (`sid`, `author`, `bookname`, `category_sid`, `book_id`, `publish_date`, `pages`, `price`, `isbn`, `on_sale`, `introduction`) VALUES
(1, '洪一新、許瑞珍', '圖解C++程式設計\r\n', 16, 'PG30036', '2010-02-08', 624, 560, '978-986-201-306-9 ', 1, 'C++語言融合了傳統的程序式語言、物件導向設計以及C++樣版三種不同程式設計方式，使它成為近代最受重視且普及的程式語言。\r\n本書強調理論與實作並重，依C++功能循序漸進、由淺入深，詳實地說明了C++語言相關的語法，書中融入大量的程式範例，每一個範例程式都經過測試，可以正確無誤地執行，並且從實作中熟悉各種程式設計技巧。\r\n除了課文內大量的程式範例外，每章均有「上機實習課程」單元，可以讓使用者有更多的實際演練機會。在課後大量精心設計的習題，驗收學習成效，提供更多的程式實作經驗。'),
(2, '吳睿紘', '圖解資料結構-使用JAVA', 1, 'PG30035', '2009-12-15', 384, 420, '978-986-201-281-9 ', 1, '資料結構一直是電腦科學領域非常重要的基礎課程，本書是以教導如何將資料結構概念用Java程式語言來實作的重要著作。其特色在於將複雜的理論輔以圖文並茂的解說方式，搭配豐富的圖表及範例介紹，將資料結構中重要的觀念及演算法加以詮釋，集中學習焦點。\r\n每章重要理論均有範例實作，書中收錄了精華的演算法及程式的執行畫面，隨書光碟則附與完整的範例程式，提供詳盡的探討，提昇學習的成效。\r\n\r\n◎內容架構完整，邏輯清楚，採用豐富的圖例來闡述基本觀念及應用，有效提高可讀性。\r\n◎以JAVA程式語言實作資料結構中的重要理論，以範例程式說明資料結構的內涵。\r\n◎精選重點習題，參斟國家重要的考試命題重點，課後立即複習，達到事半功倍的效果。'),
(3, '江家頡、陳怡均', 'Visual C# 2008網路遊戲程式設計', 1, 'PG30034', '2009-11-27', 424, 480, '978-986-201-278-9 ', 1, '本書特色在於網路與遊戲的結合，如何把動畫加入在遊戲中呈現，並且撰寫出最簡單扼要的程式碼。再來是網路程式撰寫部份，如何把網路功能加入到遊戲裡面達到玩家與玩家溝通的效果，結合遊戲概念與網路程式的實作使遊戲變的有趣。\r\n全書共分三篇16章，內容由淺入深，首先介紹Visual C#的基本語法與控制項使用方式，讓沒接觸過Visual C#的讀者能夠快速上手。接著簡單的說明網路概念，並教各位如何利用Visual C#來寫Socket網路程式，進而完成一個簡單的聊天室。而第二、三篇則是實作基本與進階的網路遊戲。透過不斷的實作，讓讀者能夠從中獲得更多的經驗值。\r\n本書對於想進入遊戲設計門檻者而言可說是最佳學習途徑，不僅快速領略Visual C# 2008程式設計的基礎，更藉由各個範例程式瞭解視窗程式的高階設計技巧，期使本書能對讀者在視窗程式設計能有卓著的進步。'),
(4, '結城 浩', 'Java 重構- Java Refactoring', 1, 'PG20252', '2010-01-21', 432, 490, '978-986-201-087-7 ', 1, '本書的特徵有以下幾點：\r\n◆用Java語言所寫成的範例程式\r\n因為重構最主要的目的是改善軟體的體質，所以用具體的範例程式來解說是不可或缺的。\r\n◆詳細地解說重要的重構\r\n在Martin Fowler的『Refactoring』一書中，共用了70個重構的例子來說明。然而本書並沒有針對所有重構以同樣的篇幅來說明，而是針對重要的重構整理出要點，並做詳細的解釋。至於在本書中無法詳細解說到的重構部分，我們擇要在書末的附錄A中做介紹說明。\r\n◆利用練習問題來確認基礎知識是否紮實\r\n重構的解說由於出現了許多細膩的步驟，因此往往會因不留神而忽略了重點的部分。在本書的各章節的章末中都附有練習問題，可以讓你針對這章節中所學到的基礎知識再做一次複習。\r\n◆透過練習問題來發現「不祥的徵兆」\r\n當你在進行重構時，及時找出程式所散發出的「不祥的徵兆」的練習也是很重要的一環。在本書的練習問題中，不僅包括如何去找出程式碼所發出的「不祥的徵兆」的練習。由於存有不用撰寫程式也能做確認的結構，因此即使抽不出時間學習的人也能輕鬆地挑戰。'),
(5, '平田豊', 'Linux Device Driver Programming 驅動程式設計', 1, 'PG20280', '2009-01-05', 624, 690, '978-986-201-186-7 ', 1, '本書是一本寫給Linux裝置驅動程式開發者的書籍。以初次開發裝置驅動程式的開發者也容易理解的角度，從基礎概念開始詳加解說。\r\n\r\n全書前半部以著重於裝置驅動程式開發前的基本知識及其思考方法做為主要介紹，在後半部則依每個不同的硬體做專章的探討。網羅從計時器、記憶體、中斷的基礎到 PCI Express、ACPI、IPMI等最新的硬體知識。除此之外，還包含執行手法、偵錯手法、同步與鎖定…等等主題，一直到解讀既有驅動程式碼的技巧，全都收錄在本書中。\r\n\r\n本書獲得日本Amazon讀者票選五顆星的青睞，書中隨附光碟內更收錄了書中範例程式碼。不管對入門者或是專業的 Linux程式設計師來說，本書內所提及的開發驅動程式的精華，絕對會讓您很快就成為驅動程式的開發戰力。 '),
(6, '王鴻儒', 'Excel VBA 2007程式設計 - 增訂新版', 1, 'PG20271', '2008-05-27', 400, 450, '978-986-201-129-4', 1, '本書的設計主軸，即是以企業人員目前所面臨到的資料應用為課題，以深入淺出的方式，利用最簡單的VBA語言工具，快速而有效率的處理在企業中所會面臨到的會計帳務處理、行銷問卷整合、業務經銷資料佣金計算或者是行政人員所面臨的人事出缺席計算等課題，用既有的活頁簿資料，輔以VBA程式，快速的計算出帳務資料、經銷佣金或出缺席資料…等問題。\r\n\r\n透過本書，讀者可以深入學習Excel最經典的部份，經由深入淺出的說明，引導讀者一步步熟悉 VBA在Excel中的應用，為讀者建立VBA程式設計的基礎；搭配豐富的圖文解說，導引學習並熟悉VBA語法及架構，教讀者對問題迎刃而解的最佳法則！'),
(7, '姜姃延', '彩繪天堂Painter數位插畫輕鬆學', 2, 'GH20187', '2009-09-14', 448, 550, '978-986-201-255-0', 1, '各式各樣的筆刷配合影像完美演出\r\n創造搶眼奪目的藝術品！\r\n學Painter的第一本書\r\n初學者邁向實務設計者之路\r\n囊括基本繪圖至應用插畫、影像編輯效果！\r\n展現手繪質感的各種技法與實務工作者的現場訪談！\r\n\r\n■只要5分鐘，Painter基本功能與概念OK！\r\n階段性深入探討在畫布上呈現惟我獨尊藝術感的超強繪圖軟體Painter，其數位插畫之設計過程。\r\n■輕鬆學習以實務為中心的核心範例\r\n說明部分與輕鬆學練習是初學者必讀的內容。若能確實瞭解此部分的內容，超脫painter初學者身份將無庸置疑。\r\n■使自身設計實力晉昇‘哇~’階級的實際Know How\r\n更進一步說明Painter的架構。以Painter為主軸的使用者們必備的資訊，在範例學習過程當中，若想更深入學習，須認真研讀。\r\n■現代painter實務工作者們的工作經驗\r\n透過訪談活躍於各個領域的實務工作者，間接體驗各領域的實際工作環境。對未曾聽聞的新領域或已知卻苦無機會參觀現場的人而言，將是絕佳的實務指南。'),
(8, '金惠京', '不一樣的創作設計風格- Photoshop Artworks Stylebook ', 2, 'GH20200', '2009-11-30', 304, 520, '978-986-201-276-5', 1, '如果您想要了解掌握世界上數位藝術創作的趨勢，並學習一流獨特的技法，本書是您必看的選擇。想要了解如何用Photoshop創作安迪‧沃荷的普普風格，或是創作像蒙太奇、超現實主義、夢幻仙境風格、復古流行的表現手法；另外還有好萊塢風格的海報、中國水墨畫風格、水彩或粉筆畫風的創作...等，本書內含世界級超水準的20組作品，詳實地將創作技巧與實作方法全部公開，配合隨書附上DVD的高解析度作品相關檔案來學習，讓您邁向世界級的創作領域。\r\n\r\n本書一開始便整理出創作不一樣設計時要知道的三種Photoshop核心功能，接著以20個專題實例，分別是粉筆畫風格創作、水彩畫的合作創作、水墨畫創作、城市藝術的普普風、蒙太奇、超現實主義、夢幻仙境風格、復古流行的表現手法、好萊塢風格的海報...等等，各種當前世界上主流設計風尚作品。最後更有延伸學習的創意收集發想技巧、素材製作技巧，以及一流作品欣賞。\r\n'),
(9, '大室はじめ Hajime', '日式風格藝術紋樣素材選集', 2, 'GH20182', '2009-03-09', 128, 350, '978-986-201-203-1', 1, '在日式風格的設計作品裡，蘊涵著樸實與簡潔的獨有特質，不喧賓奪主的背景紋樣更能襯托出強烈的日式風情之存在感。\r\n\r\n本書收錄521種以底紋、插圖、裝飾框線等三大分類的日式傳統圖紋，總計有3900個以上的EPS、JPG、GIF紋樣檔。書中素材圖案皆取材自豐富的自然風土、昆蟲動物、花草植物與傳統插畫，經由反覆的組合排列，建構出獨特的紋路美感與優雅意象。\r\n\r\n*隨附DVD適用Mac & Win,內含EPS、JPG、GIF精緻圖檔。為了方便讀者使用，圖檔顏色更分為全彩、半彩、黑白等三種效果。'),
(10, '五島由實', 'Illustrator GOODS COLLECTION', 2, 'GH20173', '2008-10-29', 192, 350, '978-986-201-172-0 ', 1, '華麗的美感已經太多，簡單實用才夠迷人\r\n用自己的雙手，一折一割所做出來輕巧迷人的作品，總是有種說不出來的魅力！從開啟範本、套用圖樣、轉印、切割、縫製到完成，每個過程或許花費的時間並不多，但從動手做的那一刻開始，一股難掩的愉悅及成就感便滿滿充斥著內心。\r\n有別於一般書籍只帶給讀者單方面的介紹，本書著重於動手製作與軟體操作的相互搭配，雖然自己動手難免線條歪斜、成品也不盡完美，但樸拙的手感卻是電腦所無法比擬的。每一個製作的過程、每一次的成果都令人熱切期待；製作完成的作品，除了美觀之外，更可以依自己喜好運用在日常生活上，兼具美感與實用性－這，就是本書所帶給您的無窮魅力。\r\n\r\n◎本書著重於動手製作與軟體操作的相互搭配，並依照難易度共分為5個星等，但其實每一個製作步驟都很簡單，無需準備太多的工具與花費太多時間，就能輕鬆做出屬於自己的作品。\r\n◎透過本書將近50個作品範例的學習，激發讀者對生活的靈感，將平時隨手可得的物品，利用一點巧思設計製作，不但可增加生活樂趣，更具備再生利用的環保概念。\r\n◎本書貼心收錄以PDF格式所儲存的完成檔，讓沒有安裝Illustrator軟體的讀者，可以直接開啟PDF檔案後，直接列印使用，既省時又便利。'),
(11, '久米原榮、上田浩', 'Wireshark 網路協定分析與管理', 3, 'NE20287', '2010-01-12', 400, 480, '978-986-201-292-5', 1, '學會通訊協定與網路問題疑難排解的Wireshark實踐技術！\r\n這是一本專為想徹底了解Wireshark及網路協定的讀者們所撰寫的書籍。全書分為九大章節，在前面的章節是以Wireshark初學者必備的知識作為開端，說明網路的基本及Wireshark的概要。而在後半段為了要讓讀者在查閱上更加方便，分別以不同目的作為分類基礎，劃分成擷取操作、檔案操作、自訂設定、協定、網路、Tips、疑難排解等七個主題進行說明。\r\n\r\n本書分類清楚、圖解眾多，除了可以學會通訊協定外，也適用於想進行疑難排解的網路管理者。是一本絕對能夠為您釐清概念，讓您完全掌握這一套整合度完整的 Wireshark軟體。 '),
(12, '陳佩婷', 'Flash CS4動畫設計應用集', 3, 'NE30021', '2010-01-07', 464, 520, '978-986-201-290-1', 1, '◎以範例為導向，結合基礎觀念的說明與實用範例的步驟操作，範例精彩動人，循序漸進教導學習者進入Flash殿堂。\r\n◎內容包含基礎概念、圖文設計、動畫製作、按鈕設定、到ActionScript的程式應用，讓學習者輕鬆學會Flash的各項技巧功能。\r\n◎範例操作步驟詳盡清楚，讓學習者現學功能現用技巧，之後再舉一反三，自我驗收成果。\r\n◎熟讀本書，輕鬆學會製作酷炫動畫及精巧Flash遊戲。 '),
(13, '陳東偉', 'Internet網路實務與應用', 3, 'NE30018', '2010-01-04', 512, 500, '978-986-201-286-4', 1, '本書掌握Internet最新的觀念，結合時尚的新知與應用，教導如何利用這些網路資源來強化人脈經營、輔助學習、商業應用、社群經營、微網誌建立和網頁美化，對於網路安全的認識與防範、資訊倫理、電子商務、行動商務，也是本書關心的重點。在內容安排上，絕對是一本真正能夠掌握網際網路相關入門知識及最新科技應用的重點書籍。特色如下：\r\n\r\n■內容充實完備\r\n涵蓋的主題包括最新網際網路新知與科技應用，內容完備且豐富，依單元可分為：網路入門篇、人脈經營篇、資源活用篇、網路商業篇、視覺美化篇。\r\n■搭配圖例原理\r\n針對不易理解的原理，加入大量的圖例及示意圖來增加理解程度，期以最輕鬆的方式，吸收Internet相關應用的精華資訊。\r\n■融入實例操作\r\n將重要的軟體功能搭配實例演練，藉由循序步驟式的操作的過程從中學習實用的功能。\r\n■課後大量習題\r\n各章末尚有安排習題測驗，提供學生課後練習的機會，可作為老師驗收教學成效的測驗平台。'),
(14, '奧山壽史', '打開就能用的整站網頁設計範例集', 3, 'NE20286', '2009-12-23', 176, 380, '978-986-201-284-0', 1, '由專業設計師彙整集結了當下最具美感的網頁設計實例，您再也不需要因為沒有靈感而浪費掉寶貴的時間，本書隨附時尚的網頁設計版面，立即讓您擁有設計大師的超水準！\r\n本書共分成商店網頁的設計架構、專為介紹大量商品所設計的網頁架構、以圖片為主的簡單網頁架構、專為整合及傳達資訊所設計的網頁架構、專為個人網站所設計的架構等5個單元，並從中分析了高級感的設計、清新多彩的設計、信賴感的設計、以圖片傳達資訊的設計等14類各式的整站網頁設計，是一本可以自由使用的整站網頁設計範例集。每個設計至少都準備了一個最基本的網頁範本，只要依照本書所寫的步驟一步步執行，則無論是誰，皆可作出漂亮美觀的網頁。\r\n本書隨附光碟收錄書中所介紹設計的HTML檔案及CSS檔案，含括高級感的設計、清新多彩的設計、信賴感的設計、乾淨清爽感的設計、以圖片傳達資訊的設計等14類整站設計。打開收錄檔案可以隨修即用，加速網頁設計。'),
(15, 'Time研究室 陳錦輝', 'ASP.NET 3.5初學指引-使用Visual Basic 2008', 3, 'NE30015', '2009-10-29', 896, 650, '978-986-201-270-3', 1, '本書使用VWD採拖拉方式設計網頁介面，以事件處理模式開發ASP.NET程式為主軸，以及使用現成的相關資源來建置網站。例如使用Login等相關控制製作會員登入程式，利用驗證控制項進行輸入範圍的篩選，充分展現ASP.NET開發網頁程式的方便性。\r\n除此之外，網頁資料庫與新型態的AJAX網頁設計也包含在本書範圍之中。網頁資料庫方面可使用現成的資料控制項，幾乎不用撰寫程式就可以取得資料庫的資料，當然也能夠透過指定的SQL命令進行資料庫的存取。\r\n在觀念方面，本書將介紹ASP.NET程式的流程，並詳細說明ASP.NET為何能夠以事件處理模式開發ASP.NET程式，包含按鈕的PostBack與特定元件的AutoPostBack等行為。除此之外，也將說明AJAX運作的原理與一般網頁有何不同。\r\n\r\n本書特色\r\n■ 以「圖解」的方式來解說網站運作流程。\r\n■透過大量「實例」說明各種控制項，以實作建立ASP.NET網頁。\r\n■透過聊天室、網路書局、網路相簿等整合實例，示範如何開發具有特定功能的網站。\r\n■採用內嵌程式碼分割模型(Inline Code Separation Model，單一檔案模式)開發ASP.NET程式，讀者不必深入VB2008語法亦可學會設計ASP.NET。\r\n■隨書附贈Visual Web Developer 2008 Express（內含SQL Server Express 2008）開發網頁程式，並且大多數範例使用【檔案系統】方式建置，不需牽涉IIS與其他資料庫即可執行。\r\n■讀者不但能夠迅速學會使用 ASP.NET設計網頁，亦可增進更多的網頁知識，增強網頁設計的功力。'),
(16, '榮欽科技 鄭苑鳳', 'Dreamweaver CS4網頁設計應用集', 3, 'NE30020', '2009-09-07', 480, 520, '978-986-201-261-1', 1, '本書以範例導向，利用Step by step方式，引導初學者進入Dreamweaver CS4的世界。透過書中步驟式教學，能在短時間內熟悉網站設計建置的各項功能技巧與應用。\r\n內容分四篇，共十六章，方便教師規劃一學期的教學課程，課後評量附上各類試題與實作題練習，可評估學習效果。在各章節之後所規畫的「應用範例」，將完成一個完整的網站製作。涵蓋範圍如下：\r\n◎網站的前置規劃\r\n第一階段介紹完美的網站前置作業，學習如何規劃網站內容，提供初學者在設計網站前應有的觀念與架構。\r\n◎網頁設計基礎\r\n第二階段為網頁設計基礎，包括建立網站、設定文字以強化重點、加入表格以編排頁面、圖片編排以美化網頁、設定超連結以暢行無阻、以及網站的上傳與管理。\r\n◎ 多媒體建置篇\r\n第三階段著重在多媒體建置，包括Div設定以靈活頁面、加入頁框以多元化網頁、插入多媒體物件、Spry組件的應用、以及CSS樣式效果的運用。\r\n◎網站管理篇\r\n第四階段為互動、優化及輕鬆管理網站，介紹資源、圖庫與範本的使用，互動式表單，以及行為指令的使用。'),
(17, '賈蓉生、胡大源、許世豪', 'Java互動網站實作 -JSP與資料庫', 3, 'NE30017', '2009-08-13', 656, 620, '978-986-201-250-5', 1, '本書以初學基礎觀點，輕鬆切入JSP/Html/Java/Access設計資料庫的互動網頁操作程式，每一個學習重點都涵蓋了JSP網頁與Access 資料庫之設計與應用，藉由148則範例完全剖析JSP/Access基礎程式設計之各類問題，最後以三個實例系統貫穿全書，帶領讀者快速進入實務應用的領域。\r\n\r\n本書特色如下：\r\n* JSP/Access/JAVA環境：JSP使用jdk6.0、Tomcat6.0及Access 2007等最新版系統，介紹如何以Java語言支援JSP/Html網頁與資料庫之應用，建立第一個JSP網站資料庫。\r\n*互動式網頁設計：包括物件概念、輸入互動、預設物件、Java Bean應用、資料庫基礎操作、使用者認證等。\r\n* JSP與資料庫指令：包括Java Bean與資料庫、資料查詢、集合運算、聚合函數、巢式子查詢等。\r\n*交易管理設計：以銀行交易轉帳為例，詳細討論交易處理、轉帳交易與故障修補。\r\n* 基礎網頁框架：包括網頁框架設計與應用。將網頁分隔成數個次網頁，各個次網頁之間互相關連，使網頁多元生動，倍增功能應用。\r\n* JSP/Access應用實例：包括甄試與查榜系統、網路銀行系統、學生操行成績電腦化系統，三套系統實例引導完整設計與操作。'),
(18, '田中康博、林拓也', 'ActionScript 3.0 活用範例大辭典', 3, 'NE20280', '2009-03-23', 544, 550, '978-986-201-207-9', 1, '本書特色\r\n●依照ActionScript 3.0的各種實際應用功能來劃分成280個單元，讓讀者可以快速找到相關的內容。\r\n●詳細說明各種屬性與方法之格式、型態、傳回值、用途，以及所屬類別。\r\n●以圖片表示的執行結果，搭配範例程式碼和語法說明，讓您徹底精通 ActionScript 3.0。\r\n●隨附光碟收錄了本書所有範例的fla檔、swf檔、html檔，方便您進行學習和修改使用。'),
(19, '數位新知', '網頁設計應用集 -Dreamweaver+PhotoImpact+Flash', 3, 'NE30007', '2009-03-16', 464, 520, '978-986-201-202-4', 1, '想要製作精緻動人的網站或網頁並不是難事，但對於初學者來說往往不知該如何選擇軟體，本書將推薦以Flash來製作網頁動畫，以PhotoImpact編修影像、製作網頁元件，以Dreamweaver來做網頁的整合處理。相信看完本書之後，設計一個具專業水準又實用的網頁，對您來說絕對是件容易的事。\r\n書中內容共分為五篇，首先針對網站企劃與設計要領作介紹，接著從Dreamweaver CS3的編輯與整合開始，到PhotoImpact X3的影像編輯製作，接著搭配Flash CS3的酷炫動畫，三項超強網頁設計軟體，以一圖一步驟詳細的圖文解說方式，帶領您循序操作，輕鬆學會書中所有技巧，最後一篇結合本書所有軟體的技巧，完整的應用，讓您感受網頁製作上一氣呵成的快感。並且提昇網頁設計的功力，輕鬆完成具有個人獨特風格的網頁。'),
(20, '陳湘揚 ', '網路概論(第二版)', 3, 'NE30010', '2008-12-30', 592, 580, '978-986-201-187-4', 1, '◎參考全國多位老師教學經驗設計編撰，專為大專網路概論所設計的教學用書。\r\n◎書中以圖解和個案來談論網路的運作概念，避免艱深技術，方便老師授課。\r\n◎書中也安排簡易的網路實作練習，讓讀者可自行學習之用。\r\n◎網路基礎篇首先介紹網路的各種用途與分類；通訊協定和網路模型則介紹重要的OSI七層協定和DoD四層協定；而傳輸媒介和和網路設備，則介紹目前實際運用的媒介和概念，讓讀者知道實際網路的實體組成。\r\n◎網路原理篇針對網路運作的原理來進行比較深入的談論。深入介紹區域網路的主流-乙太網路和廣域網路，包括ADSL和Cable Modem等；另外介紹DoD模型最重要的IP層和TCP層的相關原理。\r\n◎應用層篇係討論網路應用層重要的相關應用和其原理。例如：DNS和 DHCP、WWW、檔案傳輸協定(FTP)與點對點傳輸(P2P)、電子郵件的POP3和SMTP協定、即時通軟體和網路電話等等。\r\n◎無線網路和資訊安全篇則探討無線網路和資訊安全相關應用和原理。'),
(21, '林季嫻', 'Joomla圖解架站實例應用', 3, 'NE20279', '2008-11-25', 560, 490, '978-986-201-178-2', 1, '讓您輕鬆架設及管理互動式網站的神兵利器-Joomla\r\n本書是以初、中階級的讀者為導向，將Joomla的操作程序及架設網站等功能，利用圖解加上實例導向的方式，為您深入淺出地引領至Joomla的最高殿堂。全書內容不但包含遠端主機的架設及Joomla的選單管理、內容管理、元件管理等，另外還專章深入為讀者介紹Joomla的擴充套件。透過隨附光碟的動態操作示範及實地建構，本書絕對是您在架設Joomla互動式網站時的必備工具書。\r\n\r\n◎利用步驟式的圖解說明，帶您一步步掌握Joomla的全貌\r\n◎以個案實例的解析手法，實地培養您的Joomla實戰經驗\r\n◎ 專章分析網頁、選單、內容、元件等管理，讓您輕輕鬆鬆成為Joomla達人\r\n◎透過隨附光碟內的動態教學操作示範，帶您實際體驗架站的樂趣\r\n◎ 介紹符合讀者需求的擴充套件，架設個人化的Joomla互動式網站\r\n◎由作者精選網羅線上的架站資源，讓您的網站更加豐富化 '),
(22, '前沿科技 溫謙', 'Web CSS網頁設計大全', 3, 'NE20277', '2008-10-29', 448, 580, '978-986-201-169-0', 1, '●內容深入淺出，配合範例詳細解說\r\n本書以獨特的探索方式針對CSS設計技術的原理和方法進行講解，符合自學自修的參考與應用。配合書中講解及光碟的範例，讀者不但知其然，而且知其所以然，明白了道理之後，應用起來就能遊刃有餘。\r\n●一流作品的範例實作技巧與經驗分享\r\n本書帶領大家深入探索，並透過實作與實驗，讓讀者自己體會。對各種設計中常用的網頁元素和版面配置的設計提供完整的思路和製作方法，對學習和工作過程中遇到的問題提供過來人的經驗分享。\r\n●時下最流行的設計應用技巧與實作\r\n對各種網頁元素和版面配置方式，包括各種導航、導覽功能表（水平的、垂直的、固定寬度的、自我調整寬度的、下拉的等），Tab面板、可收合式面板和折疊式面板，以及各種多欄式編排的版面配置（固定寬度的、變化寬度的、固定寬度與變化寬度結合的）…等等，都提供詳細的分類和歸納，便於讀者在理解的基礎上，直接修改後使用。\r\n作者與「CSS禪意花園」的創建者Dave Shea取得了連絡，並獲得了使用禪意花園作品的授權。本書會結合禪意花園網站中的一些精彩案例，提出技巧與設計的分析和說明。最後將綜合前面所學，從創意、拍攝素材到實際完成的全過程，培養實際製作出一流作品的實力。'),
(23, '林新德', 'Flash CS3 ActionScript 3.0應用程式設計', 3, 'NE20265', '2007-11-22', 560, 520, '978-986-201-067-9', 1, '◎詳述 ActionScript 3.0 基本觀念\r\nActionScript 3.0 的語法只有基本的部份和 ActionScript 2.0 相同，事件處理、類別定義和 API 都有極多的差異。使用Flash CS3當然要使用ActionScript 3.0，若只是使用ActionScript 2.0，顯然是停留在被淘汰的邊緣，和使用舊版本的Flash相差無幾。本書從最基本的語法、最基本的觀念開始，一步步帶領讀者進入 ActionScript 3.0的驚奇世界。\r\n◎降低物件導向的學習門檻\r\n以適當的譬喻說明物件導向程式設計，並以範例印證觀念，釐清ActionScript 3.0和其它物件導向程式語言的不同。\r\n◎細說視覺物件與組件的使用\r\n仔細說明視覺物件的架構及相互關係，並以範例說明各個組件的用法及應用。\r\n◎是觀念書也是範例書\r\n本書第一部份「基礎語法與物件導向」不厭其煩敘述基本觀念，並以範例說明觀念，打穩ActionScript 3.0基礎。第二部份「視覺物件與組件」和第三部份「資料交換與XML」使用大量範例說明常用類別的用法，讓讀者開發專案時能更得心應手。');

-- --------------------------------------------------------

--
-- 資料表結構 `friends`
--

CREATE TABLE `friends` (
  `memberId` int(3) NOT NULL,
  `FriendId` int(3) NOT NULL
) ENGINE=InnoDB DEFAULT CHARSET=utf8;

--
-- 傾印資料表的資料 `friends`
--

INSERT INTO `friends` (`memberId`, `FriendId`) VALUES
(12, 1),
(17, 1),
(21, 1),
(24, 1),
(25, 1),
(35, 1),
(48, 1),
(59, 1),
(61, 1),
(69, 1),
(71, 1),
(73, 1),
(87, 1),
(99, 1),
(8, 2),
(12, 2),
(20, 2),
(27, 2),
(28, 2),
(34, 2),
(48, 2),
(60, 2),
(72, 2),
(77, 2),
(89, 2),
(2, 3),
(22, 3),
(30, 3),
(37, 3),
(54, 3),
(71, 3),
(73, 3),
(75, 3),
(99, 3),
(100, 3),
(3, 4),
(18, 4),
(23, 4),
(29, 4),
(38, 4),
(50, 4),
(67, 4),
(70, 4),
(77, 4),
(78, 4),
(10, 5),
(13, 5),
(14, 5),
(26, 5),
(39, 5),
(55, 5),
(60, 5),
(67, 5),
(91, 5),
(8, 6),
(13, 6),
(19, 6),
(21, 6),
(40, 6),
(51, 6),
(52, 6),
(60, 6),
(68, 6),
(91, 6),
(100, 6),
(73, 7),
(78, 7),
(88, 7),
(99, 7),
(13, 8),
(27, 8),
(28, 8),
(32, 8),
(41, 8),
(45, 8),
(54, 8),
(63, 8),
(75, 8),
(80, 8),
(86, 8),
(98, 8),
(19, 9),
(24, 9),
(26, 9),
(40, 9),
(44, 9),
(64, 9),
(67, 9),
(32, 10),
(63, 10),
(65, 10),
(75, 10),
(77, 10),
(3, 11),
(6, 11),
(8, 11),
(15, 11),
(41, 11),
(49, 11),
(82, 11),
(89, 11),
(92, 11),
(7, 12),
(26, 12),
(38, 12),
(64, 12),
(97, 12),
(2, 13),
(32, 13),
(33, 13),
(68, 13),
(82, 13),
(83, 13),
(3, 14),
(19, 14),
(24, 14),
(26, 14),
(35, 14),
(38, 14),
(50, 14),
(70, 14),
(99, 14),
(1, 15),
(4, 15),
(7, 15),
(17, 15),
(24, 15),
(28, 15),
(41, 15),
(74, 15),
(79, 15),
(91, 15),
(99, 15),
(17, 16),
(22, 16),
(36, 16),
(46, 16),
(49, 16),
(53, 16),
(84, 16),
(2, 17),
(62, 17),
(3, 18),
(10, 18),
(11, 18),
(35, 18),
(42, 18),
(56, 18),
(26, 19),
(29, 19),
(36, 19),
(38, 19),
(40, 19),
(46, 19),
(50, 19),
(56, 19),
(58, 19),
(60, 19),
(92, 19),
(13, 20),
(17, 20),
(19, 20),
(30, 20),
(33, 20),
(58, 20),
(84, 20),
(90, 20),
(94, 20),
(13, 21),
(49, 21),
(55, 21),
(68, 21),
(75, 21),
(85, 21),
(92, 21),
(7, 22),
(9, 22),
(25, 22),
(33, 22),
(34, 22),
(51, 22),
(66, 22),
(71, 22),
(80, 22),
(83, 22),
(93, 22),
(2, 23),
(8, 23),
(10, 23),
(19, 23),
(29, 23),
(45, 23),
(88, 23),
(97, 23),
(2, 24),
(8, 24),
(27, 24),
(38, 24),
(46, 24),
(48, 24),
(49, 24),
(53, 24),
(54, 24),
(59, 24),
(61, 24),
(62, 24),
(69, 24),
(70, 24),
(83, 24),
(87, 24),
(89, 24),
(90, 24),
(98, 24),
(3, 25),
(13, 25),
(23, 25),
(28, 25),
(44, 25),
(60, 25),
(66, 25),
(88, 25),
(91, 25),
(15, 26),
(18, 26),
(22, 26),
(35, 26),
(51, 26),
(77, 26),
(80, 26),
(84, 26),
(90, 26),
(94, 26),
(5, 27),
(16, 27),
(30, 27),
(66, 27),
(94, 27),
(5, 28),
(21, 28),
(24, 28),
(29, 28),
(36, 28),
(63, 28),
(64, 28),
(74, 28),
(94, 28),
(9, 29),
(13, 29),
(21, 29),
(25, 29),
(31, 29),
(94, 29),
(1, 30),
(4, 30),
(5, 30),
(8, 30),
(25, 30),
(33, 30),
(37, 30),
(42, 30),
(60, 30),
(73, 30),
(85, 30),
(89, 30),
(97, 30),
(5, 31),
(6, 31),
(15, 31),
(43, 31),
(72, 31),
(9, 32),
(26, 32),
(27, 32),
(30, 32),
(44, 32),
(53, 32),
(63, 32),
(64, 32),
(80, 32),
(86, 32),
(100, 32),
(2, 33),
(4, 33),
(6, 33),
(7, 33),
(39, 33),
(63, 33),
(71, 33),
(82, 33),
(88, 33),
(95, 33),
(6, 34),
(16, 34),
(17, 34),
(23, 34),
(30, 34),
(37, 34),
(42, 34),
(55, 34),
(60, 34),
(62, 34),
(63, 34),
(64, 34),
(74, 34),
(84, 34),
(99, 34),
(10, 35),
(37, 35),
(45, 35),
(64, 35),
(68, 35),
(77, 35),
(78, 35),
(82, 35),
(89, 35),
(94, 35),
(11, 36),
(18, 36),
(23, 36),
(24, 36),
(35, 36),
(61, 36),
(65, 36),
(69, 36),
(91, 36),
(93, 36),
(99, 36),
(18, 37),
(46, 37),
(63, 37),
(65, 37),
(67, 37),
(90, 37),
(1, 38),
(10, 38),
(11, 38),
(27, 38),
(39, 38),
(46, 38),
(47, 38),
(48, 38),
(55, 38),
(60, 38),
(69, 38),
(82, 38),
(90, 38),
(10, 39),
(19, 39),
(25, 39),
(35, 39),
(53, 39),
(55, 39),
(60, 39),
(70, 39),
(73, 39),
(77, 39),
(79, 39),
(95, 39),
(13, 40),
(14, 40),
(20, 40),
(21, 40),
(22, 40),
(32, 40),
(52, 40),
(66, 40),
(75, 40),
(20, 41),
(39, 41),
(48, 41),
(61, 41),
(66, 41),
(69, 41),
(75, 41),
(85, 41),
(96, 41),
(16, 42),
(23, 42),
(29, 42),
(32, 42),
(39, 42),
(59, 42),
(81, 42),
(85, 42),
(10, 43),
(12, 43),
(17, 43),
(33, 43),
(51, 43),
(56, 43),
(61, 43),
(5, 44),
(8, 44),
(19, 44),
(20, 44),
(28, 44),
(31, 44),
(50, 44),
(58, 44),
(66, 44),
(80, 44),
(85, 44),
(3, 45),
(4, 45),
(7, 45),
(28, 45),
(36, 45),
(64, 45),
(67, 45),
(71, 45),
(73, 45),
(77, 45),
(93, 45),
(7, 46),
(17, 46),
(29, 46),
(33, 46),
(42, 46),
(56, 46),
(80, 46),
(2, 47),
(10, 47),
(12, 47),
(23, 47),
(32, 47),
(35, 47),
(48, 47),
(55, 47),
(59, 47),
(83, 47),
(10, 48),
(17, 48),
(19, 48),
(42, 48),
(78, 48),
(83, 48),
(98, 48),
(12, 49),
(13, 49),
(28, 49),
(35, 49),
(38, 49),
(56, 49),
(60, 49),
(34, 50),
(45, 50),
(46, 50),
(47, 50),
(64, 50),
(73, 50),
(93, 50),
(95, 50),
(10, 51),
(12, 51),
(13, 51),
(17, 51),
(19, 51),
(25, 51),
(32, 51),
(37, 51),
(48, 51),
(57, 51),
(58, 51),
(84, 51),
(95, 51),
(1, 52),
(8, 52),
(11, 52),
(24, 52),
(27, 52),
(39, 52),
(58, 52),
(83, 52),
(90, 52),
(12, 53),
(29, 53),
(40, 53),
(66, 53),
(67, 53),
(75, 53),
(76, 53),
(77, 53),
(79, 53),
(82, 53),
(91, 53),
(98, 53),
(19, 54),
(20, 54),
(25, 54),
(26, 54),
(38, 54),
(44, 54),
(50, 54),
(53, 54),
(67, 54),
(78, 54),
(97, 54),
(12, 55),
(52, 55),
(54, 55),
(61, 55),
(82, 55),
(88, 55),
(7, 56),
(12, 56),
(24, 56),
(29, 56),
(38, 56),
(47, 56),
(54, 56),
(63, 56),
(64, 56),
(87, 56),
(89, 56),
(92, 56),
(95, 56),
(1, 57),
(3, 57),
(16, 57),
(18, 57),
(20, 57),
(23, 57),
(30, 57),
(36, 57),
(39, 57),
(52, 57),
(76, 57),
(88, 57),
(89, 57),
(91, 57),
(8, 58),
(17, 58),
(46, 58),
(48, 58),
(54, 58),
(76, 58),
(2, 59),
(27, 59),
(28, 59),
(44, 59),
(58, 59),
(64, 59),
(76, 59),
(83, 59),
(86, 59),
(44, 60),
(45, 60),
(16, 61),
(51, 61),
(65, 61),
(78, 61),
(86, 61),
(1, 62),
(19, 62),
(37, 62),
(40, 62),
(46, 62),
(64, 62),
(74, 62),
(20, 63),
(21, 63),
(27, 63),
(45, 63),
(49, 63),
(65, 63),
(69, 63),
(76, 63),
(79, 63),
(88, 63),
(98, 63),
(20, 64),
(29, 64),
(39, 64),
(63, 64),
(71, 64),
(86, 64),
(1, 65),
(4, 65),
(20, 65),
(21, 65),
(33, 65),
(34, 65),
(62, 65),
(79, 65),
(92, 65),
(100, 65),
(4, 66),
(12, 66),
(18, 66),
(29, 66),
(49, 66),
(51, 66),
(64, 66),
(69, 66),
(81, 66),
(84, 66),
(97, 66),
(6, 67),
(34, 67),
(44, 67),
(99, 67),
(17, 68),
(22, 68),
(46, 68),
(73, 68),
(79, 68),
(81, 68),
(84, 68),
(92, 68),
(9, 69),
(48, 69),
(49, 69),
(64, 69),
(72, 69),
(74, 69),
(78, 69),
(79, 69),
(86, 69),
(7, 70),
(9, 70),
(10, 70),
(13, 70),
(23, 70),
(34, 70),
(42, 70),
(55, 70),
(62, 70),
(71, 70),
(76, 70),
(82, 70),
(19, 71),
(28, 71),
(56, 71),
(61, 71),
(5, 72),
(21, 72),
(36, 72),
(49, 72),
(55, 72),
(85, 72),
(87, 72),
(94, 72),
(13, 73),
(37, 73),
(41, 73),
(59, 73),
(6, 74),
(42, 74),
(43, 74),
(63, 74),
(84, 74),
(96, 74),
(4, 75),
(12, 75),
(22, 75),
(23, 75),
(31, 75),
(46, 75),
(50, 75),
(54, 75),
(63, 75),
(71, 75),
(82, 75),
(89, 75),
(99, 75),
(8, 76),
(10, 76),
(14, 76),
(20, 76),
(24, 76),
(32, 76),
(41, 76),
(45, 76),
(46, 76),
(65, 76),
(69, 76),
(72, 76),
(73, 76),
(80, 76),
(82, 76),
(34, 77),
(65, 77),
(70, 77),
(74, 77),
(82, 77),
(92, 77),
(98, 77),
(6, 78),
(23, 78),
(24, 78),
(46, 78),
(47, 78),
(49, 78),
(59, 78),
(74, 78),
(75, 78),
(97, 78),
(9, 79),
(10, 79),
(16, 79),
(17, 79),
(44, 79),
(81, 79),
(83, 79),
(97, 79),
(1, 80),
(6, 80),
(7, 80),
(18, 80),
(30, 80),
(31, 80),
(47, 80),
(48, 80),
(62, 80),
(67, 80),
(69, 80),
(88, 80),
(94, 80),
(99, 80),
(19, 81),
(22, 81),
(33, 81),
(39, 81),
(49, 81),
(53, 81),
(55, 81),
(59, 81),
(69, 81),
(85, 81),
(97, 81),
(100, 81),
(4, 82),
(12, 82),
(42, 82),
(44, 82),
(48, 82),
(59, 82),
(80, 82),
(85, 82),
(97, 82),
(9, 83),
(37, 83),
(49, 83),
(61, 83),
(69, 83),
(70, 83),
(77, 83),
(94, 83),
(98, 83),
(12, 84),
(23, 84),
(31, 84),
(42, 84),
(48, 84),
(49, 84),
(56, 84),
(58, 84),
(59, 84),
(70, 84),
(73, 84),
(78, 84),
(88, 84),
(2, 85),
(22, 85),
(23, 85),
(45, 85),
(68, 85),
(77, 85),
(100, 85),
(2, 86),
(6, 86),
(14, 86),
(20, 86),
(26, 86),
(37, 86),
(41, 86),
(42, 86),
(46, 86),
(56, 86),
(63, 86),
(85, 86),
(92, 86),
(10, 87),
(23, 87),
(25, 87),
(27, 87),
(40, 87),
(51, 87),
(54, 87),
(83, 87),
(90, 87),
(95, 87),
(100, 87),
(4, 88),
(27, 88),
(28, 88),
(29, 88),
(35, 88),
(39, 88),
(43, 88),
(61, 88),
(67, 88),
(73, 88),
(100, 88),
(26, 89),
(34, 89),
(45, 89),
(49, 89),
(69, 89),
(74, 89),
(83, 89),
(85, 89),
(96, 89),
(97, 89),
(23, 90),
(36, 90),
(64, 90),
(67, 90),
(77, 90),
(91, 90),
(98, 90),
(4, 91),
(7, 91),
(19, 91),
(21, 91),
(27, 91),
(31, 91),
(46, 91),
(48, 91),
(50, 91),
(51, 91),
(68, 91),
(80, 91),
(9, 92),
(24, 92),
(33, 92),
(34, 92),
(50, 92),
(62, 92),
(66, 92),
(76, 92),
(91, 92),
(98, 92),
(32, 93),
(68, 93),
(83, 93),
(90, 93),
(1, 94),
(23, 94),
(32, 94),
(65, 94),
(69, 94),
(71, 94),
(7, 95),
(19, 95),
(20, 95),
(23, 95),
(40, 95),
(57, 95),
(69, 95),
(81, 95),
(12, 96),
(50, 96),
(66, 96),
(69, 96),
(78, 96),
(91, 96),
(18, 97),
(37, 97),
(46, 97),
(52, 97),
(65, 97),
(100, 97),
(16, 98),
(27, 98),
(33, 98),
(37, 98),
(50, 98),
(81, 98),
(84, 98),
(86, 98),
(96, 98),
(100, 98),
(24, 99),
(26, 99),
(27, 99),
(41, 99),
(43, 99),
(72, 99),
(85, 99),
(4, 100),
(15, 100),
(25, 100),
(27, 100),
(35, 100),
(55, 100),
(76, 100),
(96, 100),
(25, 114),
(25, 946);

-- --------------------------------------------------------

--
-- 資料表結構 `invite_member`
--

CREATE TABLE `invite_member` (
  `invite_id` int(11) NOT NULL,
  `reserve_id` int(11) DEFAULT NULL,
  `iv_member_id` int(11) DEFAULT NULL,
  `created_time` timestamp NOT NULL DEFAULT CURRENT_TIMESTAMP ON UPDATE CURRENT_TIMESTAMP
) ENGINE=InnoDB DEFAULT CHARSET=utf8;

--
-- 傾印資料表的資料 `invite_member`
--

INSERT INTO `invite_member` (`invite_id`, `reserve_id`, `iv_member_id`, `created_time`) VALUES
(2, 3, 2, '2023-07-23 09:16:38'),
(3, NULL, NULL, '2023-07-23 09:18:20'),
(4, 71, 4, '2023-07-23 09:19:01'),
(5, 72, 3, '2023-07-23 09:19:27'),
(6, 72, 1, '2023-07-23 09:19:27'),
(7, 72, 4, '2023-07-23 09:19:27'),
(8, 74, 3, '2023-07-23 09:29:37'),
(9, 74, 1, '2023-07-23 09:29:37'),
(10, 75, 2, '2023-07-23 09:30:26'),
(11, 75, 4, '2023-07-23 09:30:26'),
(12, 75, 1, '2023-07-23 09:30:26'),
(13, 81, 2, '2023-07-23 09:45:41'),
(14, 96, 3, '2023-07-26 12:46:44'),
(15, 96, 2, '2023-07-26 12:46:44'),
(16, 171, 65, '2023-07-27 02:50:06'),
(17, 171, 80, '2023-07-27 02:50:06'),
(18, 172, 57, '2023-07-27 05:58:25'),
(19, 172, 52, '2023-07-27 05:58:25'),
(20, 175, 15, '2023-07-31 08:18:05'),
(21, 175, 30, '2023-07-31 08:18:05'),
(22, 176, 57, '2023-08-04 03:25:00'),
(23, 176, 52, '2023-08-04 03:25:00'),
(24, 177, 57, '2023-08-04 03:27:01'),
(25, 177, 52, '2023-08-04 03:27:01'),
(26, 178, 65, '2023-08-04 07:47:42'),
(27, 178, 62, '2023-08-04 07:47:42'),
(28, 179, 94, '2023-08-04 07:50:07'),
(29, 179, 80, '2023-08-04 07:50:07'),
(30, 180, 4, '2023-08-07 02:44:42'),
(31, 180, 7, '2023-08-07 02:44:42'),
(32, 183, 1, '2023-08-07 04:14:39'),
(33, 183, 3, '2023-08-07 04:14:39'),
(72, 189, 2, '2023-08-07 07:35:28'),
(73, 190, 2, '2023-08-07 07:45:48'),
(74, 190, 9, '2023-08-07 07:45:48'),
(75, 191, 7, '2023-08-07 07:47:47'),
(76, 191, 0, '2023-08-07 07:47:47'),
(77, 192, 2, '2023-08-07 07:50:10'),
(78, 192, 9, '2023-08-07 07:50:10'),
(79, 193, 9, '2023-08-07 07:53:19'),
(80, 193, 2, '2023-08-07 07:53:19'),
(81, 194, 70, '2023-08-07 07:53:59'),
(82, 194, 79, '2023-08-07 07:53:59'),
(83, 195, 32, '2023-08-07 07:54:45'),
(84, 195, 69, '2023-08-07 07:54:45'),
(85, 195, 70, '2023-08-07 07:54:45'),
(86, 196, 2, '2023-08-07 07:55:19'),
(87, 196, 2, '2023-08-07 07:55:19'),
(88, 198, 70, '2023-08-07 08:05:26'),
(89, 198, 79, '2023-08-07 08:05:26'),
(91, 0, NULL, '2023-08-07 08:26:14'),
(92, 0, NULL, '2023-08-07 08:26:14'),
(93, 0, NULL, '2023-08-07 08:26:45'),
(94, 0, NULL, '2023-08-07 08:26:45'),
(95, 199, NULL, '2023-08-07 08:29:38'),
(96, 199, NULL, '2023-08-07 08:29:38'),
(97, 200, 32, '2023-08-08 01:29:47'),
(98, 200, 22, '2023-08-08 01:29:47'),
(99, 200, 29, '2023-08-08 01:29:47'),
(100, 201, 70, '2023-08-08 01:39:26'),
(104, 203, 69, '2023-08-08 03:34:40'),
(105, 203, 32, '2023-08-08 03:34:40'),
(106, 204, 70, '2023-08-08 03:42:07'),
(107, 204, 69, '2023-08-08 03:42:07'),
(110, 205, 29, '2023-08-08 06:14:31'),
(119, 202, 32, '2023-08-08 08:32:20'),
(120, 206, 32, '2023-08-09 04:40:16'),
(121, 206, 69, '2023-08-09 04:40:16'),
(122, 207, 32, '2023-08-09 04:52:20'),
(123, 208, 92, '2023-08-09 04:55:05'),
(124, 209, 69, '2023-08-09 04:57:52'),
(125, 210, 83, '2023-08-09 04:58:22'),
(126, 211, 70, '2023-08-09 05:01:23'),
(127, 212, 70, '2023-08-09 05:01:54'),
(128, 213, 70, '2023-08-09 05:02:40'),
(129, 214, 29, '2023-08-09 05:03:21'),
(130, 214, 32, '2023-08-09 05:03:21'),
(132, 216, 32, '2023-08-09 05:18:21'),
(133, 216, 29, '2023-08-09 05:18:21'),
(134, 215, 70, '2023-08-09 07:00:16'),
(138, 218, 69, '2023-08-10 02:22:06'),
(141, 219, 29, '2023-08-10 02:40:16'),
(142, 219, 32, '2023-08-10 02:40:16'),
(143, 220, 70, '2023-08-10 05:06:34'),
(144, 220, 79, '2023-08-10 05:06:34'),
(147, 221, 32, '2023-08-10 05:16:57'),
(159, 224, 34, '2023-08-10 08:51:49'),
(160, 224, 43, '2023-08-10 08:51:49'),
(161, 225, 42, '2023-08-10 10:55:21'),
(162, 225, 36, '2023-08-10 10:55:21'),
(163, 225, 34, '2023-08-10 10:55:21');

-- --------------------------------------------------------

--
-- 資料表結構 `itinerary`
--

CREATE TABLE `itinerary` (
  `itin_id` int(50) NOT NULL,
  `itin_member_id` int(11) DEFAULT NULL,
  `coverPhoto` varchar(100) DEFAULT NULL,
  `name` varchar(50) NOT NULL,
  `date` date DEFAULT NULL,
  `description` text,
  `public` varchar(20) DEFAULT NULL,
  `ppl` int(11) DEFAULT NULL,
  `note` text,
  `time` time DEFAULT NULL,
  `create_at` datetime NOT NULL
) ENGINE=InnoDB DEFAULT CHARSET=utf8mb4;

--
-- 傾印資料表的資料 `itinerary`
--

INSERT INTO `itinerary` (`itin_id`, `itin_member_id`, `coverPhoto`, `name`, `date`, `description`, `public`, `ppl`, `note`, `time`, `create_at`) VALUES
(82, 2, '1920x1080_attractions-image-fwfaxumoiegq42wwkiwkpg.jpg', '台北: 猴硐貓村＆九份美食探索與品茶一日遊', '2023-07-30', '猴銅貓村曾獲CNN推薦為全球六大賞貓景點\r\n深入九份小徑與探索美食小吃\r\n品嚐台灣在地茶葉，遼望海景\r\n進入金礦博物館，了解煤礦歷史與對在地的文化影響', '公開', 6, '* 行程可能視交通與天候狀況調整\r\n*此活動最少需6人成團，如未達最低成團人數，將為你安排改期\r\n*行程包含大量步行及階梯攀爬，請確保有足夠體力參加。', '08:00:00', '2023-07-27 16:03:46'),
(86, 2, '20190126200544-f4cbc46b.jpg', '新北:平溪十分天燈半日遊', '2023-07-31', '台北一日遊推薦！半日體驗平溪當地天燈文化，了解台灣文化遺產\r\n走訪與火車鐵軌並存相連的十分老街，也是許多電影的取景勝地\r\n前往十分車站尋找通往幸福的郵筒\r\n闖入宛如人間仙境的十分瀑布，有台灣的尼加拉瓜瀑布之稱', '公開', 5, '*此活動最少需4人成團，如未達最低成團人數，將為你安排改期\n*若因天氣影響無法出行，將於活動日前一天透過email或手機通知\n*請提前5分鐘抵達集合地點', '09:30:00', '2023-07-27 16:10:20'),
(87, 2, 'pic.jpeg', '基隆＆新北:野柳郊外半日遊', '2023-08-01', '幸運的話可以在龜吼漁港看見萬里蟹\r\n深度基隆及野柳欣賞令人嘖嘖稱奇的東北角海岸線景色\r\n看見野柳由大自然鬼斧神工的雕刻塑造出獨一無二的岩石', '公開', 3, '*此活動最少需4人成團，如未達最低成團人數，將為你安排改期\r\n*若因天氣影響無法出行，將於活動日前一天透過email或手機通知\r\n*請提前5分鐘抵達集合地點', '09:00:00', '2023-07-27 16:13:31'),
(88, 2, 'zozivvvwi82szk9cfnkc.jpg', '台北茶文化一日遊:在地茶園茶席體驗・貓空纜車', '2023-08-07', '一次走訪台北近郊三大茶區，沉浸在茶香繚繞的美好時光\r\n搭乘貓空纜車,感受居高臨下俯視台灣山景的壯麗\r\n享受自然風光，感受千島湖靜謐的氛圍，彷彿被自然擁抱', '公開', 5, '*此活動最少需5人成團，如未達最低成團人數，將為你安排改期\r\n*若因天氣影響無法出行，將於活動日前一天透過email或手機通知\r\n*請提前5分鐘抵達集合地點', '08:00:00', '2023-07-27 16:16:43'),
(89, 2, 'shutterstock_1377979610.jpg', '台北象山探索一日遊', '2023-07-28', '在像山近距離觀看台北101大樓以及眺望寬敞的城市風景', '公開', 3, '*此活動最少需3人成團，如未達最低成團人數，將為你安排改期\r\n*若因天氣影響無法出行，將於活動日前一天透過email或手機通知\r\n*請提前5分鐘抵達集合地點', '09:00:00', '2023-07-27 16:21:49'),
(90, 2, '20200928130639_13.jpg', '平溪線三貂嶺碩仁秘境小鎮一日遊', '2023-08-07', '沿著基隆河谷來趟三貂嶺碩仁一日遊小旅行，走訪猴硐國小猴子溜滑梯、礦工紀念館、猴硐礦工文史館、猴硐壺穴，前往秘境小鎮碩仁聚落品嘗阿珠姐肉羹、文瓊小築草仔粿，步行前往三貂嶺車站、碩仁國小，最後再以Cafe Hytte的咖啡香當作結尾，來場猴硐、三貂嶺之旅', '不公開', 4, '*請提前5分鐘抵達集合地點\r\n*快快樂樂渡過一天吧～', '09:30:00', '2023-07-27 16:26:50'),
(93, 5, '東北角一日遊.jpg', '東北角必去IG打卡景點一日遊', '2023-07-29', '漫步在台灣東北角，遠眺海景、近觀海岸海蝕地形\r\n最療癒的觀海步道，讓人最嚮往的忘憂地點\r\n200年歷史漁港，化身為台版威尼斯彩色島\r\n不能錯過的北台灣基隆廟口在地美食', '不公開', 3, '一起當美美網美一天吧～～', NULL, '2023-07-28 21:30:36'),
(96, 2, '1024x768_attractions-image-c1cb45bt3eom6wfbjxxxqa.jpg', '淡水一日遊', '2023-07-31', '淡水騎踏車，吃吃喝喝，下午一起看夕陽', '不公開', 3, '快快樂樂渡過一天吧！', '10:00:00', '2023-07-31 11:45:19'),
(97, 55, '1920x1080_attractions-image-2not98phfuerj636ka-ywq.jpg', '基隆八斗子景點一日遊', '2023-07-31', '滿分的順遊地圖，走遊八斗子景點\r\n順遊美景，輕鬆規畫一日遊，就能玩的很精彩\r\n還能收錄滿滿美圖，歡樂度過每一個假期唷～', '公開', 6, '帶著快樂的心情出門吧～', '08:00:00', '2023-07-31 20:13:21'),
(102, 2, '1630645163-1886000378-g_wn.jpg', '和平島', '2023-08-01', '和平島', '不公開', 2, '和平島', NULL, '2023-08-01 21:24:27'),
(104, 55, 'tour007001.jpg', '猴銅貓村', '2023-08-01', '猴銅貓村', '公開', 2, '猴銅貓村', NULL, '2023-08-01 21:44:03'),
(112, 25, '1024x768_attractions-image-b7fnf-nawewxv2l-mejppq.jpg', '陽明山一日遊', '2023-08-04', '陽明山一日遊', '不公開', 3, '陽明山一日遊', NULL, '2023-08-04 16:32:09'),
(123, 22, '1024x768_attractions-image-4jc9kqhpl0ctleja2d546g.jpg', '烏來老街', '2023-08-05', '烏來老街烏來老街', '公開', 3, '烏來老街烏來老街烏來老街', '09:00:00', '2023-08-05 13:10:59'),
(124, 2, 'jolley-hotel-apartment-hotel-thumbnail-190318a_1.jpg', '台北- 夜迷之行：鼎泰豐晚餐＆饒河夜市', '2023-08-06', '到訪曾為世界第一高樓的台北101。\r\n享用「米其林指南必比登推薦」鼎泰豐小籠包。\r\n探索台灣街頭美食好去處 ─ 饒河街觀光夜市。', '公開', 3, '* 菜單可能隨季節與食材供應調整\r\n* 行程可能視交通與天候狀況調整\r\n* 若因天氣因素無法成行，將於活動日前一天透過email或手機告知\r\n* 請提前5分鐘抵達集合地點', NULL, '2023-08-06 00:38:26'),
(126, 2, 'myahd7yq3tvsp3e1xbtb.jpg', '華山', '2023-08-06', '華山', '不公開', 3, '華山', '14:11:00', '2023-08-06 02:12:12'),
(130, 66, '1024x768_attractions-image-nxs675c6dumn6yewiqgpig.jpg', '七星', '2023-08-06', '七星', '公開', 3, '七星', '04:36:00', '2023-08-06 03:36:33'),
(131, 55, '1024x768_attractions-image-pkrrlzl040kji9uiohe7oa.jpg', '北投', '2023-08-17', '北投', '公開', 4, '北投', '04:55:00', '2023-08-06 03:55:55'),
(132, 20, 'article-625cd41d8fb38.jpg', '三貂嶺-腳踏車漫遊', '2023-08-11', '快節奏的台北 總是無形中帶給我們壓力\r\n看了想去的旅遊地點 卻遲遲沒有行動\r\n決定放慢角度 細細品味台灣的美景\r\n這是我愛自己 愛台灣的方式♥️', '公開', 4, '集合地點：台北車站\r\n行程時間：含搭車 總共約8小時\r\n人數：4人以內（能夠互相分享交流的人數）', '08:00:00', '2023-08-06 12:23:46'),
(134, 2, '84e13aaab557cb3532b0763a2e5aaf8f.jpeg', '花博公園', '2023-08-07', '享受不一樣的台北風情～', '不公開', 3, '花博公園', '16:07:00', '2023-08-06 14:07:19'),
(136, 2, 'pic_2129_3.jpg', '台北: 淡水國家級古蹟 & 北投溫泉一日遊', '2023-08-11', '台灣最早開發的北部區域，一覽國家級歷史古蹟\r\n瞭望淡水河口與海的界線，台北市最美觀海地點\r\n熱門淡水老街，品嚐在地美食\r\n日據時代最著名的溫泉開發區\r\n終年瀰漫著硫磺煙霧的地熱谷，是北投溫泉的源頭', '公開', 6, '*此活動最少需6人成團，如未達最低成團人數，將為你安排改期', '09:20:00', '2023-08-07 18:21:42'),
(137, 2, '1024x768_attractions-image-hy7x3b6nq0sullro7o4gkq.jpg', '軍艦岩親山步道', '2023-08-09', 'IG打卡景點 ! 遠眺臺北盆地 !', '公開', 3, '搭乘捷運至石牌站至一號出口出站後，可步行至陽明大學登山口，步行約20分鐘', '09:48:00', '2023-08-08 09:49:51'),
(138, 2, '5072_1.jpg', '圖坦卡門：出土百年紀念特展', '2023-08-10', '一起來去看埃及木乃伊吧！！', '公開', 4, '*找尋對埃及有興趣的朋友', '10:52:00', '2023-08-08 09:53:04'),
(139, 2, '1920x1080_attractions-image-ednhaec4nekngjgcawb2gw.jpg', '三峽老街一日遊', '2023-08-21', '三峽私房景點，一起走入懷舊時光', '公開', 3, '*請提早10分鐘集合', '09:30:00', '2023-08-08 10:01:33'),
(140, 2, '1920x1080_20130829162820.jpg', '三峽老街一日遊｜山林秘境探險路線', '2023-08-09', '喜歡漫步在樹木間的朋友們，一邊散步一邊享受微風和大自然的芬多精，獲得身心靈的解放', '公開', 4, '*喜歡山林秘境的朋友們還不趕快放入避暑名單', '08:05:00', '2023-08-08 10:06:33'),
(141, 2, '9177F0FB-3240-437C-A0B9-BCE10B469212_e.jpg', '礁溪一日遊', '2023-08-20', '欣賞宜蘭的最美夜景', '公開', 4, '*如遇天候不佳或不可抗力情況，可能取消行程或安排改期', '10:00:00', '2023-08-08 10:13:09'),
(142, 2, '628_news_banner.jpg', '三峽老街吃吃喝喝', '2023-08-11', '三峽老街吃吃喝喝', '公開', 6, '*身為吃貨的你，不要錯過這次行程\r\n*一起記錄美食地圖吧', '10:17:00', '2023-08-08 10:19:22'),
(144, 2, 'mainhomeBanner1.jpg', '朱銘美術館&美食一日遊', '2023-08-14', '朱銘美術館位於新北金山區，寬敞的館區擺放著朱銘不同時期的作品，讓人沉浸在藝術的薰陶之中。\r\n走在美術館就像在大型公園裡散步。', '公開', 5, '*朱銘美術館位於新北金山區，寬敞的館區擺放著朱銘不同時期的作品，讓人沉浸在藝術的薰陶之中。', '09:30:00', '2023-08-08 10:26:42'),
(145, 2, '1920x1080_20130829162820.jpg', '台北一日遊', '2023-08-08', '第一次來台北玩，好期待', '不公開', 3, '第一次來台北玩，好期待', '04:04:00', '2023-08-08 14:03:16'),
(148, 21, '1024x768_attractions-image-y8ggbhpeduqjcztypawkha.jpg', '金瓜石一日遊', '2023-08-13', '難得的休假日，來個金瓜石一日遊小旅行吧！', '公開', 4, '難得的休假日，來個金瓜石一日遊小旅行吧！', '10:00:00', '2023-08-08 14:41:52'),
(149, 2, 'Fulong-International-Sand-Sculpture-Art-Season-2023-8.jpg', '福隆沙雕季一日遊', '2023-08-23', '今年以”經典迪士尼百年慶典”為主題\r\n將近60座的迪士尼黃金沙雕主題作品\r\n主雕是超級夢幻的20公尺高的迪士尼城堡呀\r\n再搭配新北福隆貢寮一日遊絕對精彩充實!', '公開', 3, '*今年以”經典迪士尼百年慶典”為主題', '10:10:00', '2023-08-08 15:08:53'),
(150, 32, '1574055895-2804131009_n.jpg', '坪林景點一日遊', '2023-08-13', '坪林擁有得天獨厚的地形優勢，水資源也很豐富\r\n走訪坪林，就是來到茶的故鄉，處處是茶田美景\r\n來賞茶園，少不了要品嚐茶香，吃美味茶點料理', '公開', 5, '*走訪坪林，就是來到茶的故鄉，處處是茶田美景', '10:15:00', '2023-08-08 15:14:52'),
(151, 2, '363206.jpeg', '望幽谷濱海步道', '2023-08-09', '46546', '公開', 3, '*八斗子半日遊', '14:06:00', '2023-08-08 23:06:59'),
(152, 66, '16844760763712942540.jpg', '大稻埕夏日煙火', '2023-08-09', '每年固定於七夕情人節舉辦的大稻埕情人節煙火秀，一直以來都會吸引不少觀光客前往觀賞，也是除台北101跨年煙火之外，在台北夏日舉行的大型煙火表演。', '公開', 5, '*晚餐-寧夏夜市\r\n*大稻埕逛市集', '17:35:00', '2023-08-09 10:46:16'),
(153, 88, '221739.jpeg', '故宮一日遊', '2023-08-27', '來一場士林藝文知性之旅吧～', '公開', 3, '', '09:30:00', '2023-08-09 10:56:42'),
(154, 3, '13_18060412160413437.jpg', '總統府＆華山文創一日遊', '2023-08-09', '懷舊與潮流的風雲際會，走進生活裡的傳統建築', '公開', 4, '*此活動最少需4人成團，如未達最低成團人數，將為你安排改期', '10:52:00', '2023-08-09 11:54:35'),
(155, 87, 'pic_73_2.jpg', '松山文創＆中正紀念堂一日遊', '2023-08-11', '一日小旅行起點從這邊開始~', '公開', 3, '*一日小旅行起點從這邊開始~', '13:00:00', '2023-08-09 12:01:03'),
(156, 7, '20200611151632_82.jpg', '石碇＆深坑一日遊（新北景點）', '2023-08-12', '許多人來深坑，只在老街吃美食實在有點可惜，老街上其實有一些拍照景點，而且附近也有古蹟可以走走參觀。\r\n更有多條步道，滿足你走向大自然的心願。', '公開', 5, '*深坑老街吃吃喝喝', '22:20:00', '2023-08-09 12:05:14'),
(157, 8, '淡水關稅務司官邸.jpg', '淡水一日遊', '2023-08-13', '淡水有豐富的文化古蹟、熱鬧的淡水老街、也有浪漫的景觀餐廳、新開的影城，很久沒有走訪淡水，覺得淡水真的耳目一新，\r\n以下一日遊景點推薦給大家。', '公開', 6, '*希望大家有不一樣淡水回憶', '22:00:00', '2023-08-09 12:10:24'),
(158, 12, '20180730161033-da3e5253.jpg', '碧潭＆烏來一日遊', '2023-08-21', '踏青之外還能泡溫泉呢～～', '公開', 3, '*一起去郊外踏青吧！\r\n*如遇到天氣因素可能會取消或改期唷～', '22:30:00', '2023-08-09 13:32:50'),
(159, 9, '6BAE69E4-3197-47E1-8FE4-7B7A39874159_e.jpg', '木柵動物園半日遊', '2023-08-13', '木柵動物園，超值得一訪再訪，又萌又可愛的動物們趕緊來看看', '公開', 4, '*木柵動物園，超值得一訪再訪，又萌又可愛的動物們趕緊來看看', '13:30:00', '2023-08-09 13:35:43'),
(160, 10, 'std_9880acbdb3d8430cabbc1fcd48430128.jpg', '台灣第一學府知性一日遊', '2023-08-15', '走入歷史懷舊時光', '公開', 4, '*體驗不同的歷史文情', '21:40:00', '2023-08-09 13:38:24'),
(161, 11, 'IMG_2083-850x478.jpg', '古蹟＆潮流衝突一日遊', '2023-08-11', '體驗古蹟＆潮流衝突一日遊', '公開', 5, '*剝皮寮，百年前清朝街道風貌，過去因為電影《艋舺》而爆紅。\r\n紅磚牆、拱型騎樓、雕花窗櫺是最大參觀重點，順便品嘗龍山寺美食超好玩', '14:30:00', '2023-08-09 13:44:31'),
(162, 16, 'pic.jpeg', '基隆海線一日遊', '2023-08-20', '放空看海踩鐵道自行車', '公開', 5, '*騎腳踏車一路上欣賞海景', '09:30:00', '2023-08-09 13:56:05'),
(163, 77, 'A20220112134401723.jpg', '基隆文青一日遊', '2023-08-14', '帶大家造訪基隆地標夜景等特色景點，讓你看見基隆最美的風景', '公開', 4, '*遠離市區，看看夜景', '22:30:00', '2023-08-09 14:26:05'),
(164, 2, '1024x768_attractions-image-ft7cy8frh0kfaqpkaszotw.jpg', '陽明山半日遊', '2023-08-13', '擎天岡看牛牛～', '不公開', 2, '擎天岡看牛牛～', '09:30:00', '2023-08-09 14:48:38'),
(166, 2, '四四南村.jpeg', '台北101、四四南村一日遊', '2023-08-23', '大都會下的眷村風情，美食、遊憩、拍照好去處', '公開', 4, '*大都會下的眷村風情，美食、遊憩、拍照好去處', '10:10:00', '2023-08-10 09:10:13'),
(167, 2, 'yingof_0027.jpg', '鶯歌、三峽一日遊', '2023-08-12', '鶯歌、三峽吃吃喝喝', '公開', 3, '*一起做屬於自己陶做', '09:30:00', '2023-08-10 09:27:59'),
(168, 2, '西門町.jpg', '華山、中正紀念堂、西門町一日遊', '2023-08-10', '西門町吃吃喝喝', '不公開', 2, '*西門町吃吃喝喝', '02:40:00', '2023-08-10 09:37:30'),
(169, 2, 'pic (1).jpeg', '兒童新樂園 ', '2023-08-20', '回憶當兒童感覺', '不公開', 4, '回憶當兒童感覺', '10:42:00', '2023-08-10 09:42:13'),
(170, 2, '1mj4t12000aq3a4dq3153_C_800_600_R5.jpg_.webp', '陽明山兜風', '2023-08-18', '補足假期空閒時間，讓生活更加充實與美好\r\n', '不公開', 3, '*補足假期空閒時間，讓生活更加充實與美好', '09:30:00', '2023-08-10 09:52:58'),
(171, 57, '20220817113417-33988cde.jpg', '八里半日遊', '2023-08-12', '期待在八里吃美食，必吃雙胞胎！', '不公開', 2, '*騎摩托車去，長褲方便活動', '15:00:00', '2023-08-10 09:55:47'),
(172, 2, '1920x1080_2defafe0-ff2e-4857-8197-906c64e32646.jpg', '石碇老街一日遊', '2023-08-10', '石碇老街美食必吃清單', '公開', 4, '*找尋一起喜歡吃美食的朋友', '10:30:00', '2023-08-10 10:15:16'),
(173, 2, '大安森林公園.jpeg', '大安森林公園', '2023-08-12', '忙碌之餘，假日也需要讓自己身心靈放鬆', '公開', 3, '*一起去野餐', '10:30:00', '2023-08-10 10:29:24'),
(174, 56, '1597912616-3290908353-g.jpg', '烏來一日遊', '2023-08-19', '烏來老街、烏來商圈位於泰雅族部落之內，是一個泰雅族文化特色相當濃厚的觀光地區。烏來Ulay 在泰雅語的意思是「冒著蒸氣的湧泉」，代表著烏來產溫泉為名，另外山櫻花、烏來瀑布也是烏來特色', '公開', 3, '*IG打卡熱點', '10:30:00', '2023-08-10 10:36:30'),
(176, 2, '西門町.jpg', '新北好玩', '2023-08-16', '揪好友', '公開', 18, '歡迎一起玩', '13:41:00', '2023-08-10 13:38:49'),
(177, 2, '大安森林公園.jpeg', '散步台北', '2023-08-24', '散步去', '不公開', 2, '約會', '18:48:00', '2023-08-10 13:48:47'),
(178, 77, '2023051815563847.png', '大稻埕煙火閉幕', '2023-08-20', '今年夏日煙火最後一場8分鐘的煙火，絕對不可以錯過', '公開', 6, '*祝有情人沒情人都快樂', '19:40:00', '2023-08-10 15:15:20'),
(181, 17, '4a.jpg', 'adfdsf', '2023-08-25', 'asdfsdf', '公開', 4, 'asdfdsf', '20:45:00', '2023-08-10 16:45:30'),
(182, 22, '3b.jpg', 'fgfdfg', '2023-08-25', 'dgdfgsdfg', '公開', 3, 'dfsgdfg', '18:27:00', '2023-08-10 18:24:00'),
(183, 23, '3b.jpg', 'dgfadsg', '2023-08-23', 'sdfsdf', '公開', 3, 'dasfdasf', '22:54:00', '2023-08-10 18:54:17');

-- --------------------------------------------------------

--
-- 資料表結構 `itinerary_details`
--

CREATE TABLE `itinerary_details` (
  `sid` int(11) NOT NULL,
  `itin_id` int(11) DEFAULT NULL,
  `itin_order` int(11) DEFAULT NULL,
  `formatted_address` varchar(255) CHARACTER SET utf8mb4 DEFAULT NULL,
  `lat` double DEFAULT NULL,
  `lng` double DEFAULT NULL,
  `name` varchar(100) CHARACTER SET utf8mb4 DEFAULT NULL,
  `phone_number` varchar(100) CHARACTER SET utf8mb4 DEFAULT NULL,
  `photo_url` varchar(255) DEFAULT NULL,
  `weekday_text` text CHARACTER SET utf8mb4,
  `startdatetime` time DEFAULT NULL,
  `create_at` datetime NOT NULL
) ENGINE=InnoDB DEFAULT CHARSET=utf8;

--
-- 傾印資料表的資料 `itinerary_details`
--

INSERT INTO `itinerary_details` (`sid`, `itin_id`, `itin_order`, `formatted_address`, `lat`, `lng`, `name`, `phone_number`, `photo_url`, `weekday_text`, `startdatetime`, `create_at`) VALUES
(57, 101, 0, '103台灣台北市大同區大稻埕碼頭', 25.0566, 121.5071, '大稻埕碼頭', NULL, '', '', NULL, '2023-08-01 20:25:01'),
(91, 107, 0, '106台灣台北市大安區新生南路二段1號', 25.0311, 121.536, '大安森林公園', '02 2700 3830', NULL, '\"\"星期一: 24 小時營業,星期二: 24 小時營業,星期三: 24 小時營業,星期四: 24 小時營業,星期五: 24 小時營業,星期六: 24 小時營業,星期日: 24 小時營業\"\"', NULL, '2023-08-02 23:15:41'),
(92, 107, 1, '103台灣台北市大同區寧夏路', 25.0569, 121.5154, '寧夏夜市', '0987 456 794', NULL, '\"\"星期一: 17:00 – 01:00,星期二: 17:00 – 01:00,星期三: 17:00 – 01:00,星期四: 17:00 – 01:00,星期五: 17:00 – 01:00,星期六: 17:00 – 01:00,星期日: 17:00 – 01:00\"\"', NULL, '2023-08-02 23:15:41'),
(93, 107, 2, '115台灣台北市南港區經貿二路1號', 25.0561, 121.6185, '台北南港展覽館1館', '02 2725 5200', NULL, '\"星期一: 07:00 – 22:00,星期二: 07:00 – 22:00,星期三: 07:00 – 22:00,星期四: 07:00 – 22:00,星期五: 07:00 – 22:00,星期六: 07:00 – 22:00,星期日: 07:00 – 22:00\"', NULL, '2023-08-02 23:15:41'),
(118, 108, 0, '埃及夸西拉開羅省', 30.0595, 31.2585, '開羅省', NULL, '開羅省.jpg', '\"\"undefined\"\"', NULL, '2023-08-04 13:56:33'),
(119, 108, 1, '4331601埃及夸西拉 El Gamaliya, El-Gamaleya', 30.0555, 31.2635, 'Bab al-Futuh', '012 85445553', 'Bab al-Futuh.jpg', '\"\"星期一: 24 小時營業,星期二: 24 小時營業,星期三: 24 小時營業,星期四: 24 小時營業,星期五: 24 小時營業,星期六: 24 小時營業,星期日: 24 小時營業\"\"', NULL, '2023-08-04 13:56:33'),
(123, 97, 0, '台灣八斗子漁港', 25.1446, 121.7915, '八斗子漁港', NULL, '八斗子漁港.jpg', '', NULL, '2023-08-04 14:19:45'),
(124, 97, 1, '224台灣新北市瑞芳區', 25.1346, 121.8238, '深澳岬角 象鼻岩景觀區', '02 2960 3456', '深澳岬角 象鼻岩景觀區.jpg', '\"\"\"\"\"星期一: 24 小時營業,星期二: 24 小時營業,星期三: 24 小時營業,星期四: 24 小時營業,星期五: 24 小時營業,星期六: 24 小時營業,星期日: 24 小時營業\"\"\"\"\"', NULL, '2023-08-04 14:19:45'),
(125, 97, 2, '200台灣基隆市玉田里仁三路', 25.1283, 121.7436, '基隆夜市', NULL, '基隆夜市.jpg', '\"\"星期一: 12:00 – 00:00,星期二: 12:00 – 00:00,星期三: 12:00 – 00:00,星期四: 12:00 – 00:00,星期五: 12:00 – 00:00,星期六: 12:00 – 00:00,星期日: 08:00 – 00:00\"\"', NULL, '2023-08-04 14:19:45'),
(132, 122, 0, '106台灣台北市大安區新生南路二段1號', 25.0311, 121.536, '大安森林公園', '02 2700 3830', '大安森林公園.jpg', '\"\"\"星期一: 24 小時營業,星期二: 24 小時營業,星期三: 24 小時營業,星期四: 24 小時營業,星期五: 24 小時營業,星期六: 24 小時營業,星期日: 24 小時營業\"\"\"', NULL, '2023-08-05 13:01:59'),
(133, 122, 2, '11072台灣台北市信義區光復南路133號', 25.0441, 121.5612, '松山文創園區', '02 2765 1388', '松山文創園區.jpg', '\"\"星期一: 08:00 – 22:00,星期二: 08:00 – 22:00,星期三: 08:00 – 22:00,星期四: 08:00 – 22:00,星期五: 08:00 – 22:00,星期六: 08:00 – 22:00,星期日: 08:00 – 22:00\"\"', NULL, '2023-08-05 13:01:59'),
(134, 122, 1, '10491台灣台北市中山區新生北路三段105號', 25.0696, 121.5289, '迷宮花園', '02 2585 0192', '迷宮花園.jpg', '\"\"\"星期一: 24 小時營業,星期二: 24 小時營業,星期三: 24 小時營業,星期四: 24 小時營業,星期五: 24 小時營業,星期六: 24 小時營業,星期日: 24 小時營業\"\"\"', NULL, '2023-08-05 13:01:59'),
(144, 123, 0, '233台灣新北市烏來區瀑布路16號', 24.8476, 121.5516, '烏來瀑布', '02 2661 6942', '烏來瀑布.jpg', '\"\"\"星期一: 24 小時營業,星期二: 24 小時營業,星期三: 24 小時營業,星期四: 24 小時營業,星期五: 24 小時營業,星期六: 24 小時營業,星期日: 24 小時營業\"\"\"', NULL, '2023-08-05 13:16:29'),
(145, 123, 1, '233台灣新北市烏來區烏來街45-1號', 24.8649, 121.5519, '烏來遊客中心', '02 2661 6355', '烏來遊客中心.jpg', '\"\"\"星期一: 09:00 – 18:00,星期二: 09:00 – 18:00,星期三: 09:00 – 18:00,星期四: 09:00 – 18:00,星期五: 09:00 – 18:00,星期六: 09:00 – 18:00,星期日: 09:00 – 18:00\"\"\"', NULL, '2023-08-05 13:16:29'),
(146, 123, 2, '233台灣新北市烏來區瀑布路1-1號', 24.8488, 121.5512, '雲仙樂園', '02 2661 6510', '雲仙樂園.jpg', '\"\"\"星期一: 09:30 – 17:00,星期二: 09:30 – 17:00,星期三: 09:30 – 17:00,星期四: 09:30 – 17:00,星期五: 09:30 – 17:00,星期六: 09:30 – 19:00,星期日: 09:30 – 19:00\"\"\"', NULL, '2023-08-05 13:16:29'),
(151, 124, 0, '110台灣台北市信义区市府路45號B1', 25.0338, 121.564, '鼎泰豐 101店', '02 8101 7799', '鼎泰豐 101店.jpg', '\"\"星期一: 11:00 – 20:30,星期二: 11:00 – 20:30,星期三: 11:00 – 20:30,星期四: 11:00 – 20:30,星期五: 11:00 – 20:30,星期六: 11:00 – 20:30,星期日: 11:00 – 20:30\"\"', NULL, '2023-08-06 00:45:22'),
(152, 124, 1, '110台灣台北市信義區信義路五段7號89樓', 25.0337, 121.5645, '台北101觀景台', '02 8101 8898', '台北101觀景台.jpg', '\"\"星期一: 11:00 – 21:00,星期二: 11:00 – 21:00,星期三: 11:00 – 21:00,星期四: 11:00 – 21:00,星期五: 11:00 – 21:00,星期六: 11:00 – 21:00,星期日: 11:00 – 21:00\"\"', NULL, '2023-08-06 00:45:22'),
(153, 124, 2, '105台灣台北市松山區饒河街', 25.051, 121.5776, '饒河街觀光夜市', '02 2766 8876', '饒河街觀光夜市.jpg', '\"\"星期一: 17:00 – 23:00,星期二: 17:00 – 23:00,星期三: 17:00 – 23:00,星期四: 17:00 – 23:00,星期五: 17:00 – 23:00,星期六: 17:00 – 23:00,星期日: 17:00 – 23:00\"\"', NULL, '2023-08-06 00:45:22'),
(154, 127, 1, '239台灣新北市鶯歌區館前路300號', 24.9529, 121.3574, '新北市美術館', '02 2679 6088', '新北市美術館.jpg', '\"星期一: 休息,星期二: 10:00 – 17:00,星期三: 10:00 – 17:00,星期四: 10:00 – 17:00,星期五: 10:00 – 17:00,星期六: 10:00 – 17:00,星期日: 10:00 – 17:00\"', NULL, '2023-08-06 02:44:47'),
(155, 127, 0, '106台灣台北市大安區新生南路二段1號', 25.0311, 121.536, '大安森林公園', '02 2700 3830', '大安森林公園.jpg', '\"星期一: 24 小時營業,星期二: 24 小時營業,星期三: 24 小時營業,星期四: 24 小時營業,星期五: 24 小時營業,星期六: 24 小時營業,星期日: 24 小時營業\"', NULL, '2023-08-06 02:44:47'),
(158, 128, 0, '106台灣台北市大安區新生南路二段1號', 25.0311, 121.536, '大安森林公園', '02 2700 3830', '大安森林公園.jpg', '\"星期一: 24 小時營業,星期二: 24 小時營業,星期三: 24 小時營業,星期四: 24 小時營業,星期五: 24 小時營業,星期六: 24 小時營業,星期日: 24 小時營業\"', NULL, '2023-08-06 03:33:01'),
(161, 130, 0, '114台灣台北市內湖區洲子街12號', 25.0783, 121.5751, '臺北市內湖運動中心 Taipei Neihu Sports Center', '02 2656 2869', '臺北市內湖運動中心 Taipei Neihu Sports Center.jpg', '\"\"星期一: 06:00 – 22:00,星期二: 06:00 – 22:00,星期三: 06:00 – 22:00,星期四: 06:00 – 22:00,星期五: 06:00 – 22:00,星期六: 06:00 – 22:00,星期日: 06:00 – 22:00\"\"', NULL, '2023-08-06 03:38:02'),
(162, 130, 1, '114台灣台北市內湖區內湖科學園區', 25.079, 121.5704, '內湖科學園區', NULL, '內湖科學園區.jpg', '', NULL, '2023-08-06 03:38:02'),
(163, 130, 2, '115台灣台北市南港區經貿二路1號', 25.0561, 121.6185, '台北南港展覽館1館', '02 2725 5200', '台北南港展覽館1館.jpg', '\"星期一: 07:00 – 22:00,星期二: 07:00 – 22:00,星期三: 07:00 – 22:00,星期四: 07:00 – 22:00,星期五: 07:00 – 22:00,星期六: 07:00 – 22:00,星期日: 07:00 – 22:00\"', NULL, '2023-08-06 03:38:02'),
(166, 131, 0, '112台灣台北市北投區中山路2號', 25.1367, 121.5072, '北投溫泉博物館', '02 2893 9981', '北投溫泉博物館.jpg', '\"\"星期一: 休息,星期二: 10:00 – 18:00,星期三: 10:00 – 18:00,星期四: 10:00 – 18:00,星期五: 10:00 – 18:00,星期六: 10:00 – 18:00,星期日: 10:00 – 18:00\"\"', NULL, '2023-08-06 03:56:47'),
(167, 131, 1, '112台灣台北市北投區幽雅路30號', 25.1378, 121.5152, '北投麗禧溫泉酒店 Grand View Resort Beitou', '02 2898 8888', '北投麗禧溫泉酒店 Grand View Resort Beitou.jpg', '\"\"星期一: 24 小時營業,星期二: 24 小時營業,星期三: 24 小時營業,星期四: 24 小時營業,星期五: 24 小時營業,星期六: 24 小時營業,星期日: 24 小時營業\"\"', NULL, '2023-08-06 03:56:47'),
(168, 131, 2, '112台灣台北市北投區石牌路一段39巷100號', 25.1167, 121.5097, '臺北市北投運動中心', '02 2820 2880', '臺北市北投運動中心.jpg', '\"星期一: 06:00 – 22:00,星期二: 06:00 – 22:00,星期三: 06:00 – 22:00,星期四: 06:00 – 22:00,星期五: 06:00 – 22:00,星期六: 06:00 – 22:00,星期日: 06:00 – 22:00\"', NULL, '2023-08-06 03:56:47'),
(172, 132, 0, '227台灣新北市雙溪區尪子崙坑', 25.0568, 121.8432, '三貂嶺生態友善隧道', '02 2493 3782', '三貂嶺生態友善隧道.jpg', '\"\"星期一: 休息,星期二: 08:30 – 16:00,星期三: 08:30 – 16:00,星期四: 08:30 – 16:00,星期五: 08:30 – 16:00,星期六: 08:30 – 16:00,星期日: 08:30 – 16:00\"\"', NULL, '2023-08-06 12:30:57'),
(173, 132, 1, '224台灣新北市瑞芳區', 25.0616, 121.8118, '三貂嶺瀑布群觀瀑台', NULL, '三貂嶺瀑布群觀瀑台.jpg', '\"\"星期一: 24 小時營業,星期二: 24 小時營業,星期三: 24 小時營業,星期四: 24 小時營業,星期五: 24 小時營業,星期六: 24 小時營業,星期日: 24 小時營業\"\"', NULL, '2023-08-06 12:30:57'),
(177, 135, 0, '106台灣台北市大安區新生南路二段1號', 25.0311, 121.536, '大安森林公園', '02 2700 3830', '大安森林公園.jpg', '\"\"星期一: 24 小時營業,星期二: 24 小時營業,星期三: 24 小時營業,星期四: 24 小時營業,星期五: 24 小時營業,星期六: 24 小時營業,星期日: 24 小時營業\"\"', NULL, '2023-08-06 21:32:37'),
(178, 135, 2, '111台灣台北市士林區承德路五段55號', 25.0974, 121.5152, '台北兒童新樂園停車場', '02 2834 5378', '台北兒童新樂園停車場.jpg', '\"\"星期一: 24 小時營業,星期二: 24 小時營業,星期三: 24 小時營業,星期四: 24 小時營業,星期五: 24 小時營業,星期六: 24 小時營業,星期日: 24 小時營業\"\"', NULL, '2023-08-06 21:32:37'),
(179, 135, 1, '10491台灣台北市中山區民權東路二段109號', 25.0627, 121.5338, '行天宮', '02 2502 7924', '行天宮.jpg', '\"\"星期一: 04:00 – 22:00,星期二: 04:00 – 22:00,星期三: 04:00 – 22:00,星期四: 04:00 – 22:00,星期五: 04:00 – 22:00,星期六: 04:00 – 22:00,星期日: 04:00 – 22:00\"\"', NULL, '2023-08-06 21:32:37'),
(180, 135, 3, '115台灣台北市南港區經貿二路1號', 25.0561, 121.6185, '台北南港展覽館1館', '02 2725 5200', '台北南港展覽館1館.jpg', '\"星期一: 07:00 – 22:00,星期二: 07:00 – 22:00,星期三: 07:00 – 22:00,星期四: 07:00 – 22:00,星期五: 07:00 – 22:00,星期六: 07:00 – 22:00,星期日: 07:00 – 22:00\"', NULL, '2023-08-06 21:32:37'),
(185, 82, 0, '224台灣新北市瑞芳區224Taiwan , Fengjia Road, Ruifang District, New Taipei City', 25.0872, 121.8268, '猴硐貓村', '02 2497 1266', '猴硐貓村.jpg', '\"\"星期一: 24 小時營業,星期二: 24 小時營業,星期三: 24 小時營業,星期四: 24 小時營業,星期五: 24 小時營業,星期六: 24 小時營業,星期日: 24 小時營業\"\"', NULL, '2023-08-07 09:12:41'),
(186, 82, 1, '224台灣新北市瑞芳區煤礦 博物 園區', 25.0868, 121.8279, '猴硐煤礦博物園區旅遊資訊中心', '02 2497 4143', '猴硐煤礦博物園區旅遊資訊中心.jpg', '\"\"星期一: 08:00 – 18:00,星期二: 08:00 – 18:00,星期三: 08:00 – 18:00,星期四: 08:00 – 18:00,星期五: 08:00 – 18:00,星期六: 08:00 – 18:00,星期日: 08:00 – 18:00\"\"', NULL, '2023-08-07 09:12:41'),
(187, 82, 2, '224台灣新北市瑞芳區基山街', 25.1099, 121.8452, '九份老街', '02 2406 3270', '九份老街.jpg', '\"\"星期一: 08:00 – 19:00,星期二: 08:00 – 19:00,星期三: 08:00 – 19:00,星期四: 08:00 – 19:00,星期五: 08:00 – 22:00,星期六: 08:00 – 22:00,星期日: 08:00 – 22:00\"\"', NULL, '2023-08-07 09:12:41'),
(188, 82, 3, '224台灣新北市瑞芳區市下巷20號', 25.1086, 121.8436, '阿妹茶樓', '02 2496 0833', '阿妹茶樓.jpg', '\"\"星期一: 10:00 – 21:30,星期二: 10:00 – 21:30,星期三: 10:00 – 21:30,星期四: 10:00 – 21:30,星期五: 10:00 – 21:30,星期六: 10:00 – 21:30,星期日: 10:00 – 21:30\"\"', NULL, '2023-08-07 09:12:41'),
(189, 88, 0, '116台灣台北市文山區', 24.9682, 121.5879, '貓空纜車站', NULL, '貓空纜車站.jpg', '', NULL, '2023-08-07 14:08:16'),
(190, 88, 3, '22391台灣新北市石碇區北宜路六段獅仔頭坑巷16號', 24.9323, 121.6424, '八卦茶園', '0916 868 615', '八卦茶園.jpg', '\"星期一: 09:30 – 17:00,星期二: 09:30 – 17:00,星期三: 09:30 – 17:00,星期四: 09:30 – 17:00,星期五: 09:30 – 17:00,星期六: 09:30 – 17:00,星期日: 09:30 – 17:00\"', NULL, '2023-08-07 14:08:16'),
(191, 88, 1, '116台灣台北市文山區台北市文山區', 24.9708, 121.5963, '茶展中心步道 (Healthy trail)', NULL, '茶展中心步道 (Healthy trail).jpg', '\"星期一: 24 小時營業,星期二: 24 小時營業,星期三: 24 小時營業,星期四: 24 小時營業,星期五: 24 小時營業,星期六: 24 小時營業,星期日: 24 小時營業\"', NULL, '2023-08-07 14:08:16'),
(192, 88, 2, '116台灣台北市文山區指南路三段40巷8之2號', 24.9691, 121.5943, '台北市鐵觀音包種茶研發推廣中心', '02 2234 0568', '台北市鐵觀音包種茶研發推廣中心.jpg', '\"星期一: 休息,星期二: 09:00 – 17:00,星期三: 09:00 – 17:00,星期四: 09:00 – 17:00,星期五: 09:00 – 17:00,星期六: 09:00 – 17:00,星期日: 09:00 – 17:00\"', NULL, '2023-08-07 14:08:16'),
(193, 88, 4, '232台灣新北市坪林區北宜路八段290號', 24.9352, 121.7101, '坪林茶莊', '02 2665 6218', '坪林茶莊.jpg', '\"星期一: 08:00 – 19:30,星期二: 08:00 – 19:30,星期三: 08:00 – 19:30,星期四: 08:00 – 19:30,星期五: 08:00 – 19:30,星期六: 08:00 – 19:30,星期日: 08:00 – 19:30\"', NULL, '2023-08-07 14:08:16'),
(194, 86, 0, '226台灣新北市平溪區十分街81號', 25.0429, 121.7768, '十分老街', NULL, '十分老街.jpg', '\"星期一: 24 小時營業,星期二: 24 小時營業,星期三: 24 小時營業,星期四: 24 小時營業,星期五: 24 小時營業,星期六: 24 小時營業,星期日: 24 小時營業\"', NULL, '2023-08-07 14:12:27'),
(195, 86, 1, '226台灣新北市平溪區乾坑10號', 25.0474, 121.7842, '十分瀑布', '02 2495 8409', '十分瀑布.jpg', '\"星期一: 09:00 – 16:30,星期二: 09:00 – 16:30,星期三: 09:00 – 16:30,星期四: 09:00 – 16:30,星期五: 09:00 – 16:30,星期六: 09:00 – 16:30,星期日: 09:00 – 16:30\"', NULL, '2023-08-07 14:12:27'),
(196, 96, 0, '251台灣新北市淡水區中正路1號', 25.1692, 121.4439, '淡水老街', '02 2622 1020', '淡水老街.jpg', '\"星期一: 24 小時營業,星期二: 24 小時營業,星期三: 24 小時營業,星期四: 24 小時營業,星期五: 24 小時營業,星期六: 24 小時營業,星期日: 24 小時營業\"', NULL, '2023-08-07 14:26:54'),
(197, 96, 1, '251台灣新北市淡水區中正路28巷1號', 25.175, 121.4333, '淡水紅毛城', '02 2623 1001', '淡水紅毛城.jpg', '\"星期一: 09:30 – 17:00,星期二: 09:30 – 17:00,星期三: 09:30 – 17:00,星期四: 09:30 – 17:00,星期五: 09:30 – 17:00,星期六: 09:30 – 18:00,星期日: 09:30 – 18:00\"', NULL, '2023-08-07 14:26:54'),
(198, 96, 2, '251台灣新北市淡水區觀海路199號', 25.1833, 121.4108, '情人橋', '02 2805 8476', '情人橋.jpg', '\"星期一: 24 小時營業,星期二: 24 小時營業,星期三: 24 小時營業,星期四: 24 小時營業,星期五: 24 小時營業,星期六: 24 小時營業,星期日: 24 小時營業\"', NULL, '2023-08-07 14:26:54'),
(199, 104, 0, '224台灣新北市瑞芳區柴寮路70號', 25.0869, 121.8274, '猴硐車站', NULL, '猴硐車站.jpg', '', NULL, '2023-08-07 15:42:19'),
(200, 104, 1, '224台灣新北市瑞芳區柴寮路42號', 25.0868, 121.8276, '猴硐煤礦博物園區', '02 2497 4143', '猴硐煤礦博物園區.jpg', '\"星期一: 08:00 – 18:00,星期二: 08:00 – 18:00,星期三: 08:00 – 18:00,星期四: 08:00 – 18:00,星期五: 08:00 – 18:00,星期六: 08:00 – 18:00,星期日: 08:00 – 18:00\"', NULL, '2023-08-07 15:42:19'),
(201, 104, 2, '224台灣新北市瑞芳區猴硐柴寮路42號', 25.086, 121.8278, '瑞三運煤橋', '02 2497 4143', '瑞三運煤橋.jpg', '\"星期一: 08:00 – 18:00,星期二: 08:00 – 18:00,星期三: 08:00 – 18:00,星期四: 08:00 – 18:00,星期五: 08:00 – 18:00,星期六: 08:00 – 18:00,星期日: 08:00 – 18:00\"', NULL, '2023-08-07 15:42:19'),
(202, 104, 3, '224台灣新北市瑞芳區侯硐路61號', 25.088, 121.8293, '猴硐神社', '02 2497 2250', '猴硐神社.jpg', '\"星期一: 24 小時營業,星期二: 24 小時營業,星期三: 24 小時營業,星期四: 24 小時營業,星期五: 24 小時營業,星期六: 24 小時營業,星期日: 24 小時營業\"', NULL, '2023-08-07 15:42:19'),
(203, 104, 4, '224台灣新北市瑞芳區柴寮路68號', 25.0873, 121.8278, '68小吃店', '02 2496 0688', '68小吃店.jpg', '\"星期一: 09:00 – 17:00,星期二: 09:00 – 17:00,星期三: 09:00 – 17:00,星期四: 09:00 – 17:00,星期五: 09:00 – 17:00,星期六: 09:00 – 17:00,星期日: 09:00 – 17:00\"', NULL, '2023-08-07 15:42:19'),
(204, 136, 0, '251台灣新北市淡水區觀海路199號', 25.1835, 121.4114, '淡水漁人碼頭', '02 2626 7613', '淡水漁人碼頭.jpg', '\"星期一: 24 小時營業,星期二: 24 小時營業,星期三: 24 小時營業,星期四: 24 小時營業,星期五: 24 小時營業,星期六: 24 小時營業,星期日: 24 小時營業\"', NULL, '2023-08-07 18:25:41'),
(205, 136, 1, '25172台灣新北市淡水區中正路一段2號', 25.1758, 121.4285, '滬尾藝文休閒園區', '02 2626 5222', '滬尾藝文休閒園區.jpg', '\"星期一: 24 小時營業,星期二: 24 小時營業,星期三: 24 小時營業,星期四: 24 小時營業,星期五: 24 小時營業,星期六: 24 小時營業,星期日: 24 小時營業\"', NULL, '2023-08-07 18:25:41'),
(206, 136, 2, '251台灣新北市淡水區中正路28巷1號', 25.175, 121.4333, '淡水紅毛城', '02 2623 1001', '淡水紅毛城.jpg', '\"星期一: 09:30 – 17:00,星期二: 09:30 – 17:00,星期三: 09:30 – 17:00,星期四: 09:30 – 17:00,星期五: 09:30 – 17:00,星期六: 09:30 – 18:00,星期日: 09:30 – 18:00\"', NULL, '2023-08-07 18:25:41'),
(207, 136, 3, '251台灣新北市淡水區真理街15號', 25.174, 121.4363, '小白宮(前大清淡水總稅務司官邸)', '02 2628 2865', '小白宮(前大清淡水總稅務司官邸).jpg', '\"星期一: 09:30 – 17:00,星期二: 09:30 – 17:00,星期三: 09:30 – 17:00,星期四: 09:30 – 17:00,星期五: 09:30 – 17:00,星期六: 09:30 – 18:00,星期日: 09:30 – 18:00\"', NULL, '2023-08-07 18:25:41'),
(208, 136, 4, '251台灣新北市淡水區公明街42號', 25.1689, 121.4431, '淡水老街徒步區', NULL, '淡水老街徒步區.jpg', '', NULL, '2023-08-07 18:25:41'),
(209, 136, 5, '112台灣台北市北投區地熱谷', 25.1379, 121.5119, '地熱谷', NULL, '地熱谷.jpg', '', NULL, '2023-08-07 18:25:41'),
(210, 87, 0, '207台灣新北市萬里區', 25.2029, 121.6944, '萬里駱駝峰', NULL, '萬里駱駝峰.jpg', '\"undefined\"', NULL, '2023-08-08 09:31:30'),
(211, 87, 1, '207台灣新北市萬里區港東路167-1號', 25.2058, 121.6902, '野柳地質公園', '02 2492 2016', '野柳地質公園.jpg', '\"星期一: 08:00 – 17:00,星期二: 08:00 – 17:00,星期三: 08:00 – 17:00,星期四: 08:00 – 17:00,星期五: 08:00 – 17:00,星期六: 08:00 – 17:00,星期日: 08:00 – 17:00\"', NULL, '2023-08-08 09:31:30'),
(212, 87, 2, '207台灣新北市萬里區加投路250-5號', 25.2154, 121.6442, '沐川海㡳溫泉', '02 2498 4299', '沐川海㡳溫泉.jpg', '', NULL, '2023-08-08 09:31:30'),
(217, 89, 0, '110台灣台北市信義區松勤街52號', 25.0318, 121.5619, '四四南村', '02 2723 7937', '四四南村.jpg', '\"\"星期一: 休息,星期二: 09:00 – 17:00,星期三: 09:00 – 17:00,星期四: 09:00 – 17:00,星期五: 09:00 – 17:00,星期六: 09:00 – 17:00,星期日: 09:00 – 17:00\"\"', NULL, '2023-08-08 09:34:18'),
(218, 89, 1, '110台灣台北市信義區吳興街37號', 25.0313, 121.56, '查記麵館', '02 2758 8538', '查記麵館.jpg', '\"\"星期一: 11:00 – 14:00, 16:00 – 19:30,星期二: 11:00 – 14:00, 16:00 – 19:30,星期三: 11:00 – 14:00, 16:00 – 19:30,星期四: 11:00 – 14:00, 16:00 – 19:30,星期五: 11:00 – 14:00, 16:00 – 19:30,星期六: 休息,星期日: 休息\"\"', NULL, '2023-08-08 09:34:18'),
(219, 89, 2, '110台灣台北市信義區莊敬路423巷2弄1號', 25.0276, 121.5668, '大山咖啡店', '02 2758 6243', '大山咖啡店.jpg', '\"\"星期一: 10:00 – 18:00,星期二: 10:00 – 18:00,星期三: 休息,星期四: 休息,星期五: 10:00 – 18:00,星期六: 12:00 – 19:00,星期日: 12:00 – 19:00\"\"', NULL, '2023-08-08 09:34:18'),
(220, 89, 3, '110台灣台北市信義區象山', 25.0273, 121.5736, '象山', NULL, '象山.jpg', '\"undefined\"', NULL, '2023-08-08 09:34:18'),
(221, 90, 0, '224台灣新北市瑞芳區柴寮路70號', 25.0869, 121.8274, '猴硐車站', NULL, '猴硐車站.jpg', '', NULL, '2023-08-08 09:37:54'),
(222, 90, 1, '224台灣新北市瑞芳區224柴寮路', 25.0805, 121.8246, '新北市礦工紀念館 (原瑞三鑛業本礦礦工浴室)', '02 2497 4143', '新北市礦工紀念館 (原瑞三鑛業本礦礦工浴室).jpg', '\"星期一: 09:00 – 12:00, 14:00 – 17:00,星期二: 09:00 – 12:00, 14:00 – 17:00,星期三: 09:00 – 12:00, 14:00 – 17:00,星期四: 09:00 – 12:00, 14:00 – 17:00,星期五: 09:00 – 12:00, 14:00 – 17:00,星期六: 09:00 – 12:00, 14:00 – 17:00,星期日: 09:00 – 12:00, 14:00 – 17:00\"', NULL, '2023-08-08 09:37:54'),
(223, 90, 2, '224台灣新北市瑞芳區柴寮路', 25.0795, 121.8248, '猴硐壺穴觀景台', NULL, '猴硐壺穴觀景台.jpg', '\"星期一: 24 小時營業,星期二: 24 小時營業,星期三: 24 小時營業,星期四: 24 小時營業,星期五: 24 小時營業,星期六: 24 小時營業,星期日: 24 小時營業\"', NULL, '2023-08-08 09:37:54'),
(224, 90, 3, '224台灣新北市瑞芳區魚寮路99號', 25.0582, 121.8217, '三貂煤礦', NULL, '三貂煤礦.jpg', '\"星期一: 24 小時營業,星期二: 24 小時營業,星期三: 24 小時營業,星期四: 24 小時營業,星期五: 24 小時營業,星期六: 24 小時營業,星期日: 24 小時營業\"', NULL, '2023-08-08 09:37:54'),
(225, 90, 4, '227台灣新北市雙溪區尪子崙坑', 25.0568, 121.8432, '三貂嶺生態友善隧道', '02 2493 3782', '三貂嶺生態友善隧道.jpg', '\"星期一: 休息,星期二: 08:30 – 16:00,星期三: 08:30 – 16:00,星期四: 08:30 – 16:00,星期五: 08:30 – 16:00,星期六: 08:30 – 16:00,星期日: 08:30 – 16:00\"', NULL, '2023-08-08 09:37:54'),
(226, 102, 0, '202台灣基隆市平一路360號', 25.1613, 121.7642, '和平島地質公園', '02 2463 5452', '和平島地質公園.jpg', '\"星期一: 08:00 – 19:00,星期二: 08:00 – 19:00,星期三: 08:00 – 19:00,星期四: 08:00 – 19:00,星期五: 08:00 – 19:00,星期六: 08:00 – 19:00,星期日: 08:00 – 19:00\"', NULL, '2023-08-08 09:39:44'),
(227, 102, 1, '202台灣基隆市正濱路72號', 25.1527, 121.7694, '正濱漁港-彩色街屋', NULL, '正濱漁港-彩色街屋.jpg', '\"星期一: 24 小時營業,星期二: 24 小時營業,星期三: 24 小時營業,星期四: 24 小時營業,星期五: 24 小時營業,星期六: 24 小時營業,星期日: 24 小時營業\"', NULL, '2023-08-08 09:39:44'),
(228, 137, 0, '112台灣台北市北投區奇岩路', 25.1318, 121.5146, '軍艦岩親山步道', '02 2759 3001', '軍艦岩親山步道.jpg', '\"星期一: 24 小時營業,星期二: 24 小時營業,星期三: 24 小時營業,星期四: 24 小時營業,星期五: 24 小時營業,星期六: 24 小時營業,星期日: 24 小時營業\"', NULL, '2023-08-08 09:50:10'),
(229, 138, 0, '111台灣台北市士林區士商路189號', 25.0956, 121.5167, '國立臺灣科學教育館', '02 6610 1234#1000', '國立臺灣科學教育館.jpg', '\"星期一: 09:00 – 18:00,星期二: 09:00 – 18:00,星期三: 09:00 – 18:00,星期四: 09:00 – 18:00,星期五: 09:00 – 18:00,星期六: 09:00 – 18:00,星期日: 09:00 – 18:00\"', NULL, '2023-08-08 09:53:35'),
(230, 138, 1, '103台灣台北市大同區寧夏路', 25.0564, 121.5154, '寧夏夜市', '0987 456 794', '寧夏夜市.jpg', '\"星期一: 17:00 – 01:00,星期二: 17:00 – 01:00,星期三: 17:00 – 01:00,星期四: 17:00 – 01:00,星期五: 17:00 – 01:00,星期六: 17:00 – 01:00,星期日: 17:00 – 01:00\"', NULL, '2023-08-08 09:53:35'),
(231, 139, 0, '237台灣新北市三峽區仁愛街47號', 24.9328, 121.3686, '藍染公園', '02 8674 3601', '藍染公園.jpg', '\"星期一: 10:00 – 17:00,星期二: 休息,星期三: 10:00 – 17:00,星期四: 10:00 – 17:00,星期五: 10:00 – 17:00,星期六: 10:00 – 18:00,星期日: 10:00 – 18:00\"', NULL, '2023-08-08 10:03:07'),
(232, 139, 1, '237台灣新北市三峽區溪南里', 24.9375, 121.3884, '三角湧大橋', NULL, '三角湧大橋.jpg', '\"星期一: 24 小時營業,星期二: 24 小時營業,星期三: 24 小時營業,星期四: 24 小時營業,星期五: 24 小時營業,星期六: 24 小時營業,星期日: 24 小時營業\"', NULL, '2023-08-08 10:03:07'),
(233, 139, 2, '237台灣新北市三峽區民權街37-147號', 24.9338, 121.3698, '三峽老街', '0920 767 374', '三峽老街.jpg', '\"星期一: 10:00 – 19:30,星期二: 10:00 – 19:30,星期三: 10:00 – 19:30,星期四: 10:00 – 19:30,星期五: 10:00 – 19:30,星期六: 09:00 – 20:00,星期日: 09:00 – 20:00\"', NULL, '2023-08-08 10:03:07'),
(234, 140, 0, '237台灣新北市三峽區中坑產業道路237號', 24.8343, 121.466, '雲森瀑布', NULL, '雲森瀑布.jpg', '\"星期一: 24 小時營業,星期二: 24 小時營業,星期三: 24 小時營業,星期四: 24 小時營業,星期五: 24 小時營業,星期六: 24 小時營業,星期日: 24 小時營業\"', NULL, '2023-08-08 10:07:30'),
(235, 140, 1, '237台灣新北市三峡区中山路651巷53號', 24.9296, 121.3446, 'NineSky 九天', '0958 091 799', 'NineSky 九天.jpg', '\"星期一: 11:00 – 19:00,星期二: 休息,星期三: 休息,星期四: 11:00 – 19:00,星期五: 11:00 – 19:00,星期六: 11:00 – 20:00,星期日: 11:00 – 20:00\"', NULL, '2023-08-08 10:07:30'),
(236, 141, 0, '262台灣宜蘭縣開蘭路209號', 24.7909, 121.7499, '甲鳥園（複合式養鴨農場）', '03 928 8152', '甲鳥園（複合式養鴨農場）.jpg', '\"星期一: 09:00 – 18:00,星期二: 09:00 – 18:00,星期三: 09:00 – 18:00,星期四: 09:00 – 18:00,星期五: 09:00 – 18:00,星期六: 09:00 – 18:00,星期日: 09:00 – 18:00\"', NULL, '2023-08-08 10:14:15'),
(237, 141, 1, '262台灣宜蘭縣礁溪鄉', 24.8276, 121.7709, '湯圍溝溫泉公園礁溪路側免費泡腳池', NULL, '湯圍溝溫泉公園礁溪路側免費泡腳池.jpg', '\"星期一: 24 小時營業,星期二: 24 小時營業,星期三: 24 小時營業,星期四: 24 小時營業,星期五: 24 小時營業,星期六: 24 小時營業,星期日: 24 小時營業\"', NULL, '2023-08-08 10:14:15'),
(238, 141, 2, '262台灣宜蘭縣白石腳路157巷31號', 24.838, 121.7756, '空ㄟ農場', '0912 089 795', '空ㄟ農場.jpg', '\"星期一: 15:00 – 23:00,星期二: 15:00 – 23:00,星期三: 15:00 – 23:00,星期四: 休息,星期五: 15:00 – 23:00,星期六: 15:00 – 00:00,星期日: 15:00 – 00:00\"', NULL, '2023-08-08 10:14:15'),
(239, 142, 0, '237台灣新北市三峽區長福街2號正對面', 24.9338, 121.3699, '真本家 真角燒x雞蛋糕', '0975 325 822', '真本家 真角燒x雞蛋糕.jpg', '\"星期一: 11:30 – 20:00,星期二: 休息,星期三: 11:30 – 20:00,星期四: 11:30 – 20:00,星期五: 11:30 – 20:00,星期六: 11:00 – 20:00,星期日: 11:00 – 20:00\"', NULL, '2023-08-08 10:21:33'),
(240, 142, 1, '237台灣新北市三峽區民權街87號', 24.9328, 121.3694, '鄭記三角豬血糕', '0922 975 583', '鄭記三角豬血糕.jpg', '\"星期一: 11:00 – 18:00,星期二: 休息,星期三: 11:00 – 18:00,星期四: 11:00 – 18:00,星期五: 11:00 – 18:00,星期六: 11:00 – 18:00,星期日: 11:00 – 18:00\"', NULL, '2023-08-08 10:21:33'),
(241, 142, 2, '237台灣新北市三峽區民權街31號', 24.9341, 121.3701, '來來麻糬', '0916 321 367', '來來麻糬.jpg', '\"星期一: 休息,星期二: 08:30 – 15:30,星期三: 08:30 – 15:30,星期四: 08:30 – 15:30,星期五: 08:30 – 15:30,星期六: 10:30 – 18:00,星期日: 10:30 – 18:00\"', NULL, '2023-08-08 10:21:33'),
(242, 143, 0, '208台灣新北市金山區西勢湖2號', 25.2463, 121.6112, '朱銘美術館', '02 2498 9940', '朱銘美術館.jpg', '\"星期一: 休息,星期二: 10:00 – 17:00,星期三: 10:00 – 17:00,星期四: 10:00 – 17:00,星期五: 10:00 – 17:00,星期六: 10:00 – 17:00,星期日: 10:00 – 17:00\"', NULL, '2023-08-08 10:24:28'),
(243, 143, 1, '208台灣新北市金山區23號', 25.2395, 121.5995, '鹿羽松牧場', '0956 020 406', '鹿羽松牧場.jpg', '\"星期一: 10:00 – 17:00,星期二: 10:00 – 17:00,星期三: 10:00 – 17:00,星期四: 10:00 – 17:00,星期五: 10:00 – 17:00,星期六: 10:00 – 17:00,星期日: 10:00 – 17:00\"', NULL, '2023-08-08 10:24:28'),
(244, 143, 2, '208台灣新北市金山區海興路174號', 25.24, 121.6329, 'Quiet B. Days靠北過日子', '02 2408 2332', 'Quiet B. Days靠北過日子.jpg', '\"星期一: 11:00 – 19:00,星期二: 11:00 – 19:00,星期三: 休息,星期四: 11:00 – 19:00,星期五: 11:00 – 19:00,星期六: 11:00 – 20:00,星期日: 11:00 – 20:00\"', NULL, '2023-08-08 10:24:28'),
(245, 144, 0, '208台灣新北市金山區西勢湖2號', 25.2463, 121.6112, '朱銘美術館', '02 2498 9940', '朱銘美術館.jpg', '\"星期一: 休息,星期二: 10:00 – 17:00,星期三: 10:00 – 17:00,星期四: 10:00 – 17:00,星期五: 10:00 – 17:00,星期六: 10:00 – 17:00,星期日: 10:00 – 17:00\"', NULL, '2023-08-08 10:27:31'),
(246, 144, 1, '208台灣新北市金山區23號', 25.2395, 121.5995, '鹿羽松牧場', '0956 020 406', '鹿羽松牧場.jpg', '\"星期一: 10:00 – 17:00,星期二: 10:00 – 17:00,星期三: 10:00 – 17:00,星期四: 10:00 – 17:00,星期五: 10:00 – 17:00,星期六: 10:00 – 17:00,星期日: 10:00 – 17:00\"', NULL, '2023-08-08 10:27:31'),
(247, 144, 2, '208台灣新北市金山區海興路174號', 25.24, 121.6329, 'Quiet B. Days靠北過日子', '02 2408 2332', 'Quiet B. Days靠北過日子.jpg', '\"星期一: 11:00 – 19:00,星期二: 11:00 – 19:00,星期三: 休息,星期四: 11:00 – 19:00,星期五: 11:00 – 19:00,星期六: 11:00 – 20:00,星期日: 11:00 – 20:00\"', NULL, '2023-08-08 10:27:31'),
(249, 126, 0, '100台灣台北市中正區八德路一段1號', 25.0438, 121.5292, '華山1914文化創意產業園區', '02 2358 1914', '華山1914文化創意產業園區.jpg', '\"\"星期一: 24 小時營業,星期二: 24 小時營業,星期三: 24 小時營業,星期四: 24 小時營業,星期五: 24 小時營業,星期六: 24 小時營業,星期日: 24 小時營業\"\"', NULL, '2023-08-08 10:49:29'),
(250, 126, 1, '100台灣台北市中正區南海路53號', 25.0323, 121.5098, '台北植物園', '02 2303 9978', '台北植物園.jpg', '\"星期一: 06:00 – 20:00,星期二: 06:00 – 20:00,星期三: 06:00 – 20:00,星期四: 06:00 – 20:00,星期五: 06:00 – 20:00,星期六: 06:00 – 20:00,星期日: 06:00 – 20:00\"', NULL, '2023-08-08 10:49:29'),
(253, 145, 0, '116台灣台北市文山區新光路二段30號', 24.9988, 121.5808, '臺北市立動物園', '02 2938 2300', '臺北市立動物園.jpg', '\"\"星期一: 09:00 – 17:00,星期二: 09:00 – 17:00,星期三: 09:00 – 17:00,星期四: 09:00 – 17:00,星期五: 09:00 – 17:00,星期六: 09:00 – 17:00,星期日: 09:00 – 17:00\"\"', NULL, '2023-08-08 14:06:54'),
(254, 146, 0, '224台灣新北市瑞芳區金水公路', 25.1173, 121.8613, '黃金瀑布', NULL, '黃金瀑布.jpg', '\"星期一: 24 小時營業,星期二: 24 小時營業,星期三: 24 小時營業,星期四: 24 小時營業,星期五: 24 小時營業,星期六: 24 小時營業,星期日: 24 小時營業\"', NULL, '2023-08-08 14:36:15'),
(255, 146, 1, '224台灣新北市瑞芳區濓新里', 25.1223, 121.8642, '陰陽海景觀台', '02 2496 1588', '陰陽海景觀台.jpg', '\"星期一: 24 小時營業,星期二: 24 小時營業,星期三: 24 小時營業,星期四: 24 小時營業,星期五: 24 小時營業,星期六: 24 小時營業,星期日: 24 小時營業\"', NULL, '2023-08-08 14:36:15'),
(256, 146, 2, '224台灣新北市瑞芳區', 25.1183, 121.8645, '水湳洞選煉廠遺址', '02 2497 2250', '水湳洞選煉廠遺址.jpg', '\"星期一: 24 小時營業,星期二: 24 小時營業,星期三: 24 小時營業,星期四: 24 小時營業,星期五: 24 小時營業,星期六: 24 小時營業,星期日: 24 小時營業\"', NULL, '2023-08-08 14:36:15'),
(257, 147, 0, '224台灣新北市瑞芳區金水公路', 25.1173, 121.8613, '黃金瀑布', NULL, '黃金瀑布.jpg', '\"星期一: 24 小時營業,星期二: 24 小時營業,星期三: 24 小時營業,星期四: 24 小時營業,星期五: 24 小時營業,星期六: 24 小時營業,星期日: 24 小時營業\"', NULL, '2023-08-08 14:39:07'),
(258, 147, 2, '224台灣新北市瑞芳區', 25.1183, 121.8645, '水湳洞選煉廠遺址', '02 2497 2250', '水湳洞選煉廠遺址.jpg', '\"星期一: 24 小時營業,星期二: 24 小時營業,星期三: 24 小時營業,星期四: 24 小時營業,星期五: 24 小時營業,星期六: 24 小時營業,星期日: 24 小時營業\"', NULL, '2023-08-08 14:39:07'),
(259, 147, 1, '224台灣新北市瑞芳區濓新里', 25.1223, 121.8642, '陰陽海景觀台', '02 2496 1588', '陰陽海景觀台.jpg', '\"星期一: 24 小時營業,星期二: 24 小時營業,星期三: 24 小時營業,星期四: 24 小時營業,星期五: 24 小時營業,星期六: 24 小時營業,星期日: 24 小時營業\"', NULL, '2023-08-08 14:39:07'),
(260, 148, 0, '224台灣新北市瑞芳區洞頂路104號', 25.1225, 121.8603, '水湳洞', NULL, '水湳洞.jpg', '\"星期一: 24 小時營業,星期二: 24 小時營業,星期三: 24 小時營業,星期四: 24 小時營業,星期五: 24 小時營業,星期六: 24 小時營業,星期日: 24 小時營業\"', NULL, '2023-08-08 14:45:56'),
(261, 148, 1, '224台灣新北市瑞芳區濓新里', 25.1223, 121.8642, '陰陽海景觀台', '02 2496 1588', '陰陽海景觀台.jpg', '\"星期一: 24 小時營業,星期二: 24 小時營業,星期三: 24 小時營業,星期四: 24 小時營業,星期五: 24 小時營業,星期六: 24 小時營業,星期日: 24 小時營業\"', NULL, '2023-08-08 14:45:56'),
(262, 148, 2, '224台灣新北市瑞芳區', 25.1183, 121.8645, '水湳洞選煉廠遺址', '02 2497 2250', '水湳洞選煉廠遺址.jpg', '\"星期一: 24 小時營業,星期二: 24 小時營業,星期三: 24 小時營業,星期四: 24 小時營業,星期五: 24 小時營業,星期六: 24 小時營業,星期日: 24 小時營業\"', NULL, '2023-08-08 14:45:56'),
(263, 149, 0, '228台灣新北市貢寮區龍門里', 25.022, 121.9432, '福隆國際沙雕藝術季 Fulong International Sand Sculpture Art Festival', NULL, '福隆國際沙雕藝術季 Fulong International Sand Sculpture Art Festival.jpg', '\"星期一: 08:00 – 18:00,星期二: 08:00 – 18:00,星期三: 08:00 – 18:00,星期四: 08:00 – 18:00,星期五: 08:00 – 18:00,星期六: 08:00 – 18:00,星期日: 08:00 – 18:00\"', NULL, '2023-08-08 15:10:41'),
(264, 149, 1, '228001台灣新北市貢寮區福隆街41號', 25.0188, 121.9452, '星巴克 福隆觀海門市', '02 2499 2320', '星巴克 福隆觀海門市.jpg', '\"星期一: 09:30 – 18:00,星期二: 09:30 – 18:00,星期三: 09:30 – 18:00,星期四: 09:30 – 18:00,星期五: 09:30 – 18:00,星期六: 08:00 – 20:00,星期日: 08:00 – 20:00\"', NULL, '2023-08-08 15:10:41'),
(265, 149, 2, '228台灣新北市貢寮區福隆街2號', 25.016, 121.9447, '福隆車站', NULL, '福隆車站.jpg', '\"undefined\"', NULL, '2023-08-08 15:10:41'),
(266, 149, 3, '228台灣新北市貢寮區和美街48號 龍洞四季灣', 25.1018, 121.9182, '龍洞四季灣', '02 2490 1000', '龍洞四季灣.jpg', '\"星期一: 09:00 – 17:30,星期二: 09:00 – 17:30,星期三: 09:00 – 17:30,星期四: 09:00 – 17:30,星期五: 09:00 – 17:30,星期六: 09:00 – 17:30,星期日: 09:00 – 17:30\"', NULL, '2023-08-08 15:10:41'),
(267, 149, 4, '228台灣新北市貢寮區龍洞街62-5號號旁', 25.1163, 121.9148, '海想來', '0933 101 597', '海想來.jpg', '\"星期一: 10:00 – 19:00,星期二: 休息,星期三: 休息,星期四: 10:00 – 19:00,星期五: 10:00 – 19:00,星期六: 10:00 – 19:00,星期日: 10:00 – 19:00\"', NULL, '2023-08-08 15:10:41'),
(268, 149, 5, '261台灣宜蘭縣石城路19號之6', 24.9822, 121.9536, '九號咖啡石城館 (二樓採預約制)', '03 969 9569', '九號咖啡石城館 (二樓採預約制).jpg', '\"星期一: 10:00 – 17:00,星期二: 10:00 – 17:00,星期三: 10:00 – 17:00,星期四: 10:00 – 17:00,星期五: 10:00 – 17:00,星期六: 10:00 – 17:00,星期日: 10:00 – 17:00\"', NULL, '2023-08-08 15:10:41'),
(269, 150, 1, '232台灣新北市坪林區新北市坪林區水德村水聳淒坑19-1號', 24.9354, 121.7132, '坪林石雕公園', '02 2665 7251', '坪林石雕公園.jpg', '\"星期一: 24 小時營業,星期二: 24 小時營業,星期三: 24 小時營業,星期四: 24 小時營業,星期五: 24 小時營業,星期六: 24 小時營業,星期日: 24 小時營業\"', NULL, '2023-08-08 15:16:20'),
(270, 150, 0, '232台灣新北市坪林區19-1號', 24.9354, 121.7133, '心茶合一 TeaFlow', '0911 842 511', '心茶合一 TeaFlow.jpg', '\"星期一: 10:00 – 17:00,星期二: 休息,星期三: 10:00 – 17:00,星期四: 10:00 – 17:00,星期五: 10:00 – 17:00,星期六: 10:00 – 17:00,星期日: 10:00 – 17:00\"', NULL, '2023-08-08 15:16:20'),
(271, 150, 2, '232001台灣新北市坪林區19-1號', 24.9346, 121.7125, '坪林茶業博物館', '02 2665 6035', '坪林茶業博物館.jpg', '\"星期一: 09:00 – 17:00,星期二: 09:00 – 17:00,星期三: 09:00 – 17:00,星期四: 09:00 – 17:00,星期五: 09:00 – 17:00,星期六: 09:00 – 17:30,星期日: 09:00 – 17:30\"', NULL, '2023-08-08 15:16:20'),
(272, 150, 3, '232台灣新北市坪林區粗窟里仁里坂15之2號', 24.9237, 121.691, '氧森谷花園餐廳', '02 2665 8197', '氧森谷花園餐廳.jpg', '\"星期一: 休息,星期二: 休息,星期三: 休息,星期四: 11:00 – 21:00,星期五: 11:00 – 21:00,星期六: 11:00 – 21:00,星期日: 11:00 – 21:00\"', NULL, '2023-08-08 15:16:20'),
(273, 150, 4, '223台灣新北市石碇區北宜路五段', 24.9404, 121.6318, '鱷魚島觀景平台', '0922 803 071', '鱷魚島觀景平台.jpg', '\"星期一: 24 小時營業,星期二: 24 小時營業,星期三: 24 小時營業,星期四: 24 小時營業,星期五: 24 小時營業,星期六: 24 小時營業,星期日: 24 小時營業\"', NULL, '2023-08-08 15:16:20'),
(274, 150, 5, '231台灣新北市新店區新店路', 24.956, 121.5368, '碧潭風景區', '02 2913 2579', '碧潭風景區.jpg', '\"星期一: 24 小時營業,星期二: 24 小時營業,星期三: 24 小時營業,星期四: 24 小時營業,星期五: 24 小時營業,星期六: 24 小時營業,星期日: 24 小時營業\"', NULL, '2023-08-08 15:16:20'),
(277, 152, 0, '103台灣台北市大同區寧夏路', 25.0564, 121.5154, '寧夏夜市', '0987 456 794', '寧夏夜市.jpg', '\"\"星期一: 17:00 – 01:00,星期二: 17:00 – 01:00,星期三: 17:00 – 01:00,星期四: 17:00 – 01:00,星期五: 17:00 – 01:00,星期六: 17:00 – 01:00,星期日: 17:00 – 01:00\"\"', NULL, '2023-08-09 10:48:03'),
(278, 152, 1, '103台灣台北市大同區民生西路底五號水門, 大稻埕碼頭貨櫃市集', 25.0561, 121.5076, '大稻埕碼頭貨櫃市集', '02 6605 7338', '大稻埕碼頭貨櫃市集.jpg', '\"星期一: 16:00 – 22:00,星期二: 16:00 – 22:00,星期三: 16:00 – 22:00,星期四: 16:00 – 22:00,星期五: 16:00 – 22:00,星期六: 12:00 – 22:00,星期日: 12:00 – 22:00\"', NULL, '2023-08-09 10:48:03'),
(279, 153, 0, '111台灣台北市士林區仰德大道二段141號林語堂故居', 25.1095, 121.547, '林語堂故居', '02 2861 3003', '林語堂故居.jpg', '\"星期一: 休息,星期二: 09:00 – 17:00,星期三: 09:00 – 17:00,星期四: 09:00 – 17:00,星期五: 09:00 – 17:00,星期六: 09:00 – 17:00,星期日: 09:00 – 17:00\"', NULL, '2023-08-09 10:57:54'),
(280, 153, 1, '111台灣台北市士林區福林路60號', 25.0941, 121.5313, '士林官邸', '02 2883 6340', '士林官邸.jpg', '\"星期一: 休息,星期二: 09:30 – 12:00, 13:30 – 17:00,星期三: 09:30 – 12:00, 13:30 – 17:00,星期四: 09:30 – 12:00, 13:30 – 17:00,星期五: 09:30 – 12:00, 13:30 – 17:00,星期六: 09:30 – 12:00, 13:30 – 17:00,星期日: 09:30 – 12:00, 13:30 – 17:00\"', NULL, '2023-08-09 10:57:54'),
(281, 153, 3, '111台灣台北市士林區至善路二段221號', 25.1014, 121.5501, '至善園', '02 2881 2021', '至善園.jpg', '\"星期一: 休息,星期二: 08:00 – 17:00,星期三: 08:00 – 17:00,星期四: 08:00 – 17:00,星期五: 08:00 – 17:00,星期六: 08:00 – 17:00,星期日: 08:00 – 17:00\"', NULL, '2023-08-09 10:57:54'),
(282, 153, 4, '111台灣台北市士林區至善路二段282號', 25.101, 121.5519, '順益台灣原住民博物館', '02 2841 2611', '順益台灣原住民博物館.jpg', '\"星期一: 休息,星期二: 09:00 – 17:00,星期三: 09:00 – 17:00,星期四: 09:00 – 17:00,星期五: 09:00 – 17:00,星期六: 09:00 – 17:00,星期日: 09:00 – 17:00\"', NULL, '2023-08-09 10:57:54'),
(283, 153, 2, '111台灣台北市士林區至善路二段221號', 25.1013, 121.5492, '國立故宮博物院', '02 2881 2021', '國立故宮博物院.jpg', '\"星期一: 休息,星期二: 09:00 – 17:00,星期三: 09:00 – 17:00,星期四: 09:00 – 17:00,星期五: 09:00 – 17:00,星期六: 09:00 – 17:00,星期日: 09:00 – 17:00\"', NULL, '2023-08-09 10:57:54'),
(284, 154, 0, '100台灣台北市中正區重慶南路一段122號', 25.04, 121.5125, '中華民國總統府', '02 2311 3731', '中華民國總統府.jpg', '\"星期一: 09:00 – 11:30,星期二: 09:00 – 11:30,星期三: 09:00 – 11:30,星期四: 09:00 – 11:30,星期五: 09:00 – 11:30,星期六: 休息,星期日: 休息\"', NULL, '2023-08-09 11:55:24'),
(285, 154, 1, '100台灣台北市中正區八德路一段1號', 25.0453, 121.5277, '華山文創園區 紅磚六合院西1館', '02 2358 1914', '華山文創園區 紅磚六合院西1館.jpg', '\"星期一: 09:00 – 21:00,星期二: 09:00 – 21:00,星期三: 09:00 – 21:00,星期四: 09:00 – 21:00,星期五: 09:00 – 21:00,星期六: 09:00 – 21:00,星期日: 09:00 – 21:00\"', NULL, '2023-08-09 11:55:24'),
(286, 154, 2, '100台灣台北市中正區襄陽路2號', 25.0431, 121.5151, '國立臺灣博物館(NTM Main Building)', '02 2382 2566', '國立臺灣博物館(NTM Main Building).jpg', '\"星期一: 休息,星期二: 09:30 – 17:00,星期三: 09:30 – 17:00,星期四: 09:30 – 17:00,星期五: 09:30 – 17:00,星期六: 09:30 – 17:00,星期日: 09:30 – 17:00\"', NULL, '2023-08-09 11:55:24'),
(287, 154, 3, '100台灣台北市中正區', 25.0418, 121.515, '二二八和平紀念公園', '02 2303 2451', '二二八和平紀念公園.jpg', '\"星期一: 24 小時營業,星期二: 24 小時營業,星期三: 24 小時營業,星期四: 24 小時營業,星期五: 24 小時營業,星期六: 24 小時營業,星期日: 24 小時營業\"', NULL, '2023-08-09 11:55:24'),
(288, 155, 0, '11072台灣台北市信義區光復南路133號', 25.0441, 121.5612, '松山文創園區', '02 2765 1388', '松山文創園區.jpg', '\"星期一: 08:00 – 22:00,星期二: 08:00 – 22:00,星期三: 08:00 – 22:00,星期四: 08:00 – 22:00,星期五: 08:00 – 22:00,星期六: 08:00 – 22:00,星期日: 08:00 – 22:00\"', NULL, '2023-08-09 12:01:51'),
(289, 155, 1, '100台灣台北市中正區', 25.0354, 121.52, '國立中正紀念堂', '02 2343 1100', '國立中正紀念堂.jpg', '\"星期一: 09:00 – 18:00,星期二: 09:00 – 18:00,星期三: 09:00 – 18:00,星期四: 09:00 – 18:00,星期五: 09:00 – 18:00,星期六: 09:00 – 18:00,星期日: 09:00 – 18:00\"', NULL, '2023-08-09 12:01:51'),
(290, 155, 2, '10489台灣台北市中山區建國北路一段96號B1', 25.0503, 121.5363, '袖珍博物館', '02 2515 0583', '袖珍博物館.jpg', '\"星期一: 休息,星期二: 10:00 – 18:00,星期三: 10:00 – 18:00,星期四: 10:00 – 18:00,星期五: 10:00 – 18:00,星期六: 10:00 – 18:00,星期日: 10:00 – 18:00\"', NULL, '2023-08-09 12:01:51'),
(291, 155, 3, '103台灣台北市大同區寧夏路', 25.0564, 121.5154, '寧夏夜市', '0987 456 794', '寧夏夜市.jpg', '\"星期一: 17:00 – 01:00,星期二: 17:00 – 01:00,星期三: 17:00 – 01:00,星期四: 17:00 – 01:00,星期五: 17:00 – 01:00,星期六: 17:00 – 01:00,星期日: 17:00 – 01:00\"', NULL, '2023-08-09 12:01:51'),
(292, 156, 0, '223台灣新北市石碇區永安里', 24.9301, 121.6372, '千島湖', '0922 803 071', '千島湖.jpg', '\"星期一: 24 小時營業,星期二: 24 小時營業,星期三: 24 小時營業,星期四: 24 小時營業,星期五: 24 小時營業,星期六: 24 小時營業,星期日: 24 小時營業\"', NULL, '2023-08-09 12:06:10'),
(293, 156, 1, '223台灣新北市石碇區', 24.9908, 121.6608, '石碇老街', NULL, '石碇老街.jpg', '\"星期一: 08:00 – 17:00,星期二: 08:00 – 17:00,星期三: 休息,星期四: 08:00 – 17:00,星期五: 08:00 – 17:00,星期六: 08:00 – 17:00,星期日: 08:00 – 17:00\"', NULL, '2023-08-09 12:06:10'),
(294, 156, 2, '223台灣新北市石碇區3號', 24.9645, 121.6641, '石碇許家手工麵線', '0932 129 041', '石碇許家手工麵線.jpg', '\"星期一: 08:30 – 15:30,星期二: 休息,星期三: 08:30 – 15:00,星期四: 08:30 – 15:00,星期五: 08:30 – 15:00,星期六: 08:00 – 15:00,星期日: 08:30 – 15:30\"', NULL, '2023-08-09 12:06:10'),
(295, 156, 3, '222台灣新北市深坑區深坑街110號', 25.0017, 121.6147, '深坑老街', '0953 315 349', '深坑老街.jpg', '\"星期一: 09:00 – 21:00,星期二: 09:00 – 21:00,星期三: 09:00 – 21:00,星期四: 09:00 – 21:00,星期五: 09:00 – 21:00,星期六: 09:00 – 21:00,星期日: 09:00 – 21:00\"', NULL, '2023-08-09 12:06:10'),
(296, 157, 0, '251台灣新北市淡水區中正路1號', 25.1692, 121.4439, '淡水老街', '02 2622 1020', '淡水老街.jpg', '\"星期一: 24 小時營業,星期二: 24 小時營業,星期三: 24 小時營業,星期四: 24 小時營業,星期五: 24 小時營業,星期六: 24 小時營業,星期日: 24 小時營業\"', NULL, '2023-08-09 12:11:09'),
(297, 157, 1, '251台灣新北市淡水區真理街15號', 25.174, 121.4363, '小白宮(前大清淡水總稅務司官邸)', '02 2628 2865', '小白宮(前大清淡水總稅務司官邸).jpg', '\"星期一: 09:30 – 17:00,星期二: 09:30 – 17:00,星期三: 09:30 – 17:00,星期四: 09:30 – 17:00,星期五: 09:30 – 17:00,星期六: 09:30 – 18:00,星期日: 09:30 – 18:00\"', NULL, '2023-08-09 12:11:09'),
(298, 157, 2, '251台灣新北市淡水區中正路28巷1號', 25.175, 121.4333, '淡水紅毛城', '02 2623 1001', '淡水紅毛城.jpg', '\"星期一: 09:30 – 17:00,星期二: 09:30 – 17:00,星期三: 09:30 – 17:00,星期四: 09:30 – 17:00,星期五: 09:30 – 17:00,星期六: 09:30 – 18:00,星期日: 09:30 – 18:00\"', NULL, '2023-08-09 12:11:09'),
(299, 157, 3, '台灣漁人碼頭', 25.1833, 121.4095, '漁人碼頭', NULL, '漁人碼頭.jpg', '\"undefined\"', NULL, '2023-08-09 12:11:09'),
(300, 158, 0, '231台灣新北市新店區新店路', 24.956, 121.5368, '碧潭風景區', '02 2913 2579', '碧潭風景區.jpg', '\"星期一: 24 小時營業,星期二: 24 小時營業,星期三: 24 小時營業,星期四: 24 小時營業,星期五: 24 小時營業,星期六: 24 小時營業,星期日: 24 小時營業\"', NULL, '2023-08-09 13:33:40'),
(301, 158, 1, '233台灣新北市烏來區烏來街12號', 24.8639, 121.5515, '烏來老街', '02 2661 6442', '烏來老街.jpg', '\"星期一: 10:00 – 17:00,星期二: 10:00 – 17:00,星期三: 10:00 – 17:00,星期四: 10:00 – 17:00,星期五: 10:00 – 17:00,星期六: 10:00 – 18:00,星期日: 10:00 – 18:00\"', NULL, '2023-08-09 13:33:40'),
(302, 158, 2, '233台灣新北市烏來區溫泉街39號', 24.8621, 121.5508, '烏來水岸溫泉', '02 2661 6650', '烏來水岸溫泉.jpg', '\"星期一: 24 小時營業,星期二: 24 小時營業,星期三: 24 小時營業,星期四: 24 小時營業,星期五: 24 小時營業,星期六: 24 小時營業,星期日: 24 小時營業\"', NULL, '2023-08-09 13:33:40'),
(303, 159, 0, '116台灣台北市文山區新光路二段30號', 24.9988, 121.5808, '臺北市立動物園', '02 2938 2300', '臺北市立動物園.jpg', '\"星期一: 09:00 – 17:00,星期二: 09:00 – 17:00,星期三: 09:00 – 17:00,星期四: 09:00 – 17:00,星期五: 09:00 – 17:00,星期六: 09:00 – 17:00,星期日: 09:00 – 17:00\"', NULL, '2023-08-09 13:36:37'),
(304, 159, 1, '116台灣台北市文山區新光路二段8號', 24.9961, 121.5763, '貓空纜車', '02 8661 8110', '貓空纜車.jpg', '\"星期一: 休息,星期二: 09:00 – 21:00,星期三: 09:00 – 21:00,星期四: 09:00 – 21:00,星期五: 09:00 – 21:00,星期六: 09:00 – 22:00,星期日: 09:00 – 22:00\"', NULL, '2023-08-09 13:36:37'),
(305, 160, 0, '10617台灣台北市大安區羅斯福路四段1號', 25.0173, 121.5398, '國立臺灣大學', '02 3366 3366', '國立臺灣大學.jpg', '\"undefined\"', NULL, '2023-08-09 13:41:07'),
(306, 160, 1, '100台灣台北市中正區思源街1號', 25.0126, 121.5301, '自來水博物館', '02 8369 5104', '自來水博物館.jpg', '\"星期一: 休息,星期二: 09:00 – 17:00,星期三: 09:00 – 17:00,星期四: 09:00 – 17:00,星期五: 09:00 – 17:00,星期六: 09:00 – 17:00,星期日: 09:00 – 17:00\"', NULL, '2023-08-09 13:41:07'),
(307, 160, 2, '100台灣台北市中正區汀州路三段230巷14弄2號', 25.0107, 121.5323, '寶藏巖台北國際藝術村', '02 2364 5313', '寶藏巖台北國際藝術村.jpg', '\"星期一: 休息,星期二: 11:00 – 22:00,星期三: 11:00 – 22:00,星期四: 11:00 – 22:00,星期五: 11:00 – 22:00,星期六: 11:00 – 22:00,星期日: 11:00 – 22:00\"', NULL, '2023-08-09 13:41:07'),
(308, 160, 3, '100台灣台北市中正區', 25.0152, 121.5327, '公館商圈', NULL, '公館商圈.jpg', '\"星期一: 24 小時營業,星期二: 24 小時營業,星期三: 24 小時營業,星期四: 24 小時營業,星期五: 24 小時營業,星期六: 24 小時營業,星期日: 24 小時營業\"', NULL, '2023-08-09 13:41:07'),
(309, 161, 0, '108台灣台北市萬華區康定路173巷', 25.0368, 121.5022, '剝皮寮歷史街區', '02 2302 3199', '剝皮寮歷史街區.jpg', '\"星期一: 休息,星期二: 09:00 – 18:00,星期三: 09:00 – 18:00,星期四: 09:00 – 18:00,星期五: 09:00 – 18:00,星期六: 09:00 – 18:00,星期日: 09:00 – 18:00\"', NULL, '2023-08-09 13:45:15'),
(310, 161, 1, '10853台灣台北市萬華區廣州街211號', 25.037, 121.4999, '艋舺龍山寺', '02 2302 5162', '艋舺龍山寺.jpg', '\"星期一: 06:00 – 21:45,星期二: 06:00 – 21:45,星期三: 06:00 – 21:45,星期四: 06:00 – 21:45,星期五: 06:00 – 21:45,星期六: 06:00 – 21:45,星期日: 06:00 – 21:45\"', NULL, '2023-08-09 13:45:15'),
(311, 161, 2, '108台灣台北市萬華區漢中街121-1號', 25.0429, 121.5076, '西門町商圈', NULL, '西門町商圈.jpg', '\"星期一: 10:00 – 23:00,星期二: 10:00 – 23:00,星期三: 10:00 – 23:00,星期四: 10:00 – 23:00,星期五: 10:00 – 23:00,星期六: 10:00 – 23:00,星期日: 10:00 – 23:00\"', NULL, '2023-08-09 13:45:15'),
(312, 162, 1, '202台灣基隆市中正區', 25.1456, 121.7977, '望幽谷濱海步道', '02 2425 8245', '望幽谷濱海步道.jpg', '\"星期一: 24 小時營業,星期二: 24 小時營業,星期三: 24 小時營業,星期四: 24 小時營業,星期五: 24 小時營業,星期六: 24 小時營業,星期日: 24 小時營業\"', NULL, '2023-08-09 13:57:24'),
(313, 162, 0, '202台灣基隆市中正區', 25.1622, 121.7635, '和平島公園海水泳池', '02 2463 5452', '和平島公園海水泳池.jpg', '\"星期一: 08:00 – 18:00,星期二: 08:00 – 18:00,星期三: 08:00 – 18:00,星期四: 08:00 – 18:00,星期五: 08:00 – 18:00,星期六: 08:00 – 18:00,星期日: 08:00 – 18:00\"', NULL, '2023-08-09 13:57:24'),
(314, 162, 2, '202台灣基隆市漁港一街', 25.1467, 121.7942, '大坪海岸', NULL, '大坪海岸.jpg', '\"星期一: 24 小時營業,星期二: 24 小時營業,星期三: 24 小時營業,星期四: 24 小時營業,星期五: 24 小時營業,星期六: 24 小時營業,星期日: 24 小時營業\"', NULL, '2023-08-09 13:57:24'),
(315, 162, 3, '224台灣新北市瑞芳區', 25.1346, 121.8238, '深澳岬角 象鼻岩景觀區', '02 2960 3456', '深澳岬角 象鼻岩景觀區.jpg', '\"星期一: 24 小時營業,星期二: 24 小時營業,星期三: 24 小時營業,星期四: 24 小時營業,星期五: 24 小時營業,星期六: 24 小時營業,星期日: 24 小時營業\"', NULL, '2023-08-09 13:57:24'),
(316, 163, 0, '202台灣基隆市平一路360號', 25.1613, 121.7642, '和平島地質公園', '02 2463 5452', '和平島地質公園.jpg', '\"星期一: 08:00 – 19:00,星期二: 08:00 – 19:00,星期三: 08:00 – 19:00,星期四: 08:00 – 19:00,星期五: 08:00 – 19:00,星期六: 08:00 – 19:00,星期日: 08:00 – 19:00\"', NULL, '2023-08-09 14:27:39'),
(317, 163, 1, '202台灣基隆市正濱路72號', 25.1527, 121.7694, '正濱漁港-彩色街屋', NULL, '正濱漁港-彩色街屋.jpg', '\"星期一: 24 小時營業,星期二: 24 小時營業,星期三: 24 小時營業,星期四: 24 小時營業,星期五: 24 小時營業,星期六: 24 小時營業,星期日: 24 小時營業\"', NULL, '2023-08-09 14:27:39'),
(318, 163, 2, '202台灣基隆市北寧路367號5樓', 25.141, 121.798, '海科館－海洋科學廳', '02 2469 6000', '海科館－海洋科學廳.jpg', '\"星期一: 休息,星期二: 09:00 – 17:00,星期三: 09:00 – 17:00,星期四: 09:00 – 17:00,星期五: 09:00 – 17:00,星期六: 09:00 – 18:00,星期日: 09:00 – 18:00\"', NULL, '2023-08-09 14:27:39'),
(319, 163, 3, '200台灣基隆市仁二路236號', 25.1304, 121.743, '基隆東岸商場', '02 2426 7290', '基隆東岸商場.jpg', '\"星期一: 11:00 – 22:00,星期二: 11:00 – 22:00,星期三: 11:00 – 22:00,星期四: 11:00 – 22:00,星期五: 11:00 – 22:30,星期六: 11:00 – 22:30,星期日: 11:00 – 22:00\"', NULL, '2023-08-09 14:27:39'),
(320, 163, 4, '203台灣基隆市中山一路189巷135號', 25.1344, 121.7372, '太平青鳥', '02 2427 6323', '太平青鳥.jpg', '\"星期一: 休息,星期二: 休息,星期三: 10:00 – 18:00,星期四: 10:00 – 18:00,星期五: 10:00 – 18:00,星期六: 10:00 – 18:00,星期日: 10:00 – 18:00\"', NULL, '2023-08-09 14:27:39'),
(321, 164, 0, '111台灣台北市士林區菁山路101巷246號', 25.1657, 121.5754, '擎天崗大草原', '02 2861 5404', '擎天崗大草原.jpg', '\"星期一: 24 小時營業,星期二: 24 小時營業,星期三: 24 小時營業,星期四: 24 小時營業,星期五: 24 小時營業,星期六: 24 小時營業,星期日: 24 小時營業\"', NULL, '2023-08-09 14:48:51'),
(325, 165, 0, '106台灣台北市大安區新生南路二段1號', 25.0311, 121.536, '大安森林公園', '02 2700 3830', '大安森林公園.jpg', '\"\"星期一: 24 小時營業,星期二: 24 小時營業,星期三: 24 小時營業,星期四: 24 小時營業,星期五: 24 小時營業,星期六: 24 小時營業,星期日: 24 小時營業\"\"', NULL, '2023-08-10 01:41:48'),
(326, 165, 1, '110台灣台北市信義區信義路五段150巷', 25.0302, 121.5699, '象山公園', '02 2788 4255', '象山公園.jpg', '\"\"星期一: 24 小時營業,星期二: 24 小時營業,星期三: 24 小時營業,星期四: 24 小時營業,星期五: 24 小時營業,星期六: 24 小時營業,星期日: 24 小時營業\"\"', NULL, '2023-08-10 01:41:48'),
(327, 165, 2, '106台灣台北市大安區基隆路三段155巷57號', 25.0146, 121.544, '國立臺灣大學醫學院附設醫院癌醫中心分院', '02 2322 0322', '國立臺灣大學醫學院附設醫院癌醫中心分院.jpg', '\"星期一: 24 小時營業,星期二: 24 小時營業,星期三: 24 小時營業,星期四: 24 小時營業,星期五: 24 小時營業,星期六: 24 小時營業,星期日: 24 小時營業\"', NULL, '2023-08-10 01:41:48'),
(328, 165, 3, '10491台灣台北市中山區民權東路二段109號', 25.0627, 121.5338, '行天宮', '02 2502 7924', '行天宮.jpg', '\"星期一: 04:00 – 22:00,星期二: 04:00 – 22:00,星期三: 04:00 – 22:00,星期四: 04:00 – 22:00,星期五: 04:00 – 22:00,星期六: 04:00 – 22:00,星期日: 04:00 – 22:00\"', NULL, '2023-08-10 01:41:48'),
(329, 166, 0, '110台灣台北市信義區仁愛路四段505號', 25.0394, 121.5598, '國父紀念館', '02 2758 8008', '國父紀念館.jpg', '\"星期一: 09:00 – 18:00,星期二: 09:00 – 18:00,星期三: 09:00 – 18:00,星期四: 09:00 – 18:00,星期五: 09:00 – 18:00,星期六: 09:00 – 18:00,星期日: 09:00 – 18:00\"', NULL, '2023-08-10 09:11:24'),
(330, 166, 1, '110台灣台北市信義區松勤街52號', 25.0318, 121.5619, '四四南村', '02 2723 7937', '四四南村.jpg', '\"星期一: 休息,星期二: 09:00 – 17:00,星期三: 09:00 – 17:00,星期四: 09:00 – 17:00,星期五: 09:00 – 17:00,星期六: 09:00 – 17:00,星期日: 09:00 – 17:00\"', NULL, '2023-08-10 09:11:24'),
(331, 166, 3, '110台灣台北市信義區信義路五段7號89樓', 25.0337, 121.5645, '台北101觀景台', '02 8101 8898', '台北101觀景台.jpg', '\"星期一: 11:00 – 21:00,星期二: 11:00 – 21:00,星期三: 11:00 – 21:00,星期四: 11:00 – 21:00,星期五: 11:00 – 21:00,星期六: 11:00 – 21:00,星期日: 11:00 – 21:00\"', NULL, '2023-08-10 09:11:24'),
(332, 166, 2, '110台灣台北市信義區信義路五段100號', 25.0328, 121.5658, '幾米月亮公車', '02 2729 2000', '幾米月亮公車.jpg', '\"星期一: 休息,星期二: 09:00 – 21:00,星期三: 09:00 – 21:00,星期四: 09:00 – 21:00,星期五: 09:00 – 21:00,星期六: 09:00 – 20:30,星期日: 09:00 – 21:00\"', NULL, '2023-08-10 09:11:24'),
(337, 167, 0, '324 巷 8 弄 號, No. 72-2文化路鶯歌區新北市台灣 239', 24.9476, 121.3506, '陶瓷博物館戲水區', NULL, '陶瓷博物館戲水區.jpg', '\"\"undefined\"\"', NULL, '2023-08-10 09:29:21'),
(338, 167, 1, '239台灣新北市莺歌区育英街67號3F', 24.9522, 121.3473, '鶯歌老街', NULL, '鶯歌老街.jpg', '\"\"星期一: 24 小時營業,星期二: 24 小時營業,星期三: 24 小時營業,星期四: 24 小時營業,星期五: 24 小時營業,星期六: 24 小時營業,星期日: 24 小時營業\"\"', NULL, '2023-08-10 09:29:21'),
(339, 167, 2, '237台灣新北市三峽區', 24.8254, 121.4487, '滿月圓森林遊樂區遊客中心', '02 2672 0542', '滿月圓森林遊樂區遊客中心.jpg', '\"\"星期一: 08:00 – 17:00,星期二: 08:00 – 17:00,星期三: 08:00 – 17:00,星期四: 08:00 – 17:00,星期五: 08:00 – 17:00,星期六: 07:00 – 17:00,星期日: 07:00 – 17:00\"\"', NULL, '2023-08-10 09:29:21'),
(340, 167, 3, '237台灣新北市三峽區民權街37-147號', 24.9338, 121.3698, '三峽老街', '0920 767 374', '三峽老街.jpg', '\"星期一: 10:00 – 19:30,星期二: 10:00 – 19:30,星期三: 10:00 – 19:30,星期四: 10:00 – 19:30,星期五: 10:00 – 19:30,星期六: 09:00 – 20:00,星期日: 09:00 – 20:00\"', NULL, '2023-08-10 09:29:21'),
(341, 168, 1, '100台灣台北市中正區', 25.0354, 121.52, '國立中正紀念堂', '02 2343 1100', '國立中正紀念堂.jpg', '\"星期一: 09:00 – 18:00,星期二: 09:00 – 18:00,星期三: 09:00 – 18:00,星期四: 09:00 – 18:00,星期五: 09:00 – 18:00,星期六: 09:00 – 18:00,星期日: 09:00 – 18:00\"', NULL, '2023-08-10 09:38:15'),
(342, 168, 0, '100台灣台北市中正區八德路一段1號', 25.0453, 121.5277, '華山文創園區 紅磚六合院西1館', '02 2358 1914', '華山文創園區 紅磚六合院西1館.jpg', '\"星期一: 09:00 – 21:00,星期二: 09:00 – 21:00,星期三: 09:00 – 21:00,星期四: 09:00 – 21:00,星期五: 09:00 – 21:00,星期六: 09:00 – 21:00,星期日: 09:00 – 21:00\"', NULL, '2023-08-10 09:38:15'),
(343, 168, 2, '108台灣台北市萬華區漢中街121-1號', 25.0429, 121.5076, '西門町商圈', NULL, '西門町商圈.jpg', '\"星期一: 10:00 – 23:00,星期二: 10:00 – 23:00,星期三: 10:00 – 23:00,星期四: 10:00 – 23:00,星期五: 10:00 – 23:00,星期六: 10:00 – 23:00,星期日: 10:00 – 23:00\"', NULL, '2023-08-10 09:38:15'),
(344, 169, 0, '11169台灣台北市士林區承德路五段55號', 25.0975, 121.5145, '兒童新樂園摩天輪', '02 2833 3823#105', '兒童新樂園摩天輪.jpg', '\"星期一: 休息,星期二: 09:00 – 17:00,星期三: 09:00 – 17:00,星期四: 09:00 – 17:00,星期五: 09:00 – 17:00,星期六: 09:00 – 20:00,星期日: 09:00 – 18:00\"', NULL, '2023-08-10 09:45:33'),
(345, 170, 0, '111台灣台北市士林區菁山路101巷246號', 25.1657, 121.5754, '擎天崗大草原', '02 2861 5404', '擎天崗大草原.jpg', '\"星期一: 24 小時營業,星期二: 24 小時營業,星期三: 24 小時營業,星期四: 24 小時營業,星期五: 24 小時營業,星期六: 24 小時營業,星期日: 24 小時營業\"', NULL, '2023-08-10 09:53:31'),
(346, 170, 1, '112台灣台北市北投區竹子湖', 25.1692, 121.539, '竹子湖', NULL, '竹子湖.jpg', '\"undefined\"', NULL, '2023-08-10 09:53:31'),
(347, 170, 2, '112台灣台北市北投區竹子湖路55之11號', 25.1772, 121.5309, '青菜園', '02 2861 9165', '青菜園.jpg', '\"星期一: 11:00 – 19:30,星期二: 11:00 – 19:30,星期三: 休息,星期四: 11:00 – 19:30,星期五: 11:00 – 20:00,星期六: 11:00 – 20:00,星期日: 11:00 – 19:30\"', NULL, '2023-08-10 09:53:31'),
(348, 171, 0, '249台灣新北市八里區渡船頭街', 25.1584, 121.4347, '八里渡船頭老街', NULL, '八里渡船頭老街.jpg', '\"星期一: 24 小時營業,星期二: 24 小時營業,星期三: 24 小時營業,星期四: 24 小時營業,星期五: 24 小時營業,星期六: 24 小時營業,星期日: 24 小時營業\"', NULL, '2023-08-10 09:57:59'),
(349, 151, 0, '224台灣新北市瑞芳區建基路二段119號', 25.1346, 121.8046, '八斗子車站', '02 2497 2033', '八斗子車站.jpg', '\"undefined\"', NULL, '2023-08-10 10:06:25'),
(350, 151, 1, '台灣八斗子漁港', 25.1446, 121.7915, '八斗子漁港', NULL, '八斗子漁港.jpg', '\"undefined\"', NULL, '2023-08-10 10:06:25'),
(351, 151, 2, '202台灣基隆市中正區', 25.1456, 121.7977, '望幽谷濱海步道', '02 2425 8245', '望幽谷濱海步道.jpg', '\"星期一: 24 小時營業,星期二: 24 小時營業,星期三: 24 小時營業,星期四: 24 小時營業,星期五: 24 小時營業,星期六: 24 小時營業,星期日: 24 小時營業\"', NULL, '2023-08-10 10:06:25'),
(352, 173, 0, '106台灣台北市大安區新生南路二段1號', 25.0311, 121.536, '大安森林公園', '02 2700 3830', '大安森林公園.jpg', '\"星期一: 24 小時營業,星期二: 24 小時營業,星期三: 24 小時營業,星期四: 24 小時營業,星期五: 24 小時營業,星期六: 24 小時營業,星期日: 24 小時營業\"', NULL, '2023-08-10 10:30:35'),
(353, 172, 0, '223台灣新北市石碇區石碇東街85號', 24.991, 121.6602, '王氏豆腐', '02 2663 1976', '王氏豆腐.jpg', '\"星期一: 休息,星期二: 休息,星期三: 休息,星期四: 10:00 – 17:00,星期五: 10:00 – 17:00,星期六: 07:30 – 18:00,星期日: 07:30 – 18:00\"', NULL, '2023-08-10 10:32:01'),
(354, 172, 1, '223台灣新北市石碇區石碇東街75號', 24.991, 121.6603, '福寶飲食店', '02 2663 1529', '福寶飲食店.jpg', '\"星期一: 休息,星期二: 11:00 – 19:00,星期三: 11:00 – 19:00,星期四: 11:00 – 19:00,星期五: 11:00 – 19:00,星期六: 11:00 – 19:00,星期日: 11:00 – 19:00\"', NULL, '2023-08-10 10:32:01'),
(355, 172, 2, '223台灣新北市石碇區石碇東街59號', 24.9908, 121.6606, '石碇老街阿嬤麻糬|臺北麻糬大獎『最佳特色獎』', '02 2663 1257', '石碇老街阿嬤麻糬|臺北麻糬大獎『最佳特色獎』.jpg', '\"星期一: 休息,星期二: 11:00 – 17:00,星期三: 11:00 – 17:00,星期四: 11:00 – 17:00,星期五: 11:00 – 17:00,星期六: 11:00 – 17:00,星期日: 11:00 – 17:00\"', NULL, '2023-08-10 10:32:01'),
(356, 172, 3, '223台灣新北市石碇區石碇東街77號', 24.991, 121.6603, '陳記豆腐養生恬點', '02 2663 2555', '陳記豆腐養生恬點.jpg', '\"星期一: 休息,星期二: 10:00 – 17:00,星期三: 10:00 – 17:00,星期四: 10:00 – 17:00,星期五: 10:00 – 17:00,星期六: 10:00 – 18:00,星期日: 10:00 – 18:00\"', NULL, '2023-08-10 10:32:01'),
(357, 174, 0, '233台灣新北市烏來區瀑布路16號', 24.8476, 121.5516, '烏來瀑布', '02 2661 6942', '烏來瀑布.jpg', '\"星期一: 24 小時營業,星期二: 24 小時營業,星期三: 24 小時營業,星期四: 24 小時營業,星期五: 24 小時營業,星期六: 24 小時營業,星期日: 24 小時營業\"', NULL, '2023-08-10 10:37:41'),
(358, 174, 1, '233台灣新北市烏來區烏來街12號', 24.8641, 121.5515, '烏來泰雅民族博物館', '02 2661 8162', '烏來泰雅民族博物館.jpg', '\"星期一: 09:30 – 17:00,星期二: 09:30 – 17:00,星期三: 09:30 – 17:00,星期四: 09:30 – 17:00,星期五: 09:30 – 17:00,星期六: 09:30 – 18:00,星期日: 09:30 – 18:00\"', NULL, '2023-08-10 10:37:41'),
(359, 174, 2, '233台灣新北市烏來區烏來街12號', 24.8639, 121.5515, '烏來老街', '02 2661 6442', '烏來老街.jpg', '\"星期一: 10:00 – 17:00,星期二: 10:00 – 17:00,星期三: 10:00 – 17:00,星期四: 10:00 – 17:00,星期五: 10:00 – 17:00,星期六: 10:00 – 18:00,星期日: 10:00 – 18:00\"', NULL, '2023-08-10 10:37:41'),
(360, 174, 3, '233台灣新北市烏來區西羅岸路37號', 24.8656, 121.5475, '烏來旅晨溫泉民宿', '02 2661 6658', '烏來旅晨溫泉民宿.jpg', '\"星期一: 10:00 – 22:00,星期二: 10:00 – 22:00,星期三: 10:00 – 22:00,星期四: 10:00 – 22:00,星期五: 10:00 – 22:00,星期六: 10:00 – 22:00,星期日: 10:00 – 22:00\"', NULL, '2023-08-10 10:37:41'),
(363, 176, 0, '108台灣台北市萬華區西門町', 25.0439, 121.5058, '西門町', NULL, '西門町.jpg', '\"\"undefined\"\"', NULL, '2023-08-10 13:41:00'),
(364, 176, 1, '108台灣台北市萬華區漢中街116-120號', 25.0427, 121.5075, '西門捷運六號出口', NULL, '西門捷運六號出口.jpg', '\"\"undefined\"\"', NULL, '2023-08-10 13:41:00'),
(365, 176, 2, '10853台灣台北市萬華區廣州街211號', 25.037, 121.4999, '艋舺龍山寺', '02 2302 5162', '艋舺龍山寺.jpg', '\"星期一: 06:00 – 21:45,星期二: 06:00 – 21:45,星期三: 06:00 – 21:45,星期四: 06:00 – 21:45,星期五: 06:00 – 21:45,星期六: 06:00 – 21:45,星期日: 06:00 – 21:45\"', NULL, '2023-08-10 13:41:00'),
(367, 177, 0, '106台灣台北市大安區新生南路二段1號', 25.0311, 121.536, '大安森林公園', '02 2700 3830', '大安森林公園.jpg', '\"\"星期一: 24 小時營業,星期二: 24 小時營業,星期三: 24 小時營業,星期四: 24 小時營業,星期五: 24 小時營業,星期六: 24 小時營業,星期日: 24 小時營業\"\"', NULL, '2023-08-10 13:49:14'),
(368, 178, 0, '103台灣台北市大同區迪化街一段', 25.0551, 121.51, '迪化街', NULL, '迪化街.jpg', '\"星期一: 24 小時營業,星期二: 24 小時營業,星期三: 24 小時營業,星期四: 24 小時營業,星期五: 24 小時營業,星期六: 24 小時營業,星期日: 24 小時營業\"', NULL, '2023-08-10 15:16:36'),
(369, 178, 1, '103台灣台北市大同區民生西路底五號水門, 大稻埕碼頭貨櫃市集', 25.0561, 121.5076, '大稻埕碼頭貨櫃市集', '02 6605 7338', '大稻埕碼頭貨櫃市集.jpg', '\"星期一: 16:00 – 22:00,星期二: 16:00 – 22:00,星期三: 16:00 – 22:00,星期四: 16:00 – 22:00,星期五: 16:00 – 22:00,星期六: 12:00 – 22:00,星期日: 12:00 – 22:00\"', NULL, '2023-08-10 15:16:36'),
(371, 179, 0, '110台灣台北市信義區仁愛路四段505號', 25.0394, 121.5598, '國父紀念館', '02 2758 8008', '國父紀念館.jpg', '\"\"星期一: 09:00 – 18:00,星期二: 09:00 – 18:00,星期三: 09:00 – 18:00,星期四: 09:00 – 18:00,星期五: 09:00 – 18:00,星期六: 09:00 – 18:00,星期日: 09:00 – 18:00\"\"', NULL, '2023-08-10 16:03:37'),
(374, 180, 0, '106台灣台北市大安區忠孝東路三段300號4F, No', 25.0413, 121.5433, '咖啡廳', NULL, '咖啡廳.jpg', '\"\"undefined\"\"', NULL, '2023-08-10 16:05:40'),
(375, 180, 1, '110台灣台北市信義區忠孝東路五段8號2F', 25.0409, 121.5655, '星巴克 (台北時代門市)', '02 2722 6292', '星巴克 (台北時代門市).jpg', '\"\"星期一: 07:00 – 22:00,星期二: 07:00 – 22:00,星期三: 07:00 – 22:00,星期四: 07:00 – 22:00,星期五: 07:00 – 22:00,星期六: 07:00 – 22:00,星期日: 07:00 – 22:00\"\"', NULL, '2023-08-10 16:05:40'),
(376, 181, 0, '106台灣台北市大安區', 25.0263, 121.5438, '大安區', NULL, '大安區.jpg', '\"undefined\"', NULL, '2023-08-10 16:46:01');

-- --------------------------------------------------------

--
-- 資料表結構 `member`
--

CREATE TABLE `member` (
  `member_id` int(10) NOT NULL,
  `email` varchar(255) NOT NULL,
  `password` varchar(255) NOT NULL,
  `images` varchar(255) DEFAULT NULL,
  `member_name` varchar(255) NOT NULL,
  `member_birth` date NOT NULL,
  `id_number` varchar(255) NOT NULL,
  `gender` varchar(255) NOT NULL,
  `location` varchar(255) NOT NULL,
  `height` float NOT NULL,
  `weight` float NOT NULL,
  `zodiac` varchar(255) NOT NULL,
  `bloodtype` varchar(255) NOT NULL,
  `smoke` varchar(255) NOT NULL,
  `alchohol` varchar(255) NOT NULL,
  `education_level` varchar(255) NOT NULL,
  `job` varchar(255) NOT NULL,
  `profile` varchar(255) NOT NULL,
  `mobile` varchar(255) NOT NULL,
  `create_at` datetime NOT NULL DEFAULT CURRENT_TIMESTAMP
) ENGINE=InnoDB DEFAULT CHARSET=utf8;

--
-- 傾印資料表的資料 `member`
--

INSERT INTO `member` (`member_id`, `email`, `password`, `images`, `member_name`, `member_birth`, `id_number`, `gender`, `location`, `height`, `weight`, `zodiac`, `bloodtype`, `smoke`, `alchohol`, `education_level`, `job`, `profile`, `mobile`, `create_at`) VALUES
(1, 'mail233591@test.com', 'A176373707r', 'face1.png', '塗丞恩', '1993-01-25', 'X131804595', '女', '新北市林口區', 176, 77, '巨蟹座', 'B', '有', '滴酒不沾', '國中', '中醫師', '生命移動', '0911325829', '2023-07-12 18:10:37'),
(2, 'mail431272@test.com', 'I734633895r', 'face2.png', '陽芊妤', '1988-03-18', 'V263367589', '女', '新北市瑞芳區', 199, 76, '天秤座', 'A', '有', '小酌', '博士', '醫學美容', '也可保健避免什麼黑', '0911953355', '2023-07-12 18:10:37'),
(3, 'mail383507@test.com', 'B970607548i', 'face3.png', '錢彥廷', '1999-09-10', 'X193715892', '男', '新北市土城區', 180, 88, '天秤座', 'A', '無', '小酌', '國小', '系統分析師', '幾天肯定先後焦點既然和他熱情主機邀請搜尋引擎面前，女性建材什麼', '0911418784', '2023-07-12 18:10:37'),
(4, 'mail814206@test.com', 'P893564755p', 'face4.png', '程俊廷', '1994-07-03', 'Q115420048', '女', '基隆市信義區', 166, 49, '雙子座', 'O', '有', '酒豪', '碩士', '類比IC設計工程師', '發現其中疾病編輯通過級別太多律師寶寶比如', '0911985867', '2023-07-12 18:10:37'),
(5, 'mail667663@test.com', 'N780952113x', 'face5.png', '簡欣穎', '1991-06-09', 'D111145469', '男', '新北市平溪區', 178, 75, '水瓶座', 'B', '有', '滴酒不沾', '國中', '醫學美容', '發現其中疾病編輯通過級別太多律師寶寶比如', '0911873553', '2023-07-12 18:10:37'),
(6, 'mail698456@test.com', 'Q656030592q', 'face6.png', '苗景翔', '1987-12-02', 'E284189752', '女', '新北市三芝區', 164, 53, '天秤座', 'AB', '無', '滴酒不沾', '國小', '艙面部船員', '公開固定水晶', '0911477238', '2023-07-12 18:10:37'),
(7, 'mail951109@test.com', 'J919290082f', 'face7.png', '劉羽彤', '1999-11-05', 'T118220182', '男', '基隆市七堵區', 171, 98, '雙子座', 'B', '無', '酒豪', '博士', '藥師輪機部船員', '生命移動', '0911161446', '2023-07-12 18:10:37'),
(8, 'mail582740@test.com', 'U813231924d', 'face8.png', '雷佳蓉', '1992-04-18', 'G187448860', '男', '新北市平溪區', 174, 54, '射手座', 'AB', '無', '酒豪', '高中', '船上作業人員', '站內死了機會', '0911492005', '2023-07-12 18:10:37'),
(9, 'mail584852@test.com', 'U892220610y', 'face9.png', '袁欣妤', '1985-10-02', 'F179320783', '女', '新北市樹林區', 190, 42, '天秤座', 'O', '有', '酒豪', '高中', '數位IC設計工程師', '發現其中疾病編輯通過級別太多律師寶寶比如', '0911976984', '2023-07-12 18:10:37'),
(10, 'mail509998@test.com', 'X121157802f', 'face10.png', '蕭彥丞', '1993-09-18', 'N227190274', '男', '新北市石碇區', 185, 89, '天秤座', 'O', '有', '滴酒不沾', '高中', '醫師', '也可保健避免什麼黑', '0911496376', '2023-07-12 18:10:37'),
(11, 'mail757523@test.com', 'I596989780s', 'face11.png', '刁育萱', '1987-09-16', 'L181204494', '女', '新北市雙溪區', 180, 66, '水瓶座', 'AB', '有', '滴酒不沾', '碩士', '藝術總監', '生命移動', '0911131230', '2023-07-12 18:10:37'),
(12, 'mail688347@test.com', 'E321217863m', 'face12.png', '熊宜萱', '1996-04-24', 'O188651376', '女', '新北市金山區', 179, 42, '天蠍座', 'O', '無', '小酌', '國小', '建築師', '站內死了機會', '0911373381', '2023-07-12 18:10:37'),
(13, 'mail836535@test.com', 'C826677339r', 'face13.png', '梅秉叡', '1988-11-10', 'Q268545300', '男', '新北市鶯歌區', 154, 103, '天秤座', 'AB', '有', '酒豪', '碩士', '牙醫師', '幾天肯定先後焦點既然和他熱情主機邀請搜尋引擎面前，女性建材什麼', '0911868231', '2023-07-12 18:10:37'),
(14, 'mail747776@test.com', 'Q121728532r', 'face14.png', '卜鈺婷', '1985-09-01', 'D267986696', '男', '臺北市大安區', 170, 73, '巨蟹座', 'B', '無', '滴酒不沾', '國中', '系統分析師', '生命移動', '0911652132', '2023-07-12 18:10:37'),
(15, 'mail827520@test.com', 'G728538675k', 'face15.png', '孟品蓁', '1986-02-13', 'D194306873', '男', '基隆市暖暖區', 184, 107, '處女座', 'AB', '有', '滴酒不沾', '博士', '類比IC設計工程師', '發現其中疾病編輯通過級別太多律師寶寶比如', '0911598088', '2023-07-12 18:10:37'),
(16, 'mail689967@test.com', 'P767899927r', 'face16.png', '程柏宏', '1999-03-17', 'B281677350', '男', '基隆市仁愛區', 199, 87, '射手座', 'AB', '有', '小酌', '國小', '飛行機師', '也可保健避免什麼黑', '0911838881', '2023-07-12 18:10:37'),
(17, 'mail942764@test.com', 'H954237998b', 'face17.png', '韋彥均', '1994-06-15', 'X185245735', '女', '新北市林口區', 191, 44, '射手座', 'O', '無', '小酌', '學士', '類比IC設計工程師', '發現其中疾病編輯通過級別太多律師寶寶比如', '0911628374', '2023-07-12 18:10:37'),
(18, 'mail598008@test.com', 'W294728817u', 'face18.png', '凌品蓁', '1986-04-11', 'V195323480', '女', '臺北市松山區', 197, 42, '處女座', 'AB', '有', '酒豪', '高中', '中醫師', '幾天肯定先後焦點既然和他熱情主機邀請搜尋引擎面前，女性建材什麼', '0911758337', '2023-07-12 18:10:37'),
(19, 'mail660921@test.com', 'L696420178d', 'face19.png', '雲怡臻', '1997-05-02', 'I167741306', '男', '新北市板橋區', 165, 69, '金牛座', 'A', '無', '酒豪', '高中', '數位IC設計工程師', '站內死了機會', '0911296263', '2023-07-12 18:10:37'),
(20, 'mail141128@test.com', 'Z586427473x', 'face20.png', '張簡芷涵', '1986-01-08', 'O261856830', '男', '基隆市七堵區', 157, 55, '牡羊座', 'O', '有', '滴酒不沾', '高中', '醫師', '也可保健避免什麼黑', '0911200892', '2023-07-12 18:10:37'),
(21, 'mail181315@test.com', 'Z694208388j', 'face21.png', '管冠霆', '1997-11-20', 'V172770647', '女', '基隆市信義區', 160, 98, '射手座', 'AB', '無', '小酌', '國小', '中醫師', '也可保健避免什麼黑', '0911448476', '2023-07-12 18:10:37'),
(22, 'mail428623@test.com', 'C632960711a', 'face22.png', '關珮慈', '1996-05-17', 'J244104888', '男', '新北市蘆洲區', 165, 81, '魔羯座', 'A', '有', '滴酒不沾', '國中', '船上作業人員', '發現其中疾病編輯通過級別太多律師寶寶比如', '0911337692', '2023-07-12 18:10:37'),
(23, 'mail430922@test.com', 'Z826681105a', 'face23.png', '牛凱傑', '1988-06-08', 'S238437825', '女', '新北市貢寮區', 200, 106, '牡羊座', 'AB', '有', '滴酒不沾', '國小', '空服人員', '上午日誌一位會計本人第一個人類靜靜', '0911815045', '2023-07-12 18:10:37'),
(24, 'mail297869@test.com', 'H911798403l', 'face24.png', '陳芳瑜', '1991-06-08', 'L112104368', '男', '臺北市信義區', 161, 97, '金牛座', 'A', '有', '小酌', '高中', '建築師', '也可保健避免什麼黑', '0911485288', '2023-07-12 18:10:37'),
(25, 'mail628245@test.com', 'N192995716s', 'face25.png', '房郁晴', '1990-08-23', 'A237085786', '女', '基隆市安樂區', 176, 88, '魔羯座', 'B', '有', '滴酒不沾', '國小', '船上作業人員', '生命移動', '0911190328', '2023-07-12 18:10:37'),
(26, 'mail849253@test.com', 'L260902850b', 'face26.png', '殷芷涵', '1985-02-26', 'A264165778', '女', '新北市三峽區', 175, 97, '牡羊座', 'A', '無', '小酌', '高中', '系統分析師', '幾天肯定先後焦點既然和他熱情主機邀請搜尋引擎面前，女性建材什麼', '0911715242', '2023-07-12 18:10:37'),
(27, 'mail988911@test.com', 'V947479176o', 'face27.png', '衛丞恩', '1999-07-18', 'R127763655', '女', '新北市新莊區', 189, 80, '水瓶座', 'AB', '無', '小酌', '學士', '律師', '生命移動', '0911882499', '2023-07-12 18:10:37'),
(28, 'mail485720@test.com', 'X999473926a', 'face28.png', '龐宗翰', '1985-04-21', 'T119680149', '男', '新北市永和區', 155, 61, '天秤座', 'A', '無', '滴酒不沾', '學士', '船上作業人員', '公開固定水晶', '0911719869', '2023-07-12 18:10:37'),
(29, 'mail887720@test.com', 'G552599313w', 'face29.png', '趙芷涵', '1990-04-20', 'D166849148', '男', '基隆市信義區', 168, 98, '射手座', 'AB', '無', '酒豪', '碩士', '艙面部船員', '也可保健避免什麼黑', '0911830466', '2023-07-12 18:10:37'),
(30, 'mail509575@test.com', 'I509911913n', 'face30.png', '童柏均', '1989-04-15', 'B216749845', '男', '臺北市大安區', 154, 72, '水瓶座', 'A', '有', '酒豪', '博士', '艙面部船員', '生命移動', '0911474612', '2023-07-12 18:10:37'),
(31, 'mail266694@test.com', 'S459140666i', 'face31.png', '齊柏勳', '1985-03-10', 'S126156544', '女', '臺北市北投區', 163, 57, '牡羊座', 'O', '無', '滴酒不沾', '學士', '空服人員', '站內死了機會', '0911815305', '2023-07-12 18:10:37'),
(32, 'mail970648@test.com', 'D689400906m', 'face32.png', '池哲瑋', '1992-12-17', 'G255097350', '女', '新北市五股區', 193, 57, '巨蟹座', 'B', '無', '小酌', '國小', '護理長', '生命移動', '0911784056', '2023-07-12 18:10:37'),
(33, 'mail389192@test.com', 'X189616811y', 'face33.png', '車凱文', '1993-11-27', 'N143962571', '男', '新北市林口區', 150, 66, '處女座', 'A', '有', '酒豪', '高中', '飛行機師', '也可保健避免什麼黑', '0911541666', '2023-07-12 18:10:37'),
(34, 'mail989934@test.com', 'V960427465q', 'face34.png', '耿子涵', '1998-11-12', 'N295830755', '女', '新北市萬里區', 192, 52, '牡羊座', 'A', '有', '滴酒不沾', '國中', '空服人員', '生命移動', '0911933093', '2023-07-12 18:10:37'),
(35, 'mail388015@test.com', 'Y664483711j', 'face35.png', '鍾庭瑄', '1999-03-22', 'H226907733', '女', '基隆市仁愛區', 178, 83, '金牛座', 'AB', '有', '滴酒不沾', '博士', '藥師輪機部船員', '也可保健避免什麼黑', '0911642038', '2023-07-12 18:10:37'),
(36, 'mail544153@test.com', 'M233273696l', 'face36.png', '關俞安', '1990-03-09', 'M198953807', '女', '基隆市安樂區', 150, 90, '牡羊座', 'A', '無', '滴酒不沾', '高中', '護理長', '公開固定水晶', '0911587573', '2023-07-12 18:10:37'),
(37, 'mail519008@test.com', 'N164534886b', 'face37.png', '唐宸瑋', '1986-11-27', 'F249869052', '女', '臺北市南港區', 198, 51, '雙子座', 'O', '無', '小酌', '國中', '藥師輪機部船員', '上午日誌一位會計本人第一個人類靜靜', '0911895434', '2023-07-12 18:10:37'),
(38, 'mail344223@test.com', 'J544834030q', 'face38.png', '凃育萱', '1997-12-30', 'E233497038', '男', '新北市深坑區', 181, 85, '雙魚座', 'O', '有', '滴酒不沾', '碩士', 'IC設計工程師', '發現其中疾病編輯通過級別太多律師寶寶比如', '0911651144', '2023-07-12 18:10:37'),
(39, 'mail802423@test.com', 'P540143424b', 'face39.png', '阮育誠', '1990-10-21', 'O296621060', '男', '新北市三峽區', 191, 66, '魔羯座', 'O', '有', '滴酒不沾', '碩士', '類比IC設計工程師', '也可保健避免什麼黑', '0911504025', '2023-07-12 18:10:37'),
(40, 'mail409072@test.com', 'R243501835k', 'face40.png', '司芷萱', '1998-12-20', 'V210740178', '男', '新北市林口區', 152, 40, '雙魚座', 'O', '有', '滴酒不沾', '國中', '數位IC設計工程師', '上午日誌一位會計本人第一個人類靜靜', '0911568692', '2023-07-12 18:10:37'),
(41, 'mail842981@test.com', 'K500607094d', 'face41.png', '利昱辰', '1989-06-22', 'R290936759', '男', '臺北市大同區', 187, 75, '獅子座', 'B', '無', '小酌', '博士', '律師', '發現其中疾病編輯通過級別太多律師寶寶比如', '0911126630', '2023-07-12 18:10:37'),
(42, 'mail219778@test.com', 'T481713405c', 'face42.png', '尤秉諺', '1998-04-01', 'Z217620542', '女', '臺北市中山區', 175, 90, '雙子座', 'B', '有', '酒豪', '學士', '牙醫師', '幾天肯定先後焦點既然和他熱情主機邀請搜尋引擎面前，女性建材什麼', '0911567187', '2023-07-12 18:10:37'),
(43, 'mail916905@test.com', 'X918812872n', 'face43.png', '柯欣穎', '1989-01-24', 'R127602788', '女', '基隆市中山區', 152, 43, '射手座', 'B', '有', '小酌', '碩士', '醫師', '生命移動', '0911186682', '2023-07-12 18:10:37'),
(44, 'mail239991@test.com', 'E834737102c', 'face44.png', '樓家瑋', '1989-06-23', 'Q257867101', '女', '新北市平溪區', 169, 109, '天秤座', 'O', '無', '滴酒不沾', '學士', '數位IC設計工程師', '站內死了機會', '0911126889', '2023-07-12 18:10:37'),
(45, 'mail450277@test.com', 'J417835313r', 'face45.png', '譚柏翔', '1991-09-19', 'Z152847681', '男', '新北市汐止區', 166, 51, '天秤座', 'B', '無', '小酌', '高中', '護理長', '公開固定水晶', '0911359765', '2023-07-12 18:10:37'),
(46, 'mail650121@test.com', 'P146407824e', 'face46.png', '易品妤', '1999-08-26', 'U158544875', '女', '臺北市大安區', 158, 71, '金牛座', 'AB', '有', '小酌', '國小', '數位IC設計工程師', '也可保健避免什麼黑', '0911198433', '2023-07-12 18:10:37'),
(47, 'mail320981@test.com', 'B169636652d', 'face47.png', '左俊諺', '1995-06-01', 'O214245172', '女', '新北市土城區', 182, 102, '金牛座', 'B', '無', '小酌', '碩士', '藝術總監', '也可保健避免什麼黑', '0911401940', '2023-07-12 18:10:37'),
(48, 'mail189741@test.com', 'S906743698f', 'face48.png', '常心妤', '1992-01-28', 'Z226227836', '男', '新北市中和區', 152, 109, '巨蟹座', 'AB', '無', '酒豪', '國小', '麻醉醫師', '也可保健避免什麼黑', '0911936167', '2023-07-12 18:10:37'),
(49, 'mail168850@test.com', 'K617446854i', 'face49.png', '傅怡蓁', '1985-09-07', 'X187839783', '男', '新北市石碇區', 175, 99, '雙子座', 'B', '無', '小酌', '學士', '船上作業人員', '也可保健避免什麼黑', '0911999585', '2023-07-12 18:10:37'),
(50, 'mail902229@test.com', 'V668940152g', 'face50.png', '任心妤', '1989-10-02', 'T272869506', '女', '新北市坪林區', 199, 65, '雙子座', 'A', '無', '小酌', '國小', '空服人員', '幾天肯定先後焦點既然和他熱情主機邀請搜尋引擎面前，女性建材什麼', '0911772184', '2023-07-12 18:10:37'),
(51, 'mail561232@test.com', 'U962512046z', 'face51.png', '塗怡婷', '1997-08-30', 'L182072685', '女', '新北市貢寮區', 171, 62, '射手座', 'AB', '無', '小酌', '高中', '藝術總監', '生命移動', '0911577453', '2023-07-12 18:10:37'),
(52, 'mail688378@test.com', 'D765309886h', 'face52.png', '屈郁涵', '1995-07-15', 'Y251538826', '男', '新北市中和區', 171, 74, '天秤座', 'O', '有', '酒豪', '高中', '麻醉醫師', '幾天肯定先後焦點既然和他熱情主機邀請搜尋引擎面前，女性建材什麼', '0911358454', '2023-07-12 18:10:37'),
(53, 'mail63657@test.com', 'Q277678410l', 'face53.png', '段宜臻', '1994-08-20', 'M289883002', '男', '新北市汐止區', 155, 66, '雙子座', 'O', '有', '滴酒不沾', '碩士', '空服人員', '上午日誌一位會計本人第一個人類靜靜', '0911123846', '2023-07-12 18:10:37'),
(54, 'mail226485@test.com', 'B356988808u', 'face54.png', '花芷涵', '1993-06-24', 'R259479508', '女', '基隆市安樂區', 185, 48, '處女座', 'A', '無', '小酌', '國小', '律師', '站內死了機會', '0911934514', '2023-07-12 18:10:37'),
(55, 'mail507255@test.com', 'J716628062c', 'face55.png', '胡品萱', '1987-05-23', 'L223493075', '男', '新北市三重區', 172, 62, '巨蟹座', 'A', '無', '滴酒不沾', '高中', '類比IC設計工程師', '公開固定水晶', '0911232496', '2023-07-12 18:10:37'),
(56, 'mail684577@test.com', 'O243720615n', 'face56.png', '褚育誠', '1993-08-16', 'K117465859', '男', '新北市坪林區', 192, 88, '魔羯座', 'B', '有', '小酌', '博士', '艙面部船員', '也可保健避免什麼黑', '0911228086', '2023-07-12 18:10:37'),
(57, 'mail126351@test.com', 'X102157910c', 'face57.png', '瞿冠宏', '1989-10-15', 'S272449884', '女', '新北市深坑區', 198, 45, '雙子座', 'AB', '有', '小酌', '碩士', '艙面部船員', '幾天肯定先後焦點既然和他熱情主機邀請搜尋引擎面前，女性建材什麼', '0911148325', '2023-07-12 18:10:37'),
(58, 'mail858356@test.com', 'L611348051z', 'face58.png', '韋睿恩', '1996-01-29', 'N189971988', '男', '新北市汐止區', 156, 92, '獅子座', 'AB', '有', '酒豪', '學士', '艙面部船員', '上午日誌一位會計本人第一個人類靜靜', '0911935207', '2023-07-12 18:10:37'),
(59, 'mail77456@test.com', 'A247091485m', 'face59.png', '衛子傑', '1998-01-08', 'H137797974', '女', '新北市鶯歌區', 179, 42, '射手座', 'O', '有', '酒豪', '博士', '船上作業人員', '發現其中疾病編輯通過級別太多律師寶寶比如', '0911337404', '2023-07-12 18:10:37'),
(60, 'mail909051@test.com', 'A298660471h', 'face60.png', '涂于萱', '1985-08-09', 'V111317539', '女', '新北市石碇區', 150, 57, '金牛座', 'A', '無', '酒豪', '高中', '醫師', '公開固定水晶', '0911474616', '2023-07-12 18:10:37'),
(61, 'mail326349@test.com', 'T756744650o', 'face61.png', '蔣家妤', '1987-05-02', 'Y224801873', '男', '新北市石碇區', 165, 41, '處女座', 'AB', '有', '滴酒不沾', '博士', '律師', '生命移動', '0911244528', '2023-07-12 18:10:37'),
(62, 'mail684534@test.com', 'L112974550m', 'face62.png', '鮑彥霖', '1999-10-21', 'G144075288', '男', '基隆市中正區', 185, 85, '金牛座', 'O', '無', '滴酒不沾', '博士', '律師', '上午日誌一位會計本人第一個人類靜靜', '0911982119', '2023-07-12 18:10:37'),
(63, 'mail385532@test.com', 'A357983994y', 'face63.png', '鄒育萱', '1990-10-23', 'U279272701', '男', '臺北市南港區', 174, 59, '獅子座', 'B', '無', '滴酒不沾', '學士', '中醫師', '站內死了機會', '0911831113', '2023-07-12 18:10:37'),
(64, 'mail262265@test.com', 'T553678309m', 'face64.png', '鄞子萱', '1992-08-24', 'Z258395390', '男', '臺北市松山區', 177, 93, '天蠍座', 'AB', '有', '小酌', '博士', '艙面部船員', '上午日誌一位會計本人第一個人類靜靜', '0911827068', '2023-07-12 18:10:37'),
(65, 'mail215197@test.com', 'U713046248x', 'face65.png', '楊智凱', '1992-08-21', 'A272613234', '男', '基隆市暖暖區', 194, 69, '雙魚座', 'A', '無', '小酌', '學士', '藝術總監', '公開固定水晶', '0911912664', '2023-07-12 18:10:37'),
(66, 'mail470101@test.com', 'A902318663t', 'face66.png', '余承諺', '1998-07-03', 'Z243403298', '女', '基隆市信義區', 175, 58, '天蠍座', 'AB', '有', '小酌', '博士', '律師', '生命移動', '0911902923', '2023-07-12 18:10:37'),
(67, 'mail286702@test.com', 'Z830796088d', 'face67.png', '余威廷', '1992-06-24', 'N146029010', '男', '臺北市大同區', 162, 61, '雙魚座', 'O', '無', '酒豪', '國小', '建築師', '幾天肯定先後焦點既然和他熱情主機邀請搜尋引擎面前，女性建材什麼', '0911614920', '2023-07-12 18:10:37'),
(68, 'mail313175@test.com', 'I927191269v', 'face68.png', '華怡君', '1991-06-30', 'X241891479', '男', '新北市新店區', 171, 85, '雙魚座', 'O', '有', '酒豪', '學士', '牙醫師', '站內死了機會', '0911279157', '2023-07-12 18:10:37'),
(69, 'mail654261@test.com', 'J699755869e', 'face69.png', '凌佳妤', '1998-07-09', 'U298460379', '女', '新北市三芝區', 196, 89, '魔羯座', 'A', '無', '滴酒不沾', '碩士', '藝術總監', '幾天肯定先後焦點既然和他熱情主機邀請搜尋引擎面前，女性建材什麼', '0911753017', '2023-07-12 18:10:37'),
(70, 'mail968348@test.com', 'M502030378s', 'face70.png', '夏景翔', '1990-04-29', 'Z285151435', '女', '新北市雙溪區', 184, 101, '射手座', 'B', '無', '酒豪', '國小', '空服人員', '幾天肯定先後焦點既然和他熱情主機邀請搜尋引擎面前，女性建材什麼', '0911969924', '2023-07-12 18:10:37'),
(71, 'mail90522@test.com', 'U657411455b', 'face71.png', '時子晴', '1987-03-13', 'M197052374', '女', '基隆市信義區', 150, 48, '雙魚座', 'O', '無', '滴酒不沾', '博士', '藝術總監', '公開固定水晶', '0911548266', '2023-07-12 18:10:37'),
(72, 'mail828218@test.com', 'I379846115s', 'face72.png', '單品妍', '1998-08-08', 'J174870745', '女', '新北市淡水區', 189, 68, '巨蟹座', 'B', '有', '小酌', '碩士', '律師', '生命移動', '0911939357', '2023-07-12 18:10:37'),
(73, 'mail407778@test.com', 'T465242262w', 'face73.png', '滕詠晴', '1994-02-01', 'K285327414', '女', '新北市石門區', 165, 88, '雙魚座', 'O', '無', '酒豪', '學士', '中醫師', '生命移動', '0911563905', '2023-07-12 18:10:37'),
(74, 'mail571966@test.com', 'A706673997a', 'face74.png', '陶宇宸', '1985-06-07', 'S114257709', '男', '新北市新莊區', 172, 54, '雙子座', 'B', '無', '酒豪', '國中', '麻醉醫師', '上午日誌一位會計本人第一個人類靜靜', '0911670513', '2023-07-12 18:10:37'),
(75, 'mail543821@test.com', 'S275876548z', 'face75.png', '幸子翔', '1996-04-18', 'P124980528', '女', '臺北市中山區', 200, 53, '獅子座', 'A', '有', '酒豪', '高中', '聯結車司機', '幾天肯定先後焦點既然和他熱情主機邀請搜尋引擎面前，女性建材什麼', '0911785298', '2023-07-12 18:10:37'),
(76, 'mail829334@test.com', 'X648109950l', 'face76.png', '高凱文', '1987-12-10', 'K162715123', '男', '基隆市仁愛區', 199, 44, '雙魚座', 'B', '無', '滴酒不沾', '高中', '醫學美容', '也可保健避免什麼黑', '0911761850', '2023-07-12 18:10:37'),
(77, 'mail362970@test.com', 'S519970150z', 'face77.png', '傅承翰', '1988-03-14', 'D174030366', '女', '新北市林口區', 170, 75, '牡羊座', 'A', '有', '小酌', '碩士', '律師', '也可保健避免什麼黑', '0911761221', '2023-07-12 18:10:37'),
(78, 'mail374199@test.com', 'Z895388282c', 'face78.png', '全于萱', '1998-08-17', 'I236770013', '男', '新北市鶯歌區', 170, 110, '水瓶座', 'A', '無', '小酌', '博士', '藥師輪機部船員', '站內死了機會', '0911241930', '2023-07-12 18:10:37'),
(79, 'mail939810@test.com', 'S893291702s', 'face79.png', '佘宇傑', '1999-11-07', 'S153520067', '男', '基隆市信義區', 194, 47, '金牛座', 'B', '無', '酒豪', '博士', '醫學美容', '發現其中疾病編輯通過級別太多律師寶寶比如', '0911153185', '2023-07-12 18:10:37'),
(80, 'mail903004@test.com', 'C905389542s', 'face80.png', '歐秉叡', '1993-02-28', 'T152002319', '女', '臺北市內湖區', 194, 91, '天秤座', 'B', '有', '小酌', '博士', 'IC設計工程師', '站內死了機會', '0911664879', '2023-07-12 18:10:37'),
(81, 'mail736954@test.com', 'C495392915o', 'face81.png', '項柏睿', '1995-07-18', 'U268869269', '男', '新北市板橋區', 177, 110, '雙魚座', 'AB', '有', '小酌', '碩士', '律師', '上午日誌一位會計本人第一個人類靜靜', '0911700096', '2023-07-12 18:10:37'),
(82, 'mail898801@test.com', 'G190111451o', 'face82.png', '刁柏廷', '1998-04-14', 'W194637028', '男', '臺北市北投區', 192, 46, '天蠍座', 'B', '有', '小酌', '國中', '麻醉醫師', '站內死了機會', '0911186974', '2023-07-12 18:10:37'),
(83, 'mail727989@test.com', 'Z419785761v', 'face83.png', '單思妤', '1993-09-16', 'A175020365', '男', '新北市淡水區', 157, 100, '射手座', 'O', '有', '小酌', '高中', '艙面部船員', '公開固定水晶', '0911932900', '2023-07-12 18:10:37'),
(84, 'mail353153@test.com', 'P185335472n', 'face84.png', '利宜君', '1995-11-24', 'W223583094', '男', '新北市淡水區', 150, 96, '雙子座', 'AB', '有', '滴酒不沾', '學士', '藝術總監', '生命移動', '0911320165', '2023-07-12 18:10:37'),
(85, 'mail546183@test.com', 'V478940907t', 'face85.png', '焦宥均', '1999-09-13', 'Y117972470', '女', '臺北市萬華區', 200, 48, '獅子座', 'B', '無', '滴酒不沾', '學士', '中醫師', '幾天肯定先後焦點既然和他熱情主機邀請搜尋引擎面前，女性建材什麼', '0911306448', '2023-07-12 18:10:37'),
(86, 'mail367401@test.com', 'A503932462l', 'face86.png', '花祐誠', '1990-02-11', 'N126129183', '男', '臺北市大同區', 198, 41, '牡羊座', 'O', '有', '小酌', '博士', '類比IC設計工程師', '上午日誌一位會計本人第一個人類靜靜', '0911663615', '2023-07-12 18:10:37'),
(87, 'mail900027@test.com', 'R327921370b', 'face87.png', '卓芷萱', '1990-09-16', 'Z246492000', '男', '臺北市大安區', 178, 85, '雙子座', 'O', '無', '滴酒不沾', '高中', '藝術總監', '生命移動', '0911599116', '2023-07-12 18:10:37'),
(88, 'mail915426@test.com', 'P284049810j', 'face88.png', '湯子傑', '1987-07-24', 'K183817124', '女', '基隆市暖暖區', 154, 80, '天秤座', 'O', '無', '滴酒不沾', '高中', '護理長', '上午日誌一位會計本人第一個人類靜靜', '0911416101', '2023-07-12 18:10:37'),
(89, 'mail398952@test.com', 'N487647371l', 'face89.png', '辛羽涵', '1995-06-26', 'E239206789', '男', '臺北市內湖區', 171, 52, '天蠍座', 'A', '無', '滴酒不沾', '高中', '藝術總監', '發現其中疾病編輯通過級別太多律師寶寶比如', '0911142310', '2023-07-12 18:10:37'),
(90, 'mail946859@test.com', 'C780059931r', 'face90.png', '符冠佑', '1990-03-13', 'V154475246', '男', '新北市坪林區', 177, 98, '巨蟹座', 'AB', '有', '酒豪', '高中', '數位IC設計工程師', '公開固定水晶', '0911734427', '2023-07-12 18:10:37'),
(91, 'mail832083@test.com', 'Z305323228z', 'face91.png', '程佳怡', '1985-05-18', 'V225844391', '女', '臺北市大安區', 156, 74, '水瓶座', 'B', '有', '滴酒不沾', '博士', '藝術總監', '生命移動', '0911307137', '2023-07-12 18:10:37'),
(92, 'mail524569@test.com', 'L859384946c', 'face92.png', '葛柏翔', '1985-11-04', 'V225546254', '男', '臺北市信義區', 187, 41, '巨蟹座', 'AB', '無', '滴酒不沾', '博士', '牙醫師', '站內死了機會', '0911126503', '2023-07-12 18:10:37'),
(93, 'mail691093@test.com', 'E953192091j', 'face93.png', '官宥霖', '1989-06-22', 'O193153774', '男', '新北市三峽區', 161, 69, '獅子座', 'O', '有', '小酌', '高中', '空服人員', '也可保健避免什麼黑', '0911819607', '2023-07-12 18:10:37'),
(94, 'mail283688@test.com', 'P477218808f', 'face94.png', '黃彥廷', '1985-12-23', 'J250090567', '男', '新北市金山區', 186, 59, '雙子座', 'B', '有', '酒豪', '碩士', '牙醫師', '上午日誌一位會計本人第一個人類靜靜', '0911218020', '2023-07-12 18:10:37'),
(95, 'mail438780@test.com', 'R984348376q', 'face95.png', '卜奕廷', '1988-03-30', 'I219569147', '男', '新北市深坑區', 165, 74, '天秤座', 'AB', '無', '小酌', '碩士', '中醫師', '站內死了機會', '0911669855', '2023-07-12 18:10:37'),
(96, 'mail103098@test.com', 'Z767495638t', 'face96.png', '傅于萱', '1988-03-30', 'E223952156', '男', '基隆市七堵區', 161, 107, '天蠍座', 'O', '有', '小酌', '高中', '建築師', '也可保健避免什麼黑', '0911634237', '2023-07-12 18:10:37'),
(97, 'mail909828@test.com', 'O222888833h', 'face97.png', '林佳穎', '1995-09-13', 'H285385655', '男', '新北市貢寮區', 193, 67, '金牛座', 'AB', '有', '小酌', '學士', '飛行機師', '公開固定水晶', '0911454826', '2023-07-12 18:10:37'),
(98, 'mail999236@test.com', 'R235278337k', 'face98.png', '全冠霖', '1988-05-10', 'S220972011', '男', '臺北市文山區', 169, 93, '水瓶座', 'A', '無', '酒豪', '國小', '建築師', '也可保健避免什麼黑', '0911494113', '2023-07-12 18:10:37'),
(99, 'mail292527@test.com', 'P685012389p', 'face99.png', '翁依璇', '1993-02-06', 'R156718207', '男', '臺北市大安區', 154, 104, '牡羊座', 'AB', '有', '酒豪', '博士', '建築師', '生命移動', '0911198858', '2023-07-12 18:10:37'),
(100, 'mail552630@test.com', 'V495335539h', 'face100.png', '卜鈺婷', '1998-07-26', 'C260345679', '女', '新北市烏來區', 154, 93, '魔羯座', 'A', '有', '小酌', '國小', '空服人員', '生命移動', '0911890022', '2023-07-12 18:10:37'),
(101, 'mail865137@test.com', 'Q639323637s', 'face101.png', '温育瑄', '1997-08-30', 'Z249253782', '女', '新北市林口區', 156, 92, '巨蟹座', 'AB', '有', '酒豪', '博士', '飛行機師', '發現其中疾病編輯通過級別太多律師寶寶比如', '0911336577', '2023-07-12 18:10:37'),
(102, 'mail785965@test.com', 'G955504495w', 'face102.png', '葛冠傑', '1998-12-06', 'F222838071', '女', '臺北市文山區', 200, 74, '雙魚座', 'AB', '有', '滴酒不沾', '學士', '麻醉醫師', '幾天肯定先後焦點既然和他熱情主機邀請搜尋引擎面前，女性建材什麼', '0911498920', '2023-07-12 18:10:37'),
(103, 'mail208729@test.com', 'I332204336j', 'face103.png', '連家銘', '1997-03-21', 'I229822828', '男', '新北市三芝區', 185, 40, '射手座', 'O', '無', '滴酒不沾', '高中', 'IC設計工程師', '站內死了機會', '0911392341', '2023-07-12 18:10:37'),
(104, 'mail52002@test.com', 'S467828285p', 'face104.png', '姚奕辰', '1993-05-05', 'F298716504', '男', '臺北市中山區', 164, 71, '天秤座', 'A', '無', '酒豪', '碩士', '律師', '公開固定水晶', '0911588506', '2023-07-12 18:10:37'),
(105, 'mail397718@test.com', 'V247583125p', 'face105.png', '邢宗翰', '1994-10-05', 'A185691836', '女', '新北市蘆洲區', 166, 59, '處女座', 'O', '有', '滴酒不沾', '國小', '船上作業人員', '生命移動', '0911661651', '2023-07-12 18:10:37'),
(106, 'mail758994@test.com', 'M645392342f', 'face106.png', '卓哲瑋', '1994-05-09', 'O196728599', '女', '新北市新莊區', 191, 98, '天秤座', 'A', '無', '酒豪', '博士', '類比IC設計工程師', '公開固定水晶', '0911704918', '2023-07-12 18:10:37'),
(107, 'mail117439@test.com', 'Q167094831b', 'face107.png', '孔宥霖', '1988-03-25', 'T137560170', '女', '新北市瑞芳區', 156, 94, '金牛座', 'O', '有', '小酌', '國小', '醫師', '也可保健避免什麼黑', '0911525463', '2023-07-12 18:10:37'),
(108, 'mail476459@test.com', 'Y292472273g', 'face108.png', '顏欣妤', '1985-04-08', 'J197989809', '女', '新北市土城區', 155, 110, '巨蟹座', 'AB', '無', '滴酒不沾', '國中', '藥師輪機部船員', '也可保健避免什麼黑', '0911736029', '2023-07-12 18:10:37'),
(109, 'mail477240@test.com', 'Z222534050u', 'face109.png', '邱哲瑋', '1996-09-11', 'U264862741', '男', '臺北市南港區', 168, 56, '處女座', 'A', '有', '滴酒不沾', '高中', '律師', '上午日誌一位會計本人第一個人類靜靜', '0911765148', '2023-07-12 18:10:37'),
(110, 'mail693345@test.com', 'I438979686l', 'face110.png', '衛品睿', '1993-03-02', 'T132520420', '男', '新北市瑞芳區', 169, 97, '牡羊座', 'AB', '無', '滴酒不沾', '博士', '麻醉醫師', '上午日誌一位會計本人第一個人類靜靜', '0911477865', '2023-07-12 18:10:37'),
(111, 'mail122221@test.com', 'B646598954b', 'face111.png', '鄞雅婷', '1999-12-18', 'P255241200', '女', '基隆市中正區', 163, 57, '雙魚座', 'AB', '無', '小酌', '碩士', '藥師輪機部船員', '生命移動', '0911619590', '2023-07-12 18:10:37'),
(112, 'mail509204@test.com', 'Y228217467w', 'face112.png', '祝柏睿', '1992-10-26', 'W254849311', '女', '新北市貢寮區', 159, 105, '巨蟹座', 'B', '有', '滴酒不沾', '高中', '聯結車司機', '生命移動', '0911358430', '2023-07-12 18:10:37'),
(113, 'mail945016@test.com', 'S136016436e', 'face113.png', '曹承翰', '1999-11-05', 'L248816780', '男', '新北市雙溪區', 154, 48, '天蠍座', 'A', '無', '小酌', '學士', '醫學美容', '發現其中疾病編輯通過級別太多律師寶寶比如', '0911574609', '2023-07-12 18:10:37'),
(114, 'mail163375@test.com', 'C118385923n', 'face114.png', '宮佩珊', '1992-05-05', 'F135373277', '男', '新北市坪林區', 151, 98, '處女座', 'B', '無', '滴酒不沾', '國小', '類比IC設計工程師', '幾天肯定先後焦點既然和他熱情主機邀請搜尋引擎面前，女性建材什麼', '0911994491', '2023-07-12 18:10:37'),
(115, 'mail17415@test.com', 'G638519483m', 'face115.png', '張子庭', '1999-05-18', 'Z148138925', '女', '新北市石碇區', 191, 41, '處女座', 'AB', '有', '酒豪', '國中', '建築師', '生命移動', '0911184937', '2023-07-12 18:10:37'),
(116, 'mail192914@test.com', 'A889069740f', 'face116.png', '洪羽涵', '1993-07-02', 'O258638128', '男', '基隆市七堵區', 183, 48, '金牛座', 'O', '有', '酒豪', '國小', '牙醫師', '生命移動', '0911939437', '2023-07-12 18:10:37'),
(117, 'mail479380@test.com', 'Z186117198u', 'face117.png', '鄒禹彤', '1997-05-03', 'U187402802', '男', '新北市金山區', 155, 93, '雙魚座', 'B', '無', '滴酒不沾', '博士', '醫師', '公開固定水晶', '0911876593', '2023-07-12 18:10:37'),
(118, 'mail416596@test.com', 'L475990151w', 'face118.png', '花芷瑄', '1999-08-06', 'J173573292', '男', '新北市八里區', 173, 61, '天秤座', 'B', '有', '小酌', '國中', '系統分析師', '發現其中疾病編輯通過級別太多律師寶寶比如', '0911515224', '2023-07-12 18:10:37'),
(119, 'mail38991@test.com', 'L236048213j', 'face119.png', '裴子恩', '1987-09-11', 'E290022060', '男', '臺北市萬華區', 158, 42, '雙魚座', 'O', '無', '小酌', '高中', '建築師', '生命移動', '0911148157', '2023-07-12 18:10:37'),
(120, 'mail920932@test.com', 'F107118598l', 'face120.png', '牟佳怡', '1985-08-20', 'V172781204', '女', '臺北市中山區', 155, 81, '巨蟹座', 'A', '無', '小酌', '碩士', '律師', '上午日誌一位會計本人第一個人類靜靜', '0911402654', '2023-07-12 18:10:37'),
(121, 'mail534991@test.com', 'I762478752i', 'face121.png', '王宇軒', '1990-01-17', 'M215233520', '男', '新北市石門區', 169, 80, '雙子座', 'B', '無', '滴酒不沾', '高中', '船上作業人員', '生命移動', '0911455895', '2023-07-12 18:10:37'),
(122, 'mail635570@test.com', 'I277765555d', 'face122.png', '譚柏翰', '1994-05-19', 'R167534903', '女', '新北市坪林區', 186, 102, '處女座', 'O', '有', '酒豪', '學士', '中醫師', '公開固定水晶', '0911631026', '2023-07-12 18:10:37'),
(123, 'mail511417@test.com', 'G371048710a', 'face123.png', '簡思婷', '1994-01-14', 'I244789252', '男', '新北市樹林區', 200, 105, '雙子座', 'O', '無', '小酌', '學士', '中醫師', '幾天肯定先後焦點既然和他熱情主機邀請搜尋引擎面前，女性建材什麼', '0911239549', '2023-07-12 18:10:37'),
(124, 'mail150941@test.com', 'V245847817t', 'face124.png', '甘庭瑜', '1990-02-07', 'P137285351', '男', '新北市泰山區', 160, 93, '處女座', 'A', '無', '小酌', '碩士', '中醫師', '上午日誌一位會計本人第一個人類靜靜', '0911240099', '2023-07-12 18:10:37'),
(125, 'mail939478@test.com', 'Y417283651e', 'face125.png', '呂宇傑', '1993-01-14', 'G120998561', '男', '新北市瑞芳區', 174, 54, '魔羯座', 'A', '有', '滴酒不沾', '學士', '藝術總監', '站內死了機會', '0911853317', '2023-07-12 18:10:37'),
(126, 'mail67371@test.com', 'R737095834t', 'face126.png', '盧品妍', '1988-07-30', 'S294352845', '男', '新北市貢寮區', 165, 71, '魔羯座', 'AB', '無', '小酌', '碩士', '系統分析師', '發現其中疾病編輯通過級別太多律師寶寶比如', '0911947503', '2023-07-12 18:10:37'),
(127, 'mail928409@test.com', 'G176724461p', 'face127.png', '康品妤', '1991-05-25', 'A140840552', '男', '新北市烏來區', 186, 101, '巨蟹座', 'AB', '有', '酒豪', '博士', '類比IC設計工程師', '也可保健避免什麼黑', '0911256124', '2023-07-12 18:10:37'),
(128, 'mail735252@test.com', 'R488079420v', 'face128.png', '凌柏丞', '1998-10-03', 'L261042135', '男', '臺北市南港區', 175, 60, '雙魚座', 'AB', '有', '滴酒不沾', '碩士', '牙醫師', '公開固定水晶', '0911102313', '2023-07-12 18:10:37'),
(129, 'mail859250@test.com', 'L350885901y', 'face129.png', '呂柏宇', '1999-12-07', 'B172096127', '女', '新北市瑞芳區', 186, 105, '水瓶座', 'O', '有', '小酌', '國小', '護理長', '上午日誌一位會計本人第一個人類靜靜', '0911421019', '2023-07-12 18:10:37'),
(130, 'mail483603@test.com', 'T320421052e', 'face130.png', '麥怡蓁', '1989-03-18', 'F176823144', '男', '新北市深坑區', 168, 44, '雙子座', 'O', '有', '小酌', '國小', '醫師', '站內死了機會', '0911798745', '2023-07-12 18:10:37'),
(131, 'mail445569@test.com', 'I585541684m', 'face131.png', '蕭思婷', '1988-08-17', 'T284711891', '女', '新北市鶯歌區', 192, 77, '處女座', 'AB', '無', '滴酒不沾', '國中', '飛行機師', '也可保健避免什麼黑', '0911471887', '2023-07-12 18:10:37'),
(132, 'mail149875@test.com', 'S304171451y', 'face132.png', '簡冠妤', '1994-12-12', 'O231181967', '女', '基隆市中山區', 169, 67, '牡羊座', 'AB', '無', '小酌', '博士', '艙面部船員', '站內死了機會', '0911815983', '2023-07-12 18:10:37'),
(133, 'mail677818@test.com', 'J767191171d', 'face133.png', '華佳欣', '1989-12-08', 'P264845658', '男', '基隆市中山區', 185, 73, '雙魚座', 'A', '有', '酒豪', '高中', '空服人員', '也可保健避免什麼黑', '0911508645', '2023-07-12 18:10:37'),
(134, 'mail329834@test.com', 'C460731505h', 'face134.png', '孟佳妤', '1999-08-29', 'F251732451', '男', '新北市萬里區', 161, 69, '天秤座', 'A', '無', '滴酒不沾', '高中', '律師', '生命移動', '0911621419', '2023-07-12 18:10:37'),
(135, 'mail851576@test.com', 'G669740295t', 'face135.png', '羅浩宇', '1987-01-23', 'S119267641', '男', '新北市新莊區', 176, 63, '射手座', 'AB', '有', '小酌', '高中', '數位IC設計工程師', '也可保健避免什麼黑', '0911952540', '2023-07-12 18:10:37'),
(136, 'mail570114@test.com', 'L879312643p', 'face136.png', '宋子晴', '1994-08-06', 'I299574308', '男', '新北市汐止區', 163, 108, '金牛座', 'B', '有', '酒豪', '國小', '系統分析師', '上午日誌一位會計本人第一個人類靜靜', '0911392554', '2023-07-12 18:10:37'),
(137, 'mail965536@test.com', 'P319439431p', 'face137.png', '包子瑄', '1987-09-06', 'E283022926', '女', '基隆市中山區', 167, 105, '天秤座', 'AB', '有', '小酌', '博士', '數位IC設計工程師', '公開固定水晶', '0911611179', '2023-07-12 18:10:37'),
(138, 'mail34834@test.com', 'N264347473u', 'face138.png', '龎佳蓁', '1999-06-24', 'N188737319', '女', '臺北市中正區', 192, 99, '巨蟹座', 'O', '有', '酒豪', '博士', '牙醫師', '也可保健避免什麼黑', '0911514055', '2023-07-12 18:10:37'),
(139, 'mail605378@test.com', 'K689279611i', 'face139.png', '官冠宇', '1987-05-24', 'X261716244', '男', '新北市鶯歌區', 193, 67, '雙魚座', 'O', '無', '小酌', '學士', '麻醉醫師', '生命移動', '0911467009', '2023-07-12 18:10:37'),
(140, 'mail367295@test.com', 'B399465738w', 'face140.png', '買凱傑', '1989-05-31', 'L294599422', '男', '新北市汐止區', 161, 66, '魔羯座', 'AB', '無', '滴酒不沾', '碩士', '中醫師', '站內死了機會', '0911300126', '2023-07-12 18:10:37'),
(141, 'mail637569@test.com', 'L139802741g', 'face141.png', '柯彥霖', '1996-09-01', 'N272472325', '男', '基隆市暖暖區', 171, 61, '天秤座', 'A', '無', '小酌', '碩士', '醫學美容', '上午日誌一位會計本人第一個人類靜靜', '0911419227', '2023-07-12 18:10:37'),
(142, 'mail303399@test.com', 'C869833164p', 'face142.png', '卜子瑜', '1998-07-05', 'L281288532', '女', '新北市汐止區', 153, 82, '雙子座', 'O', '有', '小酌', '碩士', 'IC設計工程師', '發現其中疾病編輯通過級別太多律師寶寶比如', '0911111460', '2023-07-12 18:10:37'),
(143, 'mail725584@test.com', 'J231657470k', 'face143.png', '梅俊諺', '1992-10-24', 'U171830239', '女', '臺北市南港區', 153, 52, '獅子座', 'AB', '有', '酒豪', '國中', 'IC設計工程師', '也可保健避免什麼黑', '0911551690', '2023-07-12 18:10:37'),
(144, 'mail766155@test.com', 'M240355999h', 'face144.png', '章冠廷', '1988-12-04', 'P160699555', '女', '新北市平溪區', 190, 61, '雙魚座', 'O', '有', '酒豪', '學士', '飛行機師', '上午日誌一位會計本人第一個人類靜靜', '0911487610', '2023-07-12 18:10:37'),
(145, 'mail801823@test.com', 'A433083107o', 'face145.png', '韓庭瑜', '1992-02-05', 'Y110172310', '女', '新北市新店區', 195, 65, '魔羯座', 'AB', '有', '滴酒不沾', '學士', '律師', '也可保健避免什麼黑', '0911909604', '2023-07-12 18:10:37'),
(146, 'mail798031@test.com', 'M641198443k', 'face146.png', '徐宜臻', '1996-02-25', 'X240172335', '男', '新北市三芝區', 164, 110, '獅子座', 'AB', '有', '酒豪', '學士', '聯結車司機', '幾天肯定先後焦點既然和他熱情主機邀請搜尋引擎面前，女性建材什麼', '0911620281', '2023-07-12 18:10:37'),
(147, 'mail948531@test.com', 'R612940817v', 'face147.png', '凃詩晴', '1988-06-06', 'W146715631', '男', '新北市林口區', 184, 91, '射手座', 'AB', '有', '滴酒不沾', '碩士', '藥師輪機部船員', '也可保健避免什麼黑', '0911318797', '2023-07-12 18:10:37'),
(148, 'mail404488@test.com', 'R845250244m', 'face148.png', '龍宥翔', '1989-04-12', 'O292609068', '女', '臺北市中山區', 185, 42, '水瓶座', 'A', '有', '酒豪', '博士', '牙醫師', '生命移動', '0911345907', '2023-07-12 18:10:37'),
(149, 'mail922460@test.com', 'D650918275e', 'face149.png', '鄔怡瑄', '1991-11-23', 'L228855779', '女', '臺北市內湖區', 197, 69, '天秤座', 'AB', '有', '小酌', '高中', 'IC設計工程師', '發現其中疾病編輯通過級別太多律師寶寶比如', '0911339683', '2023-07-12 18:10:37'),
(150, 'mail600110@test.com', 'E239692657l', 'face150.png', '熊聖翔', '1985-10-11', 'T220166792', '男', '新北市三峽區', 150, 52, '水瓶座', 'AB', '有', '滴酒不沾', '國小', '數位IC設計工程師', '公開固定水晶', '0911224912', '2023-07-12 18:10:37'),
(151, 'mail259291@test.com', 'Q716615427p', 'face151.png', '尹俊諺', '1985-07-12', 'M197766298', '男', '新北市三重區', 158, 101, '雙子座', 'AB', '無', '酒豪', '學士', '藝術總監', '也可保健避免什麼黑', '0911259843', '2023-07-12 18:10:37'),
(152, 'mail601559@test.com', 'N834421335i', 'face152.png', '左宜君', '1998-06-06', 'E263064788', '女', '新北市八里區', 153, 43, '牡羊座', 'A', '有', '酒豪', '博士', '艙面部船員', '幾天肯定先後焦點既然和他熱情主機邀請搜尋引擎面前，女性建材什麼', '0911451856', '2023-07-12 18:10:37'),
(153, 'mail502981@test.com', 'H607996016c', 'face153.png', '欒彥廷', '1995-08-31', 'Y131606099', '女', '基隆市暖暖區', 160, 106, '魔羯座', 'AB', '無', '小酌', '國小', '數位IC設計工程師', '公開固定水晶', '0911749344', '2023-07-12 18:10:37'),
(154, 'mail851526@test.com', 'S347454860o', 'face154.png', '陶品妤', '1997-02-08', 'P146708844', '女', '基隆市信義區', 196, 58, '射手座', 'A', '有', '酒豪', '國小', '飛行機師', '公開固定水晶', '0911940554', '2023-07-12 18:10:37'),
(155, 'mail738920@test.com', 'G140899483g', 'face155.png', '阮奕安', '1998-09-23', 'L155601998', '男', '新北市萬里區', 158, 55, '金牛座', 'A', '無', '酒豪', '高中', '中醫師', '站內死了機會', '0911936054', '2023-07-12 18:10:37'),
(156, 'mail482660@test.com', 'P153921338h', 'face156.png', '車靖雯', '1996-10-11', 'P192396481', '男', '新北市五股區', 187, 89, '雙魚座', 'AB', '無', '酒豪', '高中', '醫師', '生命移動', '0911209594', '2023-07-12 18:10:37'),
(157, 'mail18845@test.com', 'S625018411t', 'face157.png', '留奕安', '1996-05-20', 'W227528362', '女', '基隆市七堵區', 151, 67, '處女座', 'B', '無', '酒豪', '博士', '飛行機師', '發現其中疾病編輯通過級別太多律師寶寶比如', '0911686760', '2023-07-12 18:10:37'),
(158, 'mail525824@test.com', 'V761763576h', 'face158.png', '鍾芷萱', '1996-02-07', 'Q115994863', '男', '新北市新莊區', 164, 63, '金牛座', 'O', '無', '滴酒不沾', '碩士', '醫學美容', '也可保健避免什麼黑', '0911964132', '2023-07-12 18:10:37'),
(159, 'mail707351@test.com', 'H723569243x', 'face159.png', '巫柏鈞', '1989-08-08', 'B191358502', '女', '基隆市中山區', 184, 40, '金牛座', 'AB', '有', '小酌', '國小', '護理長', '上午日誌一位會計本人第一個人類靜靜', '0911682410', '2023-07-12 18:10:37'),
(160, 'mail811030@test.com', 'Q231659017o', 'face160.png', '官靖淳', '1994-09-09', 'U274206198', '男', '新北市汐止區', 178, 69, '雙子座', 'A', '有', '酒豪', '博士', '律師', '生命移動', '0911547027', '2023-07-12 18:10:37'),
(161, 'mail484922@test.com', 'V436489821e', 'face161.png', '解亭妤', '1994-03-14', 'V253195346', '女', '新北市坪林區', 191, 61, '雙子座', 'AB', '無', '滴酒不沾', '高中', '系統分析師', '上午日誌一位會計本人第一個人類靜靜', '0911773104', '2023-07-12 18:10:37'),
(162, 'mail466418@test.com', 'T907826735z', 'face162.png', '鐘宜蓁', '1988-07-23', 'B136531260', '女', '新北市坪林區', 182, 110, '水瓶座', 'B', '有', '小酌', '國中', '醫師', '發現其中疾病編輯通過級別太多律師寶寶比如', '0911971697', '2023-07-12 18:10:37'),
(163, 'mail722872@test.com', 'Z300513487g', 'face163.png', '包芳瑜', '1988-01-23', 'W162120763', '女', '基隆市暖暖區', 194, 95, '雙魚座', 'A', '有', '滴酒不沾', '高中', '牙醫師', '幾天肯定先後焦點既然和他熱情主機邀請搜尋引擎面前，女性建材什麼', '0911278649', '2023-07-12 18:10:37'),
(164, 'mail44470@test.com', 'I171434817w', 'face164.png', '練芳瑜', '1997-07-27', 'S254866403', '男', '新北市萬里區', 157, 92, '水瓶座', 'AB', '有', '滴酒不沾', '碩士', '藥師輪機部船員', '發現其中疾病編輯通過級別太多律師寶寶比如', '0911386475', '2023-07-12 18:10:37'),
(165, 'mail586451@test.com', 'E404393887w', 'face165.png', '施秉宏', '1985-12-19', 'Z263023568', '男', '基隆市安樂區', 195, 92, '水瓶座', 'B', '無', '酒豪', '國中', '空服人員', '站內死了機會', '0911982533', '2023-07-12 18:10:37'),
(166, 'mail777646@test.com', 'R153312151z', 'face166.png', '樂佳恩', '1992-02-02', 'K136300343', '男', '新北市泰山區', 194, 61, '天蠍座', 'A', '有', '酒豪', '國中', '藝術總監', '發現其中疾病編輯通過級別太多律師寶寶比如', '0911917256', '2023-07-12 18:10:37'),
(167, 'mail406495@test.com', 'C282756709h', 'face167.png', '萬羽涵', '1998-11-25', 'N217841990', '女', '臺北市南港區', 178, 78, '魔羯座', 'A', '無', '酒豪', '學士', '類比IC設計工程師', '站內死了機會', '0911369890', '2023-07-12 18:10:37'),
(168, 'mail11562@test.com', 'E267788306j', 'face168.png', '申芳瑜', '1990-12-31', 'L233179360', '男', '新北市平溪區', 160, 73, '金牛座', 'B', '無', '小酌', '學士', '數位IC設計工程師', '生命移動', '0911820856', '2023-07-12 18:10:37'),
(169, 'mail903172@test.com', 'G231893658q', 'face169.png', '邢子芸', '1986-05-25', 'R154903875', '男', '新北市貢寮區', 178, 53, '獅子座', 'AB', '無', '酒豪', '國中', '艙面部船員', '幾天肯定先後焦點既然和他熱情主機邀請搜尋引擎面前，女性建材什麼', '0911226691', '2023-07-12 18:10:37'),
(170, 'mail431297@test.com', 'K381086588a', 'face170.png', '連子涵', '1993-08-01', 'M117773631', '女', '新北市泰山區', 163, 61, '處女座', 'B', '有', '滴酒不沾', '高中', '艙面部船員', '上午日誌一位會計本人第一個人類靜靜', '0911390516', '2023-07-12 18:10:37'),
(171, 'mail855874@test.com', 'C114882447p', 'face171.png', '費柏睿', '1985-06-28', 'G228524313', '男', '新北市三峽區', 157, 50, '牡羊座', 'A', '無', '酒豪', '國小', '醫師', '幾天肯定先後焦點既然和他熱情主機邀請搜尋引擎面前，女性建材什麼', '0911458652', '2023-07-12 18:10:37'),
(172, 'mail758250@test.com', 'M483305516y', 'face172.png', '艾奕廷', '1990-02-14', 'X118209959', '男', '新北市鶯歌區', 155, 52, '巨蟹座', 'B', '無', '滴酒不沾', '國小', 'IC設計工程師', '站內死了機會', '0911842122', '2023-07-12 18:10:37'),
(173, 'mail256533@test.com', 'J584838768f', 'face173.png', '崔姿妤', '1990-09-29', 'M233669846', '女', '新北市石門區', 198, 67, '雙子座', 'AB', '有', '酒豪', '學士', '系統分析師', '生命移動', '0911662549', '2023-07-12 18:10:37'),
(174, 'mail516960@test.com', 'C410660721v', 'face174.png', '粘俊佑', '1990-10-16', 'I263000349', '男', '臺北市南港區', 154, 85, '天秤座', 'AB', '有', '酒豪', '博士', '艙面部船員', '發現其中疾病編輯通過級別太多律師寶寶比如', '0911287721', '2023-07-12 18:10:37'),
(175, 'mail434813@test.com', 'R683440523g', 'face175.png', '黄冠妤', '1995-01-15', 'H120292521', '女', '新北市中和區', 162, 89, '天秤座', 'A', '有', '小酌', '國中', '艙面部船員', '也可保健避免什麼黑', '0911908903', '2023-07-12 18:10:37'),
(176, 'mail958396@test.com', 'Q894449646q', 'face176.png', '辜珮慈', '1990-05-24', 'R269732889', '女', '基隆市中正區', 167, 100, '金牛座', 'AB', '有', '小酌', '博士', '艙面部船員', '公開固定水晶', '0911679755', '2023-07-12 18:10:37'),
(177, 'mail118365@test.com', 'L134051207k', 'face177.png', '何宥蓁', '1985-11-21', 'O186852823', '女', '基隆市安樂區', 158, 40, '金牛座', 'AB', '無', '滴酒不沾', '國中', '船上作業人員', '發現其中疾病編輯通過級別太多律師寶寶比如', '0911766335', '2023-07-12 18:10:37'),
(178, 'mail870748@test.com', 'R413724884c', 'face178.png', '呂庭瑄', '1988-07-19', 'U163908971', '男', '新北市深坑區', 159, 78, '金牛座', 'O', '有', '酒豪', '學士', '系統分析師', '站內死了機會', '0911804617', '2023-07-12 18:10:37'),
(179, 'mail949859@test.com', 'Q947115695g', 'face179.png', '余哲維', '1995-03-07', 'K163132903', '女', '臺北市中正區', 161, 106, '雙魚座', 'AB', '有', '小酌', '學士', '律師', '生命移動', '0911480777', '2023-07-12 18:10:37'),
(180, 'mail458263@test.com', 'Q636150681b', 'face180.png', '甘羽涵', '1999-03-23', 'Z147706159', '男', '新北市永和區', 196, 44, '魔羯座', 'B', '無', '酒豪', '碩士', '艙面部船員', '生命移動', '0911722409', '2023-07-12 18:10:37'),
(181, 'mail867166@test.com', 'P484929988h', 'face181.png', '粘彥均', '1998-04-09', 'R231760996', '男', '新北市雙溪區', 159, 99, '金牛座', 'A', '無', '小酌', '國小', '系統分析師', '公開固定水晶', '0911680816', '2023-07-12 18:10:37'),
(182, 'mail289611@test.com', 'F710786332z', 'face182.png', '聶宜庭', '1988-07-10', 'C213667669', '男', '臺北市南港區', 174, 67, '雙子座', 'AB', '有', '酒豪', '國中', '類比IC設計工程師', '也可保健避免什麼黑', '0911476785', '2023-07-12 18:10:37'),
(183, 'mail35854@test.com', 'H831479484o', 'face183.png', '辛彥均', '1989-09-26', 'A165204538', '女', '新北市三峽區', 188, 110, '射手座', 'B', '無', '酒豪', '博士', '醫師', '生命移動', '0911793338', '2023-07-12 18:10:37'),
(184, 'mail10873@test.com', 'X920141788s', 'face184.png', '傅冠佑', '1994-10-11', 'Y232123158', '男', '新北市新莊區', 162, 65, '射手座', 'A', '有', '滴酒不沾', '博士', 'IC設計工程師', '上午日誌一位會計本人第一個人類靜靜', '0911853578', '2023-07-12 18:10:37'),
(185, 'mail201390@test.com', 'A869357420n', 'face185.png', '白家豪', '1993-11-29', 'X224775497', '男', '新北市三芝區', 200, 74, '牡羊座', 'AB', '無', '滴酒不沾', '國中', '律師', '公開固定水晶', '0911903816', '2023-07-12 18:10:37'),
(186, 'mail168823@test.com', 'G762086373v', 'face186.png', '程秉叡', '1999-01-13', 'X180902959', '男', '基隆市七堵區', 198, 54, '水瓶座', 'B', '有', '小酌', '國小', '牙醫師', '生命移動', '0911273149', '2023-07-12 18:10:37'),
(187, 'mail557607@test.com', 'W532072618z', 'face187.png', '官依璇', '1992-04-15', 'Q265208653', '男', '新北市板橋區', 171, 107, '處女座', 'AB', '有', '滴酒不沾', '高中', '艙面部船員', '發現其中疾病編輯通過級別太多律師寶寶比如', '0911348323', '2023-07-12 18:10:37'),
(188, 'mail135204@test.com', 'F589280793x', 'face188.png', '龎哲瑋', '1998-06-09', 'X256553201', '男', '臺北市北投區', 179, 76, '金牛座', 'O', '有', '滴酒不沾', '高中', '藝術總監', '發現其中疾病編輯通過級別太多律師寶寶比如', '0911595021', '2023-07-12 18:10:37'),
(189, 'mail709807@test.com', 'K193081340d', 'face189.png', '安宜萱', '1995-08-13', 'F140893561', '男', '新北市三重區', 164, 42, '處女座', 'B', '有', '小酌', '碩士', '系統分析師', '上午日誌一位會計本人第一個人類靜靜', '0911466296', '2023-07-12 18:10:37'),
(190, 'mail557204@test.com', 'R111855527h', 'face190.png', '翁佳蓉', '1997-04-02', 'D260137411', '男', '新北市板橋區', 175, 105, '處女座', 'B', '有', '小酌', '高中', '船上作業人員', '也可保健避免什麼黑', '0911639242', '2023-07-12 18:10:37'),
(191, 'mail365369@test.com', 'H151213823j', 'face191.png', '焦俊傑', '1990-01-14', 'S137775260', '男', '新北市新店區', 157, 104, '獅子座', 'B', '無', '酒豪', '學士', '醫學美容', '公開固定水晶', '0911702479', '2023-07-12 18:10:37'),
(192, 'mail881807@test.com', 'Z907304408x', 'face192.png', '金宥辰', '1997-05-24', 'R129630481', '女', '新北市新店區', 150, 99, '牡羊座', 'A', '無', '小酌', '博士', '中醫師', '公開固定水晶', '0911358646', '2023-07-12 18:10:37'),
(193, 'mail703212@test.com', 'Y689511287r', 'face193.png', '牛湘婷', '1996-08-29', 'K131403420', '男', '新北市烏來區', 159, 90, '天蠍座', 'B', '有', '滴酒不沾', '國小', '醫學美容', '生命移動', '0911223886', '2023-07-12 18:10:37'),
(194, 'mail517755@test.com', 'R979770939y', 'face194.png', '莫哲宇', '1994-05-19', 'M216954748', '女', '新北市坪林區', 173, 62, '射手座', 'B', '有', '小酌', '學士', '藥師輪機部船員', '生命移動', '0911517406', '2023-07-12 18:10:37'),
(195, 'mail146941@test.com', 'E602853835d', 'face195.png', '岳宣妤', '1990-02-06', 'V184206229', '男', '臺北市文山區', 191, 66, '雙子座', 'O', '無', '小酌', '國中', '醫師', '生命移動', '0911210666', '2023-07-12 18:10:37'),
(196, 'mail197483@test.com', 'C698814108v', 'face196.png', '祝妍蓁', '1988-04-30', 'V243920811', '女', '臺北市中正區', 160, 64, '金牛座', 'A', '無', '酒豪', '高中', '船上作業人員', '也可保健避免什麼黑', '0911673250', '2023-07-12 18:10:37'),
(197, 'mail350034@test.com', 'D462473997w', 'face197.png', '安昱安', '1991-11-30', 'B265776056', '男', '臺北市南港區', 170, 50, '射手座', 'B', '無', '小酌', '高中', '系統分析師', '上午日誌一位會計本人第一個人類靜靜', '0911724264', '2023-07-12 18:10:37'),
(198, 'mail971244@test.com', 'Y635911430s', 'face198.png', '何佳蓉', '1994-07-19', 'P228402474', '男', '基隆市信義區', 163, 109, '雙子座', 'O', '有', '小酌', '學士', '艙面部船員', '發現其中疾病編輯通過級別太多律師寶寶比如', '0911156867', '2023-07-12 18:10:37'),
(199, 'mail825069@test.com', 'T442162802w', 'face199.png', '夏博鈞', '1999-04-30', 'M289524083', '男', '新北市汐止區', 194, 86, '雙魚座', 'O', '有', '滴酒不沾', '博士', '空服人員', '也可保健避免什麼黑', '0911404284', '2023-07-12 18:10:37'),
(200, 'mail965884@test.com', 'K236873468h', 'face200.png', '喬彥均', '1992-05-04', 'J149212265', '女', '新北市淡水區', 160, 102, '魔羯座', 'AB', '有', '小酌', '國小', '藥師輪機部船員', '生命移動', '0911435859', '2023-07-12 18:10:37'),
(201, 'mail526297@test.com', 'W998945205g', 'face201.png', '鄒昱安', '1995-05-05', 'E161579571', '男', '基隆市中正區', 194, 86, '處女座', 'AB', '有', '小酌', '國小', '艙面部船員', '發現其中疾病編輯通過級別太多律師寶寶比如', '0911120905', '2023-07-12 18:10:37'),
(202, 'mail881159@test.com', 'H535519728m', 'face202.png', '花佳恩', '1995-02-08', 'K139086334', '女', '新北市永和區', 155, 72, '天秤座', 'O', '有', '小酌', '國小', '醫學美容', '也可保健避免什麼黑', '0911750215', '2023-07-12 18:10:37'),
(203, 'mail746234@test.com', 'Q606113934e', 'face203.png', '凃柏丞', '1991-08-24', 'H195090514', '女', '新北市新店區', 152, 73, '金牛座', 'B', '無', '滴酒不沾', '國中', '醫師', '公開固定水晶', '0911427900', '2023-07-12 18:10:37'),
(204, 'mail829531@test.com', 'P754054203s', 'face204.png', '倪宥均', '1994-05-12', 'S168225589', '女', '新北市貢寮區', 169, 70, '牡羊座', 'A', '有', '小酌', '高中', '建築師', '幾天肯定先後焦點既然和他熱情主機邀請搜尋引擎面前，女性建材什麼', '0911873573', '2023-07-12 18:10:37'),
(205, 'mail363027@test.com', 'S169649563q', 'face205.png', '傅俊宇', '1986-03-24', 'K134909940', '男', '臺北市士林區', 155, 105, '射手座', 'AB', '無', '酒豪', '學士', 'IC設計工程師', '公開固定水晶', '0911648207', '2023-07-12 18:10:37'),
(206, 'mail23272@test.com', 'T276620640r', 'face206.png', '歐欣穎', '1990-05-16', 'U187816124', '男', '新北市八里區', 174, 49, '天蠍座', 'AB', '有', '小酌', '國中', '醫學美容', '也可保健避免什麼黑', '0911955558', '2023-07-12 18:10:37'),
(207, 'mail875821@test.com', 'Y459995564o', 'face207.png', '鄞羽彤', '1994-12-30', 'L176040559', '男', '新北市平溪區', 199, 65, '射手座', 'AB', '有', '小酌', '國中', '醫學美容', '站內死了機會', '0911392723', '2023-07-12 18:10:37'),
(208, 'mail969711@test.com', 'B354993204v', 'face208.png', '馬怡臻', '1998-09-21', 'A166103082', '男', '基隆市七堵區', 163, 69, '天蠍座', 'A', '有', '酒豪', '國中', '牙醫師', '生命移動', '0911960749', '2023-07-12 18:10:37'),
(209, 'mail742477@test.com', 'V164635220z', 'face209.png', '雲宜蓁', '1986-09-22', 'G140021595', '女', '新北市平溪區', 165, 52, '水瓶座', 'O', '有', '滴酒不沾', '博士', '數位IC設計工程師', '幾天肯定先後焦點既然和他熱情主機邀請搜尋引擎面前，女性建材什麼', '0911608168', '2023-07-12 18:10:37'),
(210, 'mail38585@test.com', 'M849591076i', 'face210.png', '谷詩婷', '1993-02-08', 'V293116900', '女', '新北市石碇區', 181, 81, '射手座', 'A', '無', '滴酒不沾', '學士', '醫師', '站內死了機會', '0911950240', '2023-07-12 18:10:37'),
(211, 'mail599850@test.com', 'T563931399d', 'face211.png', '賈禹彤', '1986-09-30', 'D236188692', '女', '新北市永和區', 158, 83, '魔羯座', 'AB', '有', '小酌', '國小', 'IC設計工程師', '發現其中疾病編輯通過級別太多律師寶寶比如', '0911275686', '2023-07-12 18:10:37'),
(212, 'mail697104@test.com', 'T779061577w', 'face212.png', '尚博鈞', '1998-09-13', 'V111040515', '男', '新北市中和區', 164, 66, '天蠍座', 'B', '無', '小酌', '國小', '艙面部船員', '站內死了機會', '0911688892', '2023-07-12 18:10:37'),
(213, 'mail546015@test.com', 'K895222892g', 'face213.png', '苗彥辰', '1992-08-13', 'K164025526', '男', '新北市泰山區', 184, 46, '射手座', 'B', '有', '滴酒不沾', '博士', '建築師', '幾天肯定先後焦點既然和他熱情主機邀請搜尋引擎面前，女性建材什麼', '0911286144', '2023-07-12 18:10:37'),
(214, 'mail376866@test.com', 'G459945425z', 'face214.png', '郭冠妤', '1994-06-09', 'E157302558', '男', '新北市汐止區', 163, 101, '金牛座', 'O', '無', '酒豪', '國中', '數位IC設計工程師', '發現其中疾病編輯通過級別太多律師寶寶比如', '0911914145', '2023-07-12 18:10:37'),
(215, 'mail564212@test.com', 'G578180709x', 'face215.png', '莫奕翔', '1988-10-29', 'N228662189', '男', '新北市石碇區', 183, 102, '魔羯座', 'AB', '無', '酒豪', '國小', '醫學美容', '公開固定水晶', '0911937272', '2023-07-12 18:10:37'),
(216, 'mail618900@test.com', 'P668310145e', 'face216.png', '柯博鈞', '1996-03-02', 'F157038219', '男', '基隆市七堵區', 171, 103, '天蠍座', 'A', '無', '小酌', '高中', '數位IC設計工程師', '公開固定水晶', '0911577621', '2023-07-12 18:10:37'),
(217, 'mail557062@test.com', 'G684490182q', 'face217.png', '安庭瑋', '1994-10-22', 'A267380438', '女', '新北市三峽區', 159, 69, '處女座', 'B', '無', '酒豪', '學士', '牙醫師', '幾天肯定先後焦點既然和他熱情主機邀請搜尋引擎面前，女性建材什麼', '0911675447', '2023-07-12 18:10:37'),
(218, 'mail36718@test.com', 'F126507811j', 'face218.png', '蘇佳蓁', '1999-06-09', 'M222738021', '女', '新北市林口區', 163, 79, '巨蟹座', 'B', '有', '滴酒不沾', '學士', '數位IC設計工程師', '幾天肯定先後焦點既然和他熱情主機邀請搜尋引擎面前，女性建材什麼', '0911478802', '2023-07-12 18:10:37'),
(219, 'mail745514@test.com', 'O641446712c', 'face219.png', '鮑家維', '1987-08-06', 'M159829316', '女', '新北市三芝區', 161, 103, '雙子座', 'A', '無', '酒豪', '國中', 'IC設計工程師', '站內死了機會', '0911883898', '2023-07-12 18:10:37'),
(220, 'mail227383@test.com', 'H836019057a', 'face220.png', '衛子晴', '1986-10-29', 'B139807722', '女', '新北市板橋區', 181, 45, '獅子座', 'A', '無', '酒豪', '國小', '藝術總監', '生命移動', '0911700810', '2023-07-12 18:10:37'),
(221, 'mail27730@test.com', 'L458046426g', 'face221.png', '郭子涵', '1997-02-25', 'P134701316', '男', '新北市樹林區', 183, 73, '射手座', 'AB', '無', '滴酒不沾', '學士', '系統分析師', '幾天肯定先後焦點既然和他熱情主機邀請搜尋引擎面前，女性建材什麼', '0911735662', '2023-07-12 18:10:37'),
(222, 'mail438803@test.com', 'Q366874439b', 'face222.png', '褚冠宏', '1999-12-24', 'Y213332326', '女', '基隆市信義區', 182, 49, '金牛座', 'O', '無', '酒豪', '國小', '數位IC設計工程師', '上午日誌一位會計本人第一個人類靜靜', '0911921232', '2023-07-12 18:10:37'),
(223, 'mail278021@test.com', 'W470218195k', 'face223.png', '樊佳怡', '1988-12-09', 'O223980647', '男', '新北市鶯歌區', 159, 40, '處女座', 'B', '有', '小酌', '國中', '麻醉醫師', '上午日誌一位會計本人第一個人類靜靜', '0911880939', '2023-07-12 18:10:37'),
(224, 'mail364751@test.com', 'Z459219214q', 'face224.png', '龔浩宇', '1993-05-08', 'I127719463', '男', '臺北市文山區', 162, 93, '巨蟹座', 'AB', '有', '滴酒不沾', '國小', '船上作業人員', '也可保健避免什麼黑', '0911965321', '2023-07-12 18:10:37'),
(225, 'mail241271@test.com', 'G786182697s', 'face225.png', '董彥辰', '1985-04-09', 'F246512061', '男', '新北市烏來區', 199, 76, '射手座', 'B', '無', '滴酒不沾', '高中', '護理長', '發現其中疾病編輯通過級別太多律師寶寶比如', '0911604544', '2023-07-12 18:10:37'),
(226, 'mail35568@test.com', 'M541469866o', 'face226.png', '邵品妍', '1998-07-24', 'E299121178', '男', '臺北市中正區', 165, 108, '雙子座', 'AB', '無', '滴酒不沾', '高中', '牙醫師', '公開固定水晶', '0911852696', '2023-07-12 18:10:37'),
(227, 'mail763833@test.com', 'S108518975q', 'face227.png', '倪靖雯', '1988-11-07', 'P217282406', '男', '臺北市中山區', 194, 68, '天秤座', 'B', '有', '小酌', '國小', '護理長', '站內死了機會', '0911106324', '2023-07-12 18:10:37'),
(228, 'mail161334@test.com', 'H114592934r', 'face228.png', '歐陽怡靜', '1985-01-27', 'J131314013', '男', '新北市新莊區', 188, 82, '金牛座', 'O', '無', '小酌', '高中', '醫學美容', '站內死了機會', '0911160880', '2023-07-12 18:10:37'),
(229, 'mail128902@test.com', 'V743362852b', 'face229.png', '黃芯瑜', '1989-05-06', 'C134803509', '男', '新北市三峽區', 191, 106, '巨蟹座', 'B', '有', '小酌', '高中', '聯結車司機', '公開固定水晶', '0911955971', '2023-07-12 18:10:37'),
(230, 'mail175870@test.com', 'C443667216a', 'face230.png', '聶宜臻', '1988-03-26', 'N248414602', '男', '基隆市安樂區', 191, 63, '獅子座', 'B', '無', '滴酒不沾', '高中', '空服人員', '發現其中疾病編輯通過級別太多律師寶寶比如', '0911526425', '2023-07-12 18:10:37'),
(231, 'mail314779@test.com', 'X889915873c', 'face231.png', '曾宥廷', '1993-04-04', 'X239636747', '男', '新北市新莊區', 197, 54, '牡羊座', 'AB', '有', '酒豪', '國小', '牙醫師', '發現其中疾病編輯通過級別太多律師寶寶比如', '0911741002', '2023-07-12 18:10:37'),
(232, 'mail265820@test.com', 'A435241710a', 'face232.png', '尹柏勳', '1997-07-15', 'L251576001', '男', '新北市板橋區', 170, 97, '水瓶座', 'O', '無', '酒豪', '碩士', '建築師', '上午日誌一位會計本人第一個人類靜靜', '0911360838', '2023-07-12 18:10:37'),
(233, 'mail336030@test.com', 'Q931359514g', 'face233.png', '房品萱', '1990-12-25', 'M129991136', '女', '臺北市士林區', 165, 103, '處女座', 'O', '有', '小酌', '國小', '護理長', '公開固定水晶', '0911209515', '2023-07-12 18:10:37'),
(234, 'mail348215@test.com', 'A589524381j', 'face234.png', '邵思婷', '1992-11-03', 'W293596229', '女', '臺北市萬華區', 191, 87, '天秤座', 'B', '無', '滴酒不沾', '國小', '聯結車司機', '生命移動', '0911966920', '2023-07-12 18:10:37'),
(235, 'mail22261@test.com', 'F156101298r', 'face235.png', '薛哲宇', '1998-07-24', 'J142916232', '女', '臺北市中山區', 172, 88, '巨蟹座', 'A', '無', '酒豪', '國小', '藥師輪機部船員', '也可保健避免什麼黑', '0911459141', '2023-07-12 18:10:37'),
(236, 'mail185494@test.com', 'U160023814a', 'face236.png', '麥羽彤', '1994-08-05', 'R244261498', '女', '新北市新莊區', 191, 91, '天秤座', 'AB', '無', '滴酒不沾', '學士', 'IC設計工程師', '幾天肯定先後焦點既然和他熱情主機邀請搜尋引擎面前，女性建材什麼', '0911874754', '2023-07-12 18:10:37'),
(237, 'mail114913@test.com', 'K799911754c', 'face237.png', '路庭妤', '1985-05-08', 'F193359237', '女', '新北市烏來區', 179, 68, '魔羯座', 'B', '有', '滴酒不沾', '國中', '飛行機師', '幾天肯定先後焦點既然和他熱情主機邀請搜尋引擎面前，女性建材什麼', '0911701505', '2023-07-12 18:10:37'),
(238, 'mail844907@test.com', 'Q116176491f', 'face238.png', '曲哲宇', '1990-06-14', 'W161989298', '女', '新北市烏來區', 152, 105, '獅子座', 'AB', '有', '小酌', '博士', '數位IC設計工程師', '站內死了機會', '0911995405', '2023-07-12 18:10:37');
INSERT INTO `member` (`member_id`, `email`, `password`, `images`, `member_name`, `member_birth`, `id_number`, `gender`, `location`, `height`, `weight`, `zodiac`, `bloodtype`, `smoke`, `alchohol`, `education_level`, `job`, `profile`, `mobile`, `create_at`) VALUES
(239, 'mail122111@test.com', 'A212788548z', 'face239.png', '覃芊妤', '1998-11-27', 'N282197262', '男', '新北市中和區', 189, 98, '魔羯座', 'B', '無', '滴酒不沾', '高中', '艙面部船員', '上午日誌一位會計本人第一個人類靜靜', '0911871041', '2023-07-12 18:10:37'),
(240, 'mail764962@test.com', 'Q688769165a', 'face240.png', '詹依璇', '1995-09-26', 'D135105813', '女', '新北市三峽區', 184, 92, '雙子座', 'O', '有', '酒豪', '高中', '數位IC設計工程師', '生命移動', '0911303823', '2023-07-12 18:10:37'),
(241, 'mail816264@test.com', 'J266182607v', 'face241.png', '苗怡婷', '1999-03-07', 'Q118279032', '男', '基隆市七堵區', 172, 81, '雙魚座', 'O', '有', '滴酒不沾', '學士', 'IC設計工程師', '上午日誌一位會計本人第一個人類靜靜', '0911776032', '2023-07-12 18:10:37'),
(242, 'mail250134@test.com', 'P182302773w', 'face242.png', '賈子軒', '1985-06-11', 'W110681951', '女', '臺北市松山區', 183, 97, '水瓶座', 'O', '有', '酒豪', '碩士', '藥師輪機部船員', '站內死了機會', '0911750252', '2023-07-12 18:10:37'),
(243, 'mail563124@test.com', 'S125069379g', 'face243.png', '韓品蓁', '1986-09-27', 'T184511946', '女', '臺北市南港區', 154, 91, '牡羊座', 'AB', '無', '酒豪', '博士', '麻醉醫師', '也可保健避免什麼黑', '0911124503', '2023-07-12 18:10:37'),
(244, 'mail705122@test.com', 'X429377492g', 'face244.png', '何哲瑋', '1992-02-03', 'O130702117', '女', '新北市五股區', 169, 110, '處女座', 'B', '有', '滴酒不沾', '高中', '類比IC設計工程師', '站內死了機會', '0911841956', '2023-07-12 18:10:37'),
(245, 'mail940185@test.com', 'G898623830s', 'face245.png', '牛怡靜', '1991-06-18', 'F162646521', '男', '臺北市松山區', 151, 59, '水瓶座', 'A', '有', '小酌', '國中', '飛行機師', '上午日誌一位會計本人第一個人類靜靜', '0911654735', '2023-07-12 18:10:37'),
(246, 'mail594908@test.com', 'U796385013h', 'face246.png', '韓妍蓁', '1989-11-25', 'K277576691', '男', '基隆市仁愛區', 151, 76, '魔羯座', 'AB', '有', '酒豪', '國小', '護理長', '幾天肯定先後焦點既然和他熱情主機邀請搜尋引擎面前，女性建材什麼', '0911485272', '2023-07-12 18:10:37'),
(247, 'mail267022@test.com', 'B919538072k', 'face247.png', '鄧怡臻', '1996-05-02', 'Q253393058', '男', '基隆市中正區', 200, 74, '金牛座', 'O', '有', '滴酒不沾', '國小', '系統分析師', '公開固定水晶', '0911610827', '2023-07-12 18:10:37'),
(248, 'mail554603@test.com', 'K745166880j', 'face248.png', '萬威廷', '1993-04-13', 'P265190540', '男', '基隆市中山區', 161, 50, '魔羯座', 'AB', '無', '酒豪', '學士', '建築師', '公開固定水晶', '0911207640', '2023-07-12 18:10:37'),
(249, 'mail338430@test.com', 'X735095059x', 'face249.png', '欒宜君', '1987-01-25', 'B259913031', '女', '臺北市大安區', 150, 99, '水瓶座', 'O', '有', '酒豪', '國中', '艙面部船員', '生命移動', '0911296127', '2023-07-12 18:10:37'),
(250, 'mail490691@test.com', 'O196814224v', 'face250.png', '利依璇', '1999-08-21', 'L233121822', '女', '新北市新莊區', 153, 91, '魔羯座', 'O', '無', '小酌', '國小', 'IC設計工程師', '公開固定水晶', '0911141107', '2023-07-12 18:10:37'),
(251, 'mail980952@test.com', 'Y842700164m', 'face251.png', '袁品萱', '1987-04-22', 'H179800933', '男', '新北市石碇區', 184, 69, '雙子座', 'O', '有', '滴酒不沾', '學士', '船上作業人員', '公開固定水晶', '0911435021', '2023-07-12 18:10:37'),
(252, 'mail529515@test.com', 'C837201055i', 'face252.png', '盛子瑄', '1995-06-25', 'Z247110361', '女', '新北市石碇區', 171, 96, '射手座', 'B', '有', '滴酒不沾', '碩士', '麻醉醫師', '站內死了機會', '0911417537', '2023-07-12 18:10:37'),
(253, 'mail565135@test.com', 'V689961644y', 'face253.png', '舒威廷', '1986-03-23', 'J163375671', '男', '新北市平溪區', 171, 88, '天蠍座', 'B', '有', '酒豪', '碩士', '空服人員', '上午日誌一位會計本人第一個人類靜靜', '0911115523', '2023-07-12 18:10:37'),
(254, 'mail683400@test.com', 'G247490103n', 'face254.png', '關芷瑜', '1991-05-14', 'M239794045', '女', '新北市三重區', 155, 79, '雙魚座', 'A', '有', '滴酒不沾', '碩士', '系統分析師', '發現其中疾病編輯通過級別太多律師寶寶比如', '0911102671', '2023-07-12 18:10:37'),
(255, 'mail220678@test.com', 'G227349622z', 'face255.png', '章芷瑄', '1995-12-27', 'B142366177', '女', '新北市烏來區', 187, 42, '獅子座', 'B', '無', '酒豪', '學士', '飛行機師', '公開固定水晶', '0911239143', '2023-07-12 18:10:37'),
(256, 'mail720108@test.com', 'U636787508g', 'face256.png', '湯思婷', '1990-07-28', 'S185565806', '女', '新北市新莊區', 185, 70, '天秤座', 'B', '無', '酒豪', '國小', '醫學美容', '上午日誌一位會計本人第一個人類靜靜', '0911994995', '2023-07-12 18:10:37'),
(257, 'mail502691@test.com', 'J684233010l', 'face257.png', '尤禹彤', '1985-09-20', 'W126615652', '女', '臺北市大安區', 190, 60, '牡羊座', 'O', '有', '酒豪', '學士', '醫師', '也可保健避免什麼黑', '0911190768', '2023-07-12 18:10:37'),
(258, 'mail12409@test.com', 'G309135282x', 'face258.png', '雲彥廷', '1995-03-24', 'J287623163', '男', '新北市土城區', 156, 43, '天秤座', 'A', '有', '酒豪', '碩士', 'IC設計工程師', '生命移動', '0911177142', '2023-07-12 18:10:37'),
(259, 'mail802923@test.com', 'F139336709t', 'face259.png', '盛秉叡', '1990-08-15', 'P119513957', '女', '新北市石碇區', 156, 57, '射手座', 'O', '無', '酒豪', '國中', '藝術總監', '生命移動', '0911368442', '2023-07-12 18:10:37'),
(260, 'mail729609@test.com', 'E319522183w', 'face260.png', '郝芷妍', '1985-06-30', 'W235658257', '男', '新北市鶯歌區', 182, 110, '巨蟹座', 'AB', '無', '小酌', '博士', '數位IC設計工程師', '公開固定水晶', '0911884492', '2023-07-12 18:10:37'),
(261, 'mail255500@test.com', 'H233637135f', 'face261.png', '秦芳瑜', '1992-10-27', 'S152992640', '男', '臺北市萬華區', 179, 58, '魔羯座', 'B', '無', '小酌', '學士', '醫師', '上午日誌一位會計本人第一個人類靜靜', '0911231672', '2023-07-12 18:10:37'),
(262, 'mail694824@test.com', 'G374820829p', 'face262.png', '陳承勳', '1995-02-20', 'C242215231', '男', '新北市中和區', 165, 90, '金牛座', 'B', '有', '酒豪', '博士', '聯結車司機', '也可保健避免什麼黑', '0911484832', '2023-07-12 18:10:37'),
(263, 'mail220376@test.com', 'H218755465i', 'face263.png', '凃于萱', '1989-03-20', 'J144176227', '女', '新北市平溪區', 183, 70, '處女座', 'A', '無', '小酌', '學士', '建築師', '也可保健避免什麼黑', '0911522230', '2023-07-12 18:10:37'),
(264, 'mail672343@test.com', 'G417954663m', 'face264.png', '葉芸瑄', '1998-10-19', 'X125083422', '男', '新北市烏來區', 200, 60, '魔羯座', 'O', '無', '小酌', '高中', '藝術總監', '公開固定水晶', '0911351127', '2023-07-12 18:10:37'),
(265, 'mail83005@test.com', 'Y446441651l', 'face265.png', '歐陽家瑋', '1996-03-09', 'U157080964', '男', '新北市八里區', 159, 71, '雙魚座', 'B', '無', '滴酒不沾', '學士', '類比IC設計工程師', '站內死了機會', '0911681240', '2023-07-12 18:10:37'),
(266, 'mail227332@test.com', 'O574828555t', 'face266.png', '黃宥蓁', '1992-04-04', 'X148227730', '女', '新北市石碇區', 194, 87, '水瓶座', 'AB', '有', '酒豪', '國中', '藥師輪機部船員', '發現其中疾病編輯通過級別太多律師寶寶比如', '0911261607', '2023-07-12 18:10:37'),
(267, 'mail895985@test.com', 'A902969474w', 'face267.png', '陽雅雯', '1986-04-09', 'L286947620', '女', '基隆市中正區', 151, 96, '巨蟹座', 'B', '有', '滴酒不沾', '博士', '數位IC設計工程師', '也可保健避免什麼黑', '0911400020', '2023-07-12 18:10:37'),
(268, 'mail935556@test.com', 'N392360361c', 'face268.png', '駱宇翔', '1999-02-14', 'C147548632', '男', '新北市深坑區', 186, 49, '牡羊座', 'A', '無', '小酌', '博士', '麻醉醫師', '站內死了機會', '0911197617', '2023-07-12 18:10:37'),
(269, 'mail897138@test.com', 'Z956853690l', 'face269.png', '申俊廷', '1999-10-20', 'L224262247', '男', '新北市坪林區', 183, 74, '天蠍座', 'A', '無', '滴酒不沾', '碩士', '護理長', '站內死了機會', '0911520828', '2023-07-12 18:10:37'),
(270, 'mail945279@test.com', 'A571447883c', 'face270.png', '周宥蓁', '1986-04-15', 'H113488800', '男', '新北市平溪區', 198, 100, '處女座', 'A', '無', '滴酒不沾', '博士', '律師', '上午日誌一位會計本人第一個人類靜靜', '0911818543', '2023-07-12 18:10:37'),
(271, 'mail503573@test.com', 'Y577380317q', 'face271.png', '童秉叡', '1992-04-28', 'P242030610', '男', '新北市貢寮區', 156, 80, '牡羊座', 'O', '無', '滴酒不沾', '高中', '系統分析師', '上午日誌一位會計本人第一個人類靜靜', '0911610178', '2023-07-12 18:10:37'),
(272, 'mail949921@test.com', 'C705991219p', 'face272.png', '錢怡靜', '1988-12-14', 'I135915808', '男', '基隆市中山區', 175, 86, '金牛座', 'A', '無', '小酌', '高中', '麻醉醫師', '生命移動', '0911415013', '2023-07-12 18:10:37'),
(273, 'mail730060@test.com', 'P141452115m', 'face273.png', '毛承恩', '1990-12-06', 'J198429629', '女', '臺北市南港區', 188, 54, '天秤座', 'AB', '有', '滴酒不沾', '學士', '藥師輪機部船員', '發現其中疾病編輯通過級別太多律師寶寶比如', '0911938506', '2023-07-12 18:10:37'),
(274, 'mail596157@test.com', 'M970845516x', 'face274.png', '邢宥任', '1996-01-16', 'W115421837', '女', '新北市三芝區', 180, 51, '射手座', 'A', '無', '小酌', '國中', 'IC設計工程師', '上午日誌一位會計本人第一個人類靜靜', '0911762200', '2023-07-12 18:10:37'),
(275, 'mail400443@test.com', 'M255952509y', 'face275.png', '籃宥任', '1988-08-17', 'Y135650339', '女', '臺北市北投區', 193, 68, '巨蟹座', 'B', '有', '酒豪', '博士', '藥師輪機部船員', '公開固定水晶', '0911560323', '2023-07-12 18:10:37'),
(276, 'mail628448@test.com', 'D719461754g', 'face276.png', '歐怡婷', '1994-02-16', 'T194196146', '男', '新北市泰山區', 154, 104, '雙魚座', 'A', '有', '滴酒不沾', '博士', '牙醫師', '發現其中疾病編輯通過級別太多律師寶寶比如', '0911162773', '2023-07-12 18:10:37'),
(277, 'mail322751@test.com', 'W982657316e', 'face277.png', '杜哲維', '1997-03-20', 'K217034602', '男', '新北市石門區', 154, 64, '處女座', 'O', '有', '小酌', '博士', '藝術總監', '生命移動', '0911744061', '2023-07-12 18:10:37'),
(278, 'mail597576@test.com', 'A206625792g', 'face278.png', '章秉軒', '1990-03-11', 'Z124284021', '女', '新北市鶯歌區', 161, 80, '雙子座', 'B', '無', '酒豪', '碩士', '飛行機師', '公開固定水晶', '0911164072', '2023-07-12 18:10:37'),
(279, 'mail523974@test.com', 'B566305709b', 'face279.png', '何芷涵', '1992-06-19', 'T260993078', '男', '臺北市萬華區', 180, 89, '雙子座', 'B', '無', '小酌', '博士', '船上作業人員', '上午日誌一位會計本人第一個人類靜靜', '0911168059', '2023-07-12 18:10:37'),
(280, 'mail488261@test.com', 'L826775233n', 'face280.png', '鄔瑋庭', '1988-09-28', 'G128220315', '女', '臺北市南港區', 158, 92, '射手座', 'O', '無', '小酌', '學士', '飛行機師', '生命移動', '0911319144', '2023-07-12 18:10:37'),
(281, 'mail224925@test.com', 'I561237714t', 'face281.png', '史宇宸', '1991-04-14', 'U163424875', '女', '新北市永和區', 150, 58, '牡羊座', 'AB', '有', '酒豪', '高中', '類比IC設計工程師', '上午日誌一位會計本人第一個人類靜靜', '0911450283', '2023-07-12 18:10:37'),
(282, 'mail669320@test.com', 'Z686757986k', 'face282.png', '申彥霖', '1998-08-31', 'T182980343', '女', '新北市金山區', 153, 54, '天秤座', 'B', '無', '酒豪', '學士', '系統分析師', '站內死了機會', '0911724721', '2023-07-12 18:10:37'),
(283, 'mail594472@test.com', 'D601725087z', 'face283.png', '周承諺', '1995-02-25', 'Z141176944', '男', '新北市石碇區', 158, 99, '天秤座', 'O', '無', '小酌', '國小', '聯結車司機', '發現其中疾病編輯通過級別太多律師寶寶比如', '0911643815', '2023-07-12 18:10:37'),
(284, 'mail517017@test.com', 'Q508139980u', 'face284.png', '舒靖雯', '1991-01-25', 'N146763337', '女', '新北市坪林區', 198, 99, '魔羯座', 'B', '無', '小酌', '國小', '藥師輪機部船員', '也可保健避免什麼黑', '0911524809', '2023-07-12 18:10:37'),
(285, 'mail851347@test.com', 'P792204608o', 'face285.png', '陸冠宏', '1997-10-03', 'J124609640', '男', '新北市汐止區', 188, 82, '巨蟹座', 'A', '有', '酒豪', '國小', '空服人員', '生命移動', '0911873408', '2023-07-12 18:10:37'),
(286, 'mail175288@test.com', 'D860374237f', 'face286.png', '薛庭瑋', '1993-08-23', 'F255391497', '男', '新北市深坑區', 160, 96, '射手座', 'B', '有', '滴酒不沾', '學士', '牙醫師', '也可保健避免什麼黑', '0911284192', '2023-07-12 18:10:37'),
(287, 'mail51065@test.com', 'Z642753775s', 'face287.png', '俞宗翰', '1997-07-22', 'A234234362', '女', '新北市淡水區', 187, 84, '金牛座', 'O', '無', '小酌', '碩士', '牙醫師', '幾天肯定先後焦點既然和他熱情主機邀請搜尋引擎面前，女性建材什麼', '0911288701', '2023-07-12 18:10:37'),
(288, 'mail212250@test.com', 'R683124358w', 'face288.png', '施柏均', '1997-01-07', 'J115406849', '女', '新北市林口區', 176, 109, '雙子座', 'B', '無', '小酌', '學士', '藝術總監', '也可保健避免什麼黑', '0911639007', '2023-07-12 18:10:37'),
(289, 'mail522009@test.com', 'N649323069y', 'face289.png', '雷雅琪', '1990-01-11', 'M144140215', '男', '新北市深坑區', 165, 54, '天蠍座', 'A', '無', '酒豪', '國中', '醫師', '生命移動', '0911678280', '2023-07-12 18:10:37'),
(290, 'mail71675@test.com', 'M608720596k', 'face290.png', '詹昱廷', '1996-02-04', 'E235820467', '女', '臺北市萬華區', 169, 79, '巨蟹座', 'A', '有', '小酌', '學士', 'IC設計工程師', '發現其中疾病編輯通過級別太多律師寶寶比如', '0911940755', '2023-07-12 18:10:37'),
(291, 'mail125397@test.com', 'Y812888860i', 'face291.png', '喬柏安', '1986-02-01', 'U235078894', '女', '新北市坪林區', 185, 63, '射手座', 'B', '有', '酒豪', '國小', '中醫師', '也可保健避免什麼黑', '0911190908', '2023-07-12 18:10:37'),
(292, 'mail162659@test.com', 'O120558271e', 'face292.png', '伍俞安', '1990-11-03', 'F156387808', '女', '新北市萬里區', 185, 89, '牡羊座', 'A', '無', '小酌', '碩士', '飛行機師', '生命移動', '0911387435', '2023-07-12 18:10:37'),
(293, 'mail386009@test.com', 'Z995315413b', 'face293.png', '饒品睿', '1996-06-03', 'Z170314722', '女', '新北市林口區', 166, 62, '處女座', 'B', '有', '滴酒不沾', '學士', '船上作業人員', '幾天肯定先後焦點既然和他熱情主機邀請搜尋引擎面前，女性建材什麼', '0911194479', '2023-07-12 18:10:37'),
(294, 'mail37639@test.com', 'I978041882x', 'face294.png', '湯俊廷', '1995-08-04', 'Q119318549', '女', '新北市林口區', 188, 99, '雙魚座', 'AB', '無', '滴酒不沾', '碩士', '醫學美容', '上午日誌一位會計本人第一個人類靜靜', '0911814331', '2023-07-12 18:10:37'),
(295, 'mail281255@test.com', 'L110564440f', 'face295.png', '衛羽彤', '1992-11-19', 'D147226265', '男', '臺北市內湖區', 160, 100, '雙魚座', 'AB', '有', '酒豪', '碩士', '數位IC設計工程師', '也可保健避免什麼黑', '0911271414', '2023-07-12 18:10:37'),
(296, 'mail504378@test.com', 'G544618895z', 'face296.png', '杜冠佑', '1997-03-01', 'M149726636', '女', '臺北市中正區', 151, 75, '水瓶座', 'AB', '有', '酒豪', '博士', '護理長', '幾天肯定先後焦點既然和他熱情主機邀請搜尋引擎面前，女性建材什麼', '0911548209', '2023-07-12 18:10:37'),
(297, 'mail158960@test.com', 'K430932853w', 'face297.png', '牟奕翔', '1995-11-16', 'T186933125', '女', '臺北市大安區', 189, 46, '牡羊座', 'B', '無', '滴酒不沾', '學士', '護理長', '發現其中疾病編輯通過級別太多律師寶寶比如', '0911244936', '2023-07-12 18:10:37'),
(298, 'mail383208@test.com', 'G700783774d', 'face298.png', '桂哲宇', '1990-12-12', 'W131965009', '男', '新北市坪林區', 169, 64, '雙魚座', 'B', '無', '小酌', '高中', '麻醉醫師', '生命移動', '0911806346', '2023-07-12 18:10:37'),
(299, 'mail639339@test.com', 'X993413434j', 'face299.png', '蒲浩宇', '1993-09-02', 'P199412936', '男', '新北市板橋區', 155, 75, '天蠍座', 'B', '有', '小酌', '博士', '牙醫師', '上午日誌一位會計本人第一個人類靜靜', '0911691551', '2023-07-12 18:10:37'),
(300, 'mail423040@test.com', 'I985214787j', 'face300.png', '龎心妤', '1988-12-01', 'M118049300', '男', '新北市汐止區', 156, 81, '雙魚座', 'B', '無', '滴酒不沾', '碩士', 'IC設計工程師', '上午日誌一位會計本人第一個人類靜靜', '0911494595', '2023-07-12 18:10:37'),
(301, 'mail758514@test.com', 'Y683372372c', 'face301.png', '卜昱安', '1995-02-17', 'O265373546', '男', '臺北市大同區', 158, 57, '水瓶座', 'B', '有', '小酌', '國小', '飛行機師', '公開固定水晶', '0911983606', '2023-07-12 18:10:37'),
(302, 'mail528844@test.com', 'J332035974e', 'face302.png', '任雅涵', '1996-07-28', 'G290084049', '男', '基隆市仁愛區', 160, 46, '金牛座', 'A', '有', '小酌', '學士', '中醫師', '發現其中疾病編輯通過級別太多律師寶寶比如', '0911980998', '2023-07-12 18:10:37'),
(303, 'mail316960@test.com', 'M789738210n', 'face303.png', '錢子豪', '1992-12-21', 'T231690909', '男', '新北市三重區', 175, 41, '魔羯座', 'O', '無', '酒豪', '高中', '空服人員', '公開固定水晶', '0911157520', '2023-07-12 18:10:37'),
(304, 'mail190258@test.com', 'R206785174k', 'face304.png', '侯湘婷', '1999-11-22', 'F111549888', '男', '臺北市北投區', 190, 110, '雙子座', 'O', '無', '滴酒不沾', '國中', '律師', '上午日誌一位會計本人第一個人類靜靜', '0911296504', '2023-07-12 18:10:37'),
(305, 'mail676094@test.com', 'E335119690c', 'face305.png', '蔣欣穎', '1985-08-13', 'R167708531', '男', '新北市烏來區', 186, 46, '水瓶座', 'B', '無', '酒豪', '碩士', '類比IC設計工程師', '幾天肯定先後焦點既然和他熱情主機邀請搜尋引擎面前，女性建材什麼', '0911878386', '2023-07-12 18:10:37'),
(306, 'mail36845@test.com', 'Y728003367d', 'face306.png', '簡宜庭', '1994-09-15', 'U226132254', '女', '新北市瑞芳區', 193, 105, '天秤座', 'AB', '有', '酒豪', '國中', '中醫師', '生命移動', '0911152501', '2023-07-12 18:10:37'),
(307, 'mail751612@test.com', 'D559695734i', 'face307.png', '易雅琪', '1995-01-22', 'V155287500', '女', '新北市三峽區', 164, 40, '水瓶座', 'B', '無', '滴酒不沾', '國中', '醫學美容', '站內死了機會', '0911350547', '2023-07-12 18:10:37'),
(308, 'mail195652@test.com', 'X713555461f', 'face308.png', '覃羽涵', '1985-12-23', 'G143461211', '男', '臺北市文山區', 166, 80, '水瓶座', 'A', '有', '酒豪', '國中', '醫師', '站內死了機會', '0911236711', '2023-07-12 18:10:37'),
(309, 'mail380657@test.com', 'X607093042i', 'face309.png', '包承恩', '1988-09-10', 'V116231984', '女', '新北市泰山區', 161, 40, '天蠍座', 'B', '無', '滴酒不沾', '高中', '護理長', '幾天肯定先後焦點既然和他熱情主機邀請搜尋引擎面前，女性建材什麼', '0911702742', '2023-07-12 18:10:37'),
(310, 'mail829383@test.com', 'Q752973252v', 'face310.png', '程冠宇', '1986-08-23', 'J145001118', '女', '基隆市信義區', 193, 80, '巨蟹座', 'O', '有', '滴酒不沾', '高中', '飛行機師', '上午日誌一位會計本人第一個人類靜靜', '0911761644', '2023-07-12 18:10:37'),
(311, 'mail207777@test.com', 'R957732517e', 'face311.png', '衛芳瑜', '1995-05-03', 'E239615524', '女', '新北市鶯歌區', 153, 75, '天蠍座', 'A', '有', '酒豪', '高中', '建築師', '也可保健避免什麼黑', '0911969758', '2023-07-12 18:10:37'),
(312, 'mail277735@test.com', 'A946105516b', 'face312.png', '歐陽子庭', '1998-09-07', 'H175080874', '女', '新北市瑞芳區', 189, 102, '射手座', 'AB', '無', '滴酒不沾', '博士', '建築師', '生命移動', '0911294654', '2023-07-12 18:10:37'),
(313, 'mail935893@test.com', 'D947484060i', 'face313.png', '瞿宥鈞', '1986-03-25', 'Q122883085', '男', '新北市烏來區', 191, 76, '射手座', 'AB', '無', '酒豪', '學士', '藝術總監', '也可保健避免什麼黑', '0911685014', '2023-07-12 18:10:37'),
(314, 'mail829817@test.com', 'U617458839w', 'face314.png', '金芷瑄', '1995-12-05', 'H131531514', '男', '新北市雙溪區', 170, 63, '魔羯座', 'O', '無', '酒豪', '國中', '飛行機師', '生命移動', '0911789549', '2023-07-12 18:10:37'),
(315, 'mail715599@test.com', 'E913784739u', 'face315.png', '官羽彤', '1995-07-16', 'P159958432', '女', '臺北市大同區', 189, 95, '處女座', 'O', '無', '酒豪', '國中', '護理長', '公開固定水晶', '0911504290', '2023-07-12 18:10:37'),
(316, 'mail28711@test.com', 'P895917742o', 'face316.png', '鄧雅琪', '1989-09-17', 'Z158867831', '男', '新北市板橋區', 170, 88, '雙子座', 'B', '有', '酒豪', '國小', '船上作業人員', '幾天肯定先後焦點既然和他熱情主機邀請搜尋引擎面前，女性建材什麼', '0911676485', '2023-07-12 18:10:37'),
(317, 'mail298431@test.com', 'N928997619p', 'face317.png', '樊品蓁', '1998-10-02', 'U220489659', '男', '基隆市七堵區', 194, 57, '巨蟹座', 'AB', '有', '酒豪', '博士', '聯結車司機', '站內死了機會', '0911957297', '2023-07-12 18:10:37'),
(318, 'mail31178@test.com', 'I136891562a', 'face318.png', '苗家瑋', '1986-01-12', 'P112383302', '男', '新北市鶯歌區', 184, 99, '雙魚座', 'O', '無', '滴酒不沾', '國中', '船上作業人員', '也可保健避免什麼黑', '0911147853', '2023-07-12 18:10:37'),
(319, 'mail984167@test.com', 'U658398605u', 'face319.png', '刁奕翔', '1998-12-27', 'K166330591', '男', '新北市五股區', 183, 80, '天蠍座', 'AB', '有', '酒豪', '學士', '系統分析師', '站內死了機會', '0911595453', '2023-07-12 18:10:37'),
(320, 'mail203124@test.com', 'J374995437k', 'face320.png', '古冠霆', '1987-12-11', 'U231592158', '男', '基隆市信義區', 193, 90, '射手座', 'O', '無', '小酌', '高中', '護理長', '站內死了機會', '0911987024', '2023-07-12 18:10:37'),
(321, 'mail810585@test.com', 'U290907494d', 'face321.png', '吳品蓁', '1989-04-02', 'E245051878', '男', '新北市三峽區', 174, 63, '天秤座', 'A', '有', '滴酒不沾', '碩士', '建築師', '發現其中疾病編輯通過級別太多律師寶寶比如', '0911487122', '2023-07-12 18:10:37'),
(322, 'mail141472@test.com', 'Z510468495w', 'face322.png', '林靖淳', '1992-06-06', 'G114645699', '女', '新北市鶯歌區', 164, 80, '魔羯座', 'B', '有', '小酌', '博士', '護理長', '上午日誌一位會計本人第一個人類靜靜', '0911289355', '2023-07-12 18:10:37'),
(323, 'mail650093@test.com', 'X254631119r', 'face323.png', '應俊傑', '1988-11-22', 'Z187980771', '女', '臺北市文山區', 196, 84, '雙子座', 'B', '有', '小酌', '碩士', '空服人員', '也可保健避免什麼黑', '0911684347', '2023-07-12 18:10:37'),
(324, 'mail290917@test.com', 'B305977923u', 'face324.png', '程承祐', '1994-02-27', 'N258163963', '女', '新北市汐止區', 184, 40, '魔羯座', 'B', '有', '滴酒不沾', '博士', '飛行機師', '幾天肯定先後焦點既然和他熱情主機邀請搜尋引擎面前，女性建材什麼', '0911337039', '2023-07-12 18:10:37'),
(325, 'mail402750@test.com', 'R811462050d', 'face325.png', '巫哲瑋', '1991-05-27', 'M242293181', '男', '新北市三重區', 158, 53, '獅子座', 'O', '無', '小酌', '碩士', '飛行機師', '幾天肯定先後焦點既然和他熱情主機邀請搜尋引擎面前，女性建材什麼', '0911601011', '2023-07-12 18:10:37'),
(326, 'mail611401@test.com', 'H380445977h', 'face326.png', '俞丞恩', '1986-04-17', 'C135592167', '男', '新北市三芝區', 159, 48, '雙子座', 'O', '無', '酒豪', '博士', '藝術總監', '也可保健避免什麼黑', '0911792828', '2023-07-12 18:10:37'),
(327, 'mail71284@test.com', 'E726133416h', 'face327.png', '陶芷涵', '1999-01-16', 'F229672594', '女', '基隆市暖暖區', 168, 80, '巨蟹座', 'B', '無', '滴酒不沾', '博士', '律師', '上午日誌一位會計本人第一個人類靜靜', '0911294961', '2023-07-12 18:10:37'),
(328, 'mail943533@test.com', 'V419732584o', 'face328.png', '畢怡靜', '1992-02-29', 'P258044154', '女', '臺北市萬華區', 163, 66, '金牛座', 'A', '無', '酒豪', '高中', '船上作業人員', '也可保健避免什麼黑', '0911910510', '2023-07-12 18:10:37'),
(329, 'mail552518@test.com', 'H835332090k', 'face329.png', '余子恩', '1996-07-09', 'H168536885', '女', '新北市板橋區', 153, 61, '射手座', 'B', '有', '滴酒不沾', '博士', '醫師', '幾天肯定先後焦點既然和他熱情主機邀請搜尋引擎面前，女性建材什麼', '0911425922', '2023-07-12 18:10:37'),
(330, 'mail340019@test.com', 'H169185730w', 'face330.png', '花承勳', '1991-04-06', 'N250372888', '女', '新北市永和區', 153, 67, '天秤座', 'AB', '無', '滴酒不沾', '博士', '麻醉醫師', '生命移動', '0911543482', '2023-07-12 18:10:37'),
(331, 'mail463626@test.com', 'P549803316j', 'face331.png', '詹俞安', '1985-06-05', 'U236356215', '女', '基隆市信義區', 194, 89, '雙魚座', 'B', '有', '滴酒不沾', '碩士', '系統分析師', '上午日誌一位會計本人第一個人類靜靜', '0911392292', '2023-07-12 18:10:37'),
(332, 'mail531838@test.com', 'Q566571488u', 'face332.png', '車羽彤', '1996-12-21', 'Z258418971', '男', '基隆市安樂區', 179, 86, '巨蟹座', 'AB', '有', '酒豪', '國中', '中醫師', '站內死了機會', '0911712557', '2023-07-12 18:10:37'),
(333, 'mail498345@test.com', 'S395246375u', 'face333.png', '項子恩', '1989-09-19', 'T177703212', '女', '新北市石碇區', 155, 46, '魔羯座', 'A', '無', '小酌', '高中', '系統分析師', '發現其中疾病編輯通過級別太多律師寶寶比如', '0911250068', '2023-07-12 18:10:37'),
(334, 'mail600461@test.com', 'C255701890b', 'face334.png', '黃奕安', '1999-05-24', 'A170651780', '女', '新北市萬里區', 189, 68, '水瓶座', 'B', '有', '小酌', '學士', '護理長', '上午日誌一位會計本人第一個人類靜靜', '0911399832', '2023-07-12 18:10:37'),
(335, 'mail240229@test.com', 'J119139324k', 'face335.png', '雲宜庭', '1995-05-05', 'O273977411', '男', '新北市坪林區', 156, 50, '魔羯座', 'A', '有', '酒豪', '國小', '空服人員', '生命移動', '0911873218', '2023-07-12 18:10:37'),
(336, 'mail581149@test.com', 'A327093735b', 'face336.png', '孔承佑', '1992-12-09', 'V137960435', '女', '新北市三峽區', 171, 62, '魔羯座', 'B', '無', '酒豪', '高中', '醫學美容', '站內死了機會', '0911531866', '2023-07-12 18:10:37'),
(337, 'mail965349@test.com', 'G543815943t', 'face337.png', '卓鈺婷', '1996-10-24', 'Z117983532', '男', '臺北市北投區', 170, 102, '金牛座', 'B', '有', '酒豪', '國小', '聯結車司機', '上午日誌一位會計本人第一個人類靜靜', '0911443170', '2023-07-12 18:10:37'),
(338, 'mail183681@test.com', 'G202728859j', 'face338.png', '包柏宇', '1993-05-14', 'C186053787', '女', '基隆市信義區', 199, 105, '牡羊座', 'AB', '有', '酒豪', '學士', '牙醫師', '上午日誌一位會計本人第一個人類靜靜', '0911913100', '2023-07-12 18:10:37'),
(339, 'mail620802@test.com', 'D430936434g', 'face339.png', '佘佳恩', '1991-12-17', 'B182427873', '男', '新北市汐止區', 176, 68, '獅子座', 'O', '有', '小酌', '博士', '牙醫師', '也可保健避免什麼黑', '0911792051', '2023-07-12 18:10:37'),
(340, 'mail616541@test.com', 'J617551935b', 'face340.png', '佘家瑜', '1985-12-30', 'V157779189', '女', '臺北市南港區', 198, 96, '金牛座', 'O', '無', '酒豪', '學士', '醫師', '發現其中疾病編輯通過級別太多律師寶寶比如', '0911783177', '2023-07-12 18:10:37'),
(341, 'mail300615@test.com', 'Z949788795w', 'face341.png', '康宇辰', '1998-02-15', 'V259155421', '女', '新北市淡水區', 179, 48, '雙子座', 'B', '有', '滴酒不沾', '博士', '船上作業人員', '上午日誌一位會計本人第一個人類靜靜', '0911301794', '2023-07-12 18:10:37'),
(342, 'mail832844@test.com', 'C806646484j', 'face342.png', '傅柏霖', '1998-12-26', 'V225383588', '女', '新北市貢寮區', 196, 101, '巨蟹座', 'AB', '無', '酒豪', '國小', '空服人員', '生命移動', '0911980406', '2023-07-12 18:10:37'),
(343, 'mail38844@test.com', 'N769764122e', 'face343.png', '幸子恩', '1991-04-30', 'T153446900', '男', '新北市平溪區', 154, 43, '獅子座', 'AB', '無', '小酌', '國中', '船上作業人員', '幾天肯定先後焦點既然和他熱情主機邀請搜尋引擎面前，女性建材什麼', '0911167370', '2023-07-12 18:10:37'),
(344, 'mail152439@test.com', 'M337287556q', 'face344.png', '屈彥丞', '1996-02-13', 'C240583215', '女', '新北市三峽區', 156, 74, '雙子座', 'AB', '有', '小酌', '碩士', '藝術總監', '生命移動', '0911919786', '2023-07-12 18:10:37'),
(345, 'mail137672@test.com', 'O888166971f', 'face345.png', '甘雅琪', '1996-08-12', 'H237033091', '女', '新北市樹林區', 174, 100, '射手座', 'A', '無', '酒豪', '碩士', '牙醫師', '也可保健避免什麼黑', '0911920148', '2023-07-12 18:10:37'),
(346, 'mail469820@test.com', 'T788649907a', 'face346.png', '文品睿', '1990-03-11', 'U174456264', '女', '新北市汐止區', 162, 40, '金牛座', 'AB', '有', '酒豪', '博士', '建築師', '幾天肯定先後焦點既然和他熱情主機邀請搜尋引擎面前，女性建材什麼', '0911785452', '2023-07-12 18:10:37'),
(347, 'mail470665@test.com', 'C287952031m', 'face347.png', '俞詩晴', '1987-03-28', 'A152474489', '女', '新北市中和區', 193, 90, '魔羯座', 'B', '無', '酒豪', '博士', '數位IC設計工程師', '發現其中疾病編輯通過級別太多律師寶寶比如', '0911258361', '2023-07-12 18:10:37'),
(348, 'mail794802@test.com', 'N720764070q', 'face348.png', '張俊諺', '1999-07-26', 'D132392540', '男', '臺北市大安區', 170, 47, '天蠍座', 'B', '無', '滴酒不沾', '高中', '建築師', '生命移動', '0911981574', '2023-07-12 18:10:37'),
(349, 'mail623276@test.com', 'N718608784n', 'face349.png', '許妍蓁', '1996-11-30', 'B291986436', '女', '新北市新莊區', 194, 90, '處女座', 'B', '無', '滴酒不沾', '學士', '藝術總監', '公開固定水晶', '0911653337', '2023-07-12 18:10:37'),
(350, 'mail522770@test.com', 'K949307599r', 'face350.png', '符瑋庭', '1999-07-09', 'O194185648', '女', '新北市泰山區', 198, 101, '雙子座', 'AB', '無', '酒豪', '碩士', 'IC設計工程師', '生命移動', '0911651470', '2023-07-12 18:10:37'),
(351, 'mail288441@test.com', 'B463693213s', 'face351.png', '宮子豪', '1986-06-12', 'D179463139', '女', '新北市板橋區', 159, 96, '天蠍座', 'B', '有', '小酌', '博士', '數位IC設計工程師', '上午日誌一位會計本人第一個人類靜靜', '0911435051', '2023-07-12 18:10:37'),
(352, 'mail571261@test.com', 'Z958056373y', 'face352.png', '嚴宥鈞', '1998-05-17', 'P250979482', '女', '新北市土城區', 174, 103, '牡羊座', 'B', '無', '小酌', '國中', '醫學美容', '站內死了機會', '0911361769', '2023-07-12 18:10:37'),
(353, 'mail613292@test.com', 'N874163272t', 'face353.png', '江姿穎', '1994-01-08', 'K178590642', '女', '臺北市大同區', 179, 98, '巨蟹座', 'AB', '無', '滴酒不沾', '高中', '艙面部船員', '站內死了機會', '0911953613', '2023-07-12 18:10:37'),
(354, 'mail723084@test.com', 'B590078473f', 'face354.png', '董柏丞', '1997-07-30', 'B283797946', '男', '新北市新莊區', 151, 91, '巨蟹座', 'A', '無', '滴酒不沾', '碩士', '醫學美容', '上午日誌一位會計本人第一個人類靜靜', '0911860724', '2023-07-12 18:10:37'),
(355, 'mail122205@test.com', 'K920058370u', 'face355.png', '賀博鈞', '1997-12-28', 'X114008702', '男', '新北市新莊區', 162, 73, '巨蟹座', 'O', '有', '滴酒不沾', '國小', '船上作業人員', '幾天肯定先後焦點既然和他熱情主機邀請搜尋引擎面前，女性建材什麼', '0911138351', '2023-07-12 18:10:37'),
(356, 'mail563485@test.com', 'F297786361p', 'face356.png', '劉宥丞', '1991-11-17', 'C299237078', '女', '新北市三芝區', 181, 57, '金牛座', 'B', '無', '酒豪', '博士', '艙面部船員', '站內死了機會', '0911656585', '2023-07-12 18:10:37'),
(357, 'mail631536@test.com', 'C796139172c', 'face357.png', '楊怡安', '1995-11-27', 'W273546858', '女', '新北市林口區', 186, 108, '魔羯座', 'A', '有', '酒豪', '國小', '律師', '也可保健避免什麼黑', '0911990600', '2023-07-12 18:10:37'),
(358, 'mail771536@test.com', 'Z563992246o', 'face358.png', '宮凱文', '1985-01-21', 'B230878003', '女', '新北市石門區', 188, 85, '天蠍座', 'O', '有', '滴酒不沾', '學士', '類比IC設計工程師', '幾天肯定先後焦點既然和他熱情主機邀請搜尋引擎面前，女性建材什麼', '0911226937', '2023-07-12 18:10:37'),
(359, 'mail780881@test.com', 'G878435368w', 'face359.png', '田宥丞', '1987-03-02', 'Z186913523', '男', '新北市深坑區', 196, 50, '雙子座', 'O', '無', '酒豪', '高中', '聯結車司機', '幾天肯定先後焦點既然和他熱情主機邀請搜尋引擎面前，女性建材什麼', '0911684525', '2023-07-12 18:10:37'),
(360, 'mail13002@test.com', 'L399374250l', 'face360.png', '佘芷萱', '1996-06-06', 'O235735017', '男', '新北市鶯歌區', 187, 106, '獅子座', 'B', '有', '酒豪', '國中', '藥師輪機部船員', '生命移動', '0911700385', '2023-07-12 18:10:37'),
(361, 'mail967034@test.com', 'Q459926217r', 'face361.png', '單宣妤', '1998-12-22', 'S117169897', '女', '新北市深坑區', 162, 88, '天秤座', 'B', '有', '酒豪', '碩士', '數位IC設計工程師', '公開固定水晶', '0911146128', '2023-07-12 18:10:37'),
(362, 'mail845375@test.com', 'O546970776x', 'face362.png', '魯柏凱', '1988-08-26', 'B279628775', '女', '新北市新莊區', 174, 88, '天蠍座', 'A', '有', '小酌', '碩士', '聯結車司機', '上午日誌一位會計本人第一個人類靜靜', '0911771670', '2023-07-12 18:10:37'),
(363, 'mail881392@test.com', 'N952023874t', 'face363.png', '詹冠霆', '1985-03-10', 'J265529103', '男', '臺北市內湖區', 157, 84, '獅子座', 'AB', '無', '酒豪', '碩士', 'IC設計工程師', '生命移動', '0911234876', '2023-07-12 18:10:37'),
(364, 'mail92720@test.com', 'H599349692j', 'face364.png', '段景翔', '1996-10-09', 'F232942096', '女', '臺北市信義區', 193, 97, '水瓶座', 'B', '有', '小酌', '學士', '系統分析師', '也可保健避免什麼黑', '0911542862', '2023-07-12 18:10:37'),
(365, 'mail188180@test.com', 'H304737194o', 'face365.png', '毛冠妤', '1994-01-19', 'A292036504', '女', '新北市八里區', 182, 82, '巨蟹座', 'AB', '無', '酒豪', '高中', '藝術總監', '上午日誌一位會計本人第一個人類靜靜', '0911508353', '2023-07-12 18:10:37'),
(366, 'mail842382@test.com', 'A235956205j', 'face366.png', '胡俞安', '1995-02-13', 'J162475191', '男', '臺北市萬華區', 162, 68, '雙子座', 'O', '有', '小酌', '學士', '艙面部船員', '發現其中疾病編輯通過級別太多律師寶寶比如', '0911909531', '2023-07-12 18:10:37'),
(367, 'mail464283@test.com', 'D339427310h', 'face367.png', '路佳妤', '1995-11-24', 'Q130160250', '男', '新北市貢寮區', 162, 101, '水瓶座', 'O', '無', '滴酒不沾', '國小', '藝術總監', '公開固定水晶', '0911715100', '2023-07-12 18:10:37'),
(368, 'mail25165@test.com', 'T673570953w', 'face368.png', '焦俊傑', '1995-12-09', 'W137245975', '男', '新北市中和區', 194, 104, '巨蟹座', 'O', '有', '小酌', '高中', '律師', '公開固定水晶', '0911101609', '2023-07-12 18:10:37'),
(369, 'mail600629@test.com', 'W206986135x', 'face369.png', '解家銘', '1989-03-25', 'L163099004', '女', '新北市石碇區', 178, 104, '金牛座', 'B', '無', '酒豪', '國中', '系統分析師', '站內死了機會', '0911385980', '2023-07-12 18:10:37'),
(370, 'mail50834@test.com', 'I530323089h', 'face370.png', '闕哲瑋', '1999-02-17', 'A191493869', '女', '新北市萬里區', 152, 97, '天秤座', 'B', '有', '滴酒不沾', '博士', '藥師輪機部船員', '公開固定水晶', '0911770109', '2023-07-12 18:10:37'),
(371, 'mail365094@test.com', 'C847758032x', 'face371.png', '凃宥任', '1997-05-18', 'J289849354', '男', '新北市鶯歌區', 173, 77, '魔羯座', 'O', '無', '小酌', '博士', '藝術總監', '上午日誌一位會計本人第一個人類靜靜', '0911706865', '2023-07-12 18:10:37'),
(372, 'mail180756@test.com', 'N630546653z', 'face372.png', '諶柏凱', '1992-02-01', 'N254158362', '男', '新北市鶯歌區', 193, 99, '水瓶座', 'AB', '無', '滴酒不沾', '碩士', '聯結車司機', '上午日誌一位會計本人第一個人類靜靜', '0911708216', '2023-07-12 18:10:37'),
(373, 'mail71401@test.com', 'W464925287x', 'face373.png', '侯柏辰', '1999-12-18', 'Q233639856', '男', '新北市鶯歌區', 195, 64, '金牛座', 'AB', '無', '酒豪', '國小', '藥師輪機部船員', '幾天肯定先後焦點既然和他熱情主機邀請搜尋引擎面前，女性建材什麼', '0911275395', '2023-07-12 18:10:37'),
(374, 'mail809620@test.com', 'C287932973w', 'face374.png', '牛宣妤', '1995-12-22', 'L119402172', '女', '新北市三重區', 182, 103, '巨蟹座', 'O', '有', '酒豪', '國小', '數位IC設計工程師', '生命移動', '0911337633', '2023-07-12 18:10:37'),
(375, 'mail355860@test.com', 'N616497503w', 'face375.png', '喬冠妤', '1995-01-11', 'D162578747', '男', '新北市鶯歌區', 197, 110, '天秤座', 'B', '有', '酒豪', '高中', '中醫師', '幾天肯定先後焦點既然和他熱情主機邀請搜尋引擎面前，女性建材什麼', '0911818124', '2023-07-12 18:10:37'),
(376, 'mail21014@test.com', 'C759150739s', 'face376.png', '喬奕翔', '1988-11-18', 'G198024798', '男', '基隆市信義區', 190, 109, '天秤座', 'AB', '有', '小酌', '碩士', '麻醉醫師', '生命移動', '0911889235', '2023-07-12 18:10:37'),
(377, 'mail101157@test.com', 'C788412477m', 'face377.png', '陽冠穎', '1985-12-04', 'L271504141', '男', '新北市樹林區', 160, 60, '處女座', 'AB', '有', '酒豪', '高中', '牙醫師', '站內死了機會', '0911533443', '2023-07-12 18:10:37'),
(378, 'mail235636@test.com', 'K923028174i', 'face378.png', '陳秉諺', '1994-12-30', 'V179080182', '男', '新北市貢寮區', 172, 69, '射手座', 'B', '無', '滴酒不沾', '學士', '中醫師', '上午日誌一位會計本人第一個人類靜靜', '0911879247', '2023-07-12 18:10:37'),
(379, 'mail672981@test.com', 'U166414732m', 'face379.png', '鄞俊傑', '1985-09-15', 'P125708401', '男', '新北市土城區', 160, 93, '巨蟹座', 'B', '無', '小酌', '國中', '聯結車司機', '上午日誌一位會計本人第一個人類靜靜', '0911133148', '2023-07-12 18:10:37'),
(380, 'mail320650@test.com', 'R539992845y', 'face380.png', '湯子涵', '1986-09-02', 'K286417996', '男', '基隆市暖暖區', 182, 103, '巨蟹座', 'AB', '有', '滴酒不沾', '碩士', '中醫師', '也可保健避免什麼黑', '0911631492', '2023-07-12 18:10:37'),
(381, 'mail609416@test.com', 'V782854296l', 'face381.png', '關芊妤', '1987-11-04', 'D224045227', '男', '新北市汐止區', 157, 95, '雙子座', 'B', '無', '小酌', '碩士', 'IC設計工程師', '幾天肯定先後焦點既然和他熱情主機邀請搜尋引擎面前，女性建材什麼', '0911979458', '2023-07-12 18:10:37'),
(382, 'mail593357@test.com', 'U844130636t', 'face382.png', '邱柏均', '1998-01-21', 'U117624961', '女', '新北市永和區', 156, 86, '雙子座', 'B', '有', '滴酒不沾', '國小', '律師', '生命移動', '0911751725', '2023-07-12 18:10:37'),
(383, 'mail737892@test.com', 'Q966347607i', 'face383.png', '全俊廷', '1994-06-09', 'D157319871', '男', '新北市烏來區', 176, 64, '魔羯座', 'A', '有', '酒豪', '高中', '律師', '公開固定水晶', '0911561740', '2023-07-12 18:10:37'),
(384, 'mail370387@test.com', 'C885287026a', 'face384.png', '賈庭瑋', '1989-07-16', 'M269884518', '男', '臺北市大同區', 184, 43, '天秤座', 'AB', '有', '滴酒不沾', '學士', '牙醫師', '公開固定水晶', '0911992754', '2023-07-12 18:10:37'),
(385, 'mail567586@test.com', 'E581765421m', 'face385.png', '虞宇恩', '1995-01-22', 'R227274336', '女', '臺北市北投區', 198, 81, '雙子座', 'A', '無', '小酌', '國中', '數位IC設計工程師', '上午日誌一位會計本人第一個人類靜靜', '0911391332', '2023-07-12 18:10:37'),
(386, 'mail257369@test.com', 'M822952942b', 'face386.png', '卓芸瑄', '1994-11-08', 'P128852323', '女', '臺北市士林區', 156, 71, '牡羊座', 'AB', '有', '小酌', '國小', '數位IC設計工程師', '發現其中疾病編輯通過級別太多律師寶寶比如', '0911939793', '2023-07-12 18:10:37'),
(387, 'mail92694@test.com', 'R328364891a', 'face387.png', '瞿佳蓁', '1986-08-26', 'W251715134', '女', '新北市石門區', 189, 49, '巨蟹座', 'A', '無', '滴酒不沾', '國中', '艙面部船員', '上午日誌一位會計本人第一個人類靜靜', '0911703020', '2023-07-12 18:10:37'),
(388, 'mail64572@test.com', 'M738701924d', 'face388.png', '侯詠晴', '1997-08-02', 'I225861655', '男', '新北市泰山區', 200, 97, '處女座', 'AB', '無', '滴酒不沾', '國中', '飛行機師', '生命移動', '0911184799', '2023-07-12 18:10:37'),
(389, 'mail658677@test.com', 'G259306682q', 'face389.png', '安浩宇', '1999-09-23', 'X251100693', '女', '新北市平溪區', 199, 93, '水瓶座', 'A', '有', '酒豪', '國中', '飛行機師', '公開固定水晶', '0911934710', '2023-07-12 18:10:37'),
(390, 'mail19866@test.com', 'J843420722i', 'face390.png', '龐彥均', '1993-11-18', 'Q253901075', '男', '新北市新莊區', 188, 80, '獅子座', 'A', '有', '小酌', '碩士', '藥師輪機部船員', '也可保健避免什麼黑', '0911113310', '2023-07-12 18:10:37'),
(391, 'mail252348@test.com', 'J152442071f', 'face391.png', '曾彥辰', '1993-03-30', 'P143586502', '女', '臺北市士林區', 198, 91, '射手座', 'A', '無', '酒豪', '博士', '數位IC設計工程師', '上午日誌一位會計本人第一個人類靜靜', '0911782062', '2023-07-12 18:10:37'),
(392, 'mail898280@test.com', 'P394375844v', 'face392.png', '幸聖翔', '1986-05-13', 'B221208590', '女', '臺北市萬華區', 195, 66, '射手座', 'O', '無', '滴酒不沾', '博士', '中醫師', '公開固定水晶', '0911761481', '2023-07-12 18:10:37'),
(393, 'mail411384@test.com', 'S987258674p', 'face393.png', '田家瑜', '1991-01-11', 'C278706486', '女', '新北市三峽區', 158, 50, '巨蟹座', 'A', '無', '小酌', '高中', '數位IC設計工程師', '公開固定水晶', '0911247293', '2023-07-12 18:10:37'),
(394, 'mail725891@test.com', 'A422715134h', 'face394.png', '饒思婷', '1990-12-12', 'C215941682', '女', '基隆市仁愛區', 195, 59, '牡羊座', 'AB', '有', '酒豪', '碩士', '建築師', '生命移動', '0911268720', '2023-07-12 18:10:37'),
(395, 'mail33117@test.com', 'O882278872n', 'face395.png', '焦昱廷', '1990-02-03', 'S282220048', '男', '新北市新莊區', 177, 60, '天蠍座', 'A', '有', '酒豪', '學士', 'IC設計工程師', '幾天肯定先後焦點既然和他熱情主機邀請搜尋引擎面前，女性建材什麼', '0911845389', '2023-07-12 18:10:37'),
(396, 'mail305986@test.com', 'T927076823x', 'face396.png', '喬秉叡', '1994-06-27', 'Z234705740', '女', '基隆市信義區', 167, 109, '雙魚座', 'O', '無', '酒豪', '國小', '醫師', '站內死了機會', '0911293329', '2023-07-12 18:10:37'),
(397, 'mail956388@test.com', 'U380084368f', 'face397.png', '滕冠穎', '1988-11-28', 'Z258628628', '女', '新北市三峽區', 197, 91, '牡羊座', 'B', '無', '滴酒不沾', '高中', '艙面部船員', '生命移動', '0911967626', '2023-07-12 18:10:37'),
(398, 'mail699345@test.com', 'V796699578t', 'face398.png', '温柏宏', '1996-08-15', 'N149577816', '男', '新北市金山區', 199, 95, '雙子座', 'O', '無', '小酌', '國中', '麻醉醫師', '發現其中疾病編輯通過級別太多律師寶寶比如', '0911848460', '2023-07-12 18:10:37'),
(399, 'mail724194@test.com', 'B217884717z', 'face399.png', '鄔郁晴', '1987-02-14', 'K292103424', '男', '臺北市松山區', 178, 96, '雙子座', 'A', '無', '滴酒不沾', '高中', '數位IC設計工程師', '公開固定水晶', '0911472831', '2023-07-12 18:10:37'),
(400, 'mail326676@test.com', 'Z827181815s', 'face400.png', '譚宇翔', '1996-07-04', 'A121735915', '男', '新北市淡水區', 185, 82, '天秤座', 'B', '有', '滴酒不沾', '國小', '中醫師', '也可保健避免什麼黑', '0911463893', '2023-07-12 18:10:37'),
(401, 'mail366190@test.com', 'I814998427r', 'face401.png', '劉芷瑄', '1989-02-01', 'R145168097', '男', '新北市三重區', 186, 45, '處女座', 'AB', '無', '小酌', '國中', '飛行機師', '公開固定水晶', '0911796444', '2023-07-12 18:10:37'),
(402, 'mail863746@test.com', 'A154772387n', 'face402.png', '歐宥廷', '1985-06-05', 'S140632472', '男', '臺北市北投區', 187, 65, '魔羯座', 'AB', '無', '酒豪', '高中', '建築師', '生命移動', '0911852129', '2023-07-12 18:10:37'),
(403, 'mail974746@test.com', 'N668447830p', 'face403.png', '繆博鈞', '1988-03-15', 'J213875001', '男', '新北市泰山區', 200, 81, '金牛座', 'B', '無', '酒豪', '碩士', '飛行機師', '幾天肯定先後焦點既然和他熱情主機邀請搜尋引擎面前，女性建材什麼', '0911314105', '2023-07-12 18:10:37'),
(404, 'mail331530@test.com', 'J685894184v', 'face404.png', '歐柏翔', '1986-05-25', 'E112941664', '男', '基隆市信義區', 185, 103, '天秤座', 'A', '無', '酒豪', '國小', '飛行機師', '也可保健避免什麼黑', '0911828267', '2023-07-12 18:10:37'),
(405, 'mail106658@test.com', 'D486021903j', 'face405.png', '季雅涵', '1998-09-24', 'E284924200', '男', '基隆市中正區', 189, 73, '天秤座', 'B', '無', '酒豪', '國小', '護理長', '也可保健避免什麼黑', '0911277412', '2023-07-12 18:10:37'),
(406, 'mail109281@test.com', 'E204865613l', 'face406.png', '余佳蓁', '1994-01-10', 'U152180483', '男', '新北市三重區', 176, 66, '金牛座', 'AB', '無', '滴酒不沾', '國小', '藥師輪機部船員', '發現其中疾病編輯通過級別太多律師寶寶比如', '0911802956', '2023-07-12 18:10:37'),
(407, 'mail265586@test.com', 'K870799144j', 'face407.png', '雷宥均', '1999-04-08', 'I114953814', '女', '新北市貢寮區', 150, 80, '天蠍座', 'B', '無', '酒豪', '學士', '船上作業人員', '幾天肯定先後焦點既然和他熱情主機邀請搜尋引擎面前，女性建材什麼', '0911953152', '2023-07-12 18:10:37'),
(408, 'mail90792@test.com', 'K264772639i', 'face408.png', '許宇哲', '1993-07-06', 'M298456727', '女', '臺北市萬華區', 184, 72, '雙子座', 'O', '無', '滴酒不沾', '高中', '艙面部船員', '也可保健避免什麼黑', '0911656278', '2023-07-12 18:10:37'),
(409, 'mail663656@test.com', 'Z974158989s', 'face409.png', '歐沛璇', '1992-09-26', 'I228117523', '女', '新北市三重區', 157, 58, '水瓶座', 'A', '有', '滴酒不沾', '博士', '系統分析師', '幾天肯定先後焦點既然和他熱情主機邀請搜尋引擎面前，女性建材什麼', '0911128228', '2023-07-12 18:10:37'),
(410, 'mail550427@test.com', 'S352276849t', 'face410.png', '藍欣穎', '1995-05-01', 'Q264299015', '女', '新北市五股區', 165, 43, '牡羊座', 'O', '無', '小酌', '國小', '建築師', '生命移動', '0911415775', '2023-07-12 18:10:37'),
(411, 'mail49029@test.com', 'G414870374q', 'face411.png', '裴奕辰', '1995-11-20', 'O291572827', '男', '新北市貢寮區', 154, 74, '魔羯座', 'A', '有', '滴酒不沾', '高中', '船上作業人員', '公開固定水晶', '0911640232', '2023-07-12 18:10:37'),
(412, 'mail73701@test.com', 'H429508311s', 'face412.png', '黃柏廷', '1990-04-29', 'J185794176', '女', '新北市五股區', 194, 75, '水瓶座', 'O', '有', '酒豪', '學士', '飛行機師', '發現其中疾病編輯通過級別太多律師寶寶比如', '0911159790', '2023-07-12 18:10:37'),
(413, 'mail342961@test.com', 'T695497655e', 'face413.png', '龔子庭', '1996-08-06', 'N221963255', '女', '臺北市萬華區', 175, 53, '獅子座', 'B', '有', '酒豪', '國中', '類比IC設計工程師', '上午日誌一位會計本人第一個人類靜靜', '0911787433', '2023-07-12 18:10:37'),
(414, 'mail847703@test.com', 'B885682623y', 'face414.png', '谷羽涵', '1996-05-22', 'Q279030943', '女', '新北市林口區', 192, 66, '巨蟹座', 'A', '無', '小酌', '碩士', '艙面部船員', '也可保健避免什麼黑', '0911720364', '2023-07-12 18:10:37'),
(415, 'mail797681@test.com', 'G677788121p', 'face415.png', '陶俊廷', '1999-06-30', 'L253655340', '女', '新北市金山區', 194, 50, '魔羯座', 'AB', '無', '酒豪', '碩士', '船上作業人員', '生命移動', '0911566754', '2023-07-12 18:10:37'),
(416, 'mail941517@test.com', 'F469244355n', 'face416.png', '溫昀臻', '1985-10-23', 'N262385290', '男', '臺北市南港區', 180, 98, '雙魚座', 'A', '無', '滴酒不沾', '博士', '律師', '幾天肯定先後焦點既然和他熱情主機邀請搜尋引擎面前，女性建材什麼', '0911850847', '2023-07-12 18:10:37'),
(417, 'mail110774@test.com', 'S692118918f', 'face417.png', '雷佳蓉', '1998-04-01', 'U158905777', '男', '新北市淡水區', 184, 105, '射手座', 'AB', '有', '滴酒不沾', '高中', '醫師', '站內死了機會', '0911762410', '2023-07-12 18:10:37'),
(418, 'mail829349@test.com', 'B953369422w', 'face418.png', '俞佳臻', '1994-05-15', 'F172894842', '女', '基隆市七堵區', 194, 44, '天蠍座', 'AB', '有', '小酌', '國小', '類比IC設計工程師', '發現其中疾病編輯通過級別太多律師寶寶比如', '0911652601', '2023-07-12 18:10:37'),
(419, 'mail63291@test.com', 'C109552500s', 'face419.png', '方瑋庭', '1989-01-11', 'K193023981', '女', '新北市深坑區', 164, 108, '金牛座', 'B', '有', '滴酒不沾', '國小', '醫學美容', '也可保健避免什麼黑', '0911644780', '2023-07-12 18:10:37'),
(420, 'mail750444@test.com', 'H717983975v', 'face420.png', '翟妍蓁', '1987-12-05', 'A279720440', '女', '新北市石碇區', 150, 86, '天秤座', 'B', '有', '酒豪', '博士', '類比IC設計工程師', '上午日誌一位會計本人第一個人類靜靜', '0911415706', '2023-07-12 18:10:37'),
(421, 'mail364529@test.com', 'F376915544a', 'face421.png', '欒佳怡', '1987-04-15', 'Z289458067', '女', '新北市淡水區', 194, 94, '牡羊座', 'O', '有', '酒豪', '學士', '空服人員', '也可保健避免什麼黑', '0911988782', '2023-07-12 18:10:37'),
(422, 'mail694888@test.com', 'P514496772s', 'face422.png', '邢哲維', '1986-06-15', 'A110363918', '女', '新北市五股區', 165, 101, '天蠍座', 'AB', '有', '酒豪', '學士', '護理長', '站內死了機會', '0911702089', '2023-07-12 18:10:37'),
(423, 'mail58807@test.com', 'C584916625x', 'face423.png', '商雅築', '1986-10-07', 'W284178943', '女', '臺北市中山區', 170, 66, '處女座', 'AB', '有', '酒豪', '國小', '數位IC設計工程師', '生命移動', '0911642510', '2023-07-12 18:10:37'),
(424, 'mail201331@test.com', 'C845427547q', 'face424.png', '莫品蓁', '1990-05-26', 'V212420168', '男', '新北市五股區', 170, 59, '雙魚座', 'B', '有', '酒豪', '國中', '醫師', '生命移動', '0911846921', '2023-07-12 18:10:37'),
(425, 'mail793501@test.com', 'M133791862n', 'face425.png', '俞姿妤', '1991-09-15', 'A166191502', '女', '新北市深坑區', 176, 63, '獅子座', 'AB', '有', '小酌', '碩士', '艙面部船員', '發現其中疾病編輯通過級別太多律師寶寶比如', '0911601254', '2023-07-12 18:10:37'),
(426, 'mail281380@test.com', 'J868447181p', 'face426.png', '王俊凱', '1987-06-15', 'R169699236', '女', '基隆市信義區', 157, 106, '金牛座', 'B', '無', '酒豪', '碩士', '牙醫師', '生命移動', '0911364810', '2023-07-12 18:10:37'),
(427, 'mail775189@test.com', 'X872710876v', 'face427.png', '屈柏均', '1999-07-16', 'W286759574', '男', '臺北市南港區', 194, 43, '雙子座', 'AB', '有', '滴酒不沾', '國中', '中醫師', '也可保健避免什麼黑', '0911873539', '2023-07-12 18:10:37'),
(428, 'mail483321@test.com', 'Y317841981h', 'face428.png', '林子瑜', '1987-12-28', 'K212577641', '男', '基隆市仁愛區', 176, 85, '魔羯座', 'B', '無', '滴酒不沾', '高中', '飛行機師', '上午日誌一位會計本人第一個人類靜靜', '0911442888', '2023-07-12 18:10:37'),
(429, 'mail940987@test.com', 'Q828080922p', 'face429.png', '司威廷', '1998-05-10', 'N147988303', '男', '新北市雙溪區', 153, 87, '雙魚座', 'AB', '無', '酒豪', '博士', '藥師輪機部船員', '站內死了機會', '0911262636', '2023-07-12 18:10:37'),
(430, 'mail815354@test.com', 'I649418502y', 'face430.png', '歐庭瑋', '1991-02-26', 'J234229073', '男', '新北市三芝區', 188, 62, '金牛座', 'AB', '無', '酒豪', '博士', '船上作業人員', '站內死了機會', '0911222167', '2023-07-12 18:10:37'),
(431, 'mail313310@test.com', 'B509655865u', 'face431.png', '林佳怡', '1996-06-09', 'E233209416', '男', '臺北市中正區', 177, 51, '魔羯座', 'O', '有', '小酌', '學士', '系統分析師', '也可保健避免什麼黑', '0911471016', '2023-07-12 18:10:37'),
(432, 'mail233028@test.com', 'H423042258p', 'face432.png', '姜柏睿', '1989-06-24', 'E180787418', '女', '新北市烏來區', 181, 40, '金牛座', 'AB', '有', '滴酒不沾', '國小', '聯結車司機', '生命移動', '0911924628', '2023-07-12 18:10:37'),
(433, 'mail218687@test.com', 'X778744153k', 'face433.png', '申智凱', '1992-06-03', 'M253335574', '女', '新北市蘆洲區', 186, 83, '水瓶座', 'A', '無', '滴酒不沾', '博士', '空服人員', '上午日誌一位會計本人第一個人類靜靜', '0911779453', '2023-07-12 18:10:37'),
(434, 'mail952249@test.com', 'L988041693i', 'face434.png', '游佳儀', '1996-06-19', 'J276893411', '女', '新北市新莊區', 185, 42, '金牛座', 'AB', '無', '酒豪', '國小', '類比IC設計工程師', '公開固定水晶', '0911269825', '2023-07-12 18:10:37'),
(435, 'mail778975@test.com', 'M716252782q', 'face435.png', '宋柏鈞', '1986-04-14', 'H233363777', '女', '新北市三重區', 191, 63, '水瓶座', 'O', '無', '滴酒不沾', '博士', '醫師', '發現其中疾病編輯通過級別太多律師寶寶比如', '0911640233', '2023-07-12 18:10:37'),
(436, 'mail197132@test.com', 'E139703360j', 'face436.png', '古彥丞', '1989-10-27', 'U284503995', '女', '新北市板橋區', 199, 42, '水瓶座', 'O', '無', '酒豪', '國中', '藥師輪機部船員', '站內死了機會', '0911367043', '2023-07-12 18:10:37'),
(437, 'mail342663@test.com', 'J731412662c', 'face437.png', '杜靖淳', '1991-09-12', 'H151199479', '男', '新北市三芝區', 183, 56, '金牛座', 'AB', '有', '小酌', '高中', '牙醫師', '幾天肯定先後焦點既然和他熱情主機邀請搜尋引擎面前，女性建材什麼', '0911213971', '2023-07-12 18:10:37'),
(438, 'mail569521@test.com', 'J301307908o', 'face438.png', '鐘子瑄', '1987-11-13', 'J226456016', '女', '新北市新莊區', 186, 80, '金牛座', 'A', '有', '酒豪', '國中', '系統分析師', '生命移動', '0911206661', '2023-07-12 18:10:37'),
(439, 'mail218675@test.com', 'T734835749k', 'face439.png', '倪政諺', '1991-04-14', 'K290813245', '男', '臺北市內湖區', 181, 80, '魔羯座', 'A', '無', '滴酒不沾', '高中', '系統分析師', '站內死了機會', '0911771741', '2023-07-12 18:10:37'),
(440, 'mail132776@test.com', 'Z210575212p', 'face440.png', '陳庭萱', '1994-08-23', 'S212080213', '男', '新北市石碇區', 175, 59, '射手座', 'AB', '無', '滴酒不沾', '國中', '中醫師', '幾天肯定先後焦點既然和他熱情主機邀請搜尋引擎面前，女性建材什麼', '0911167895', '2023-07-12 18:10:37'),
(441, 'mail954120@test.com', 'R782636534b', 'face441.png', '買秉叡', '1997-03-25', 'H185166692', '女', '新北市淡水區', 180, 77, '天秤座', 'A', '無', '酒豪', '國小', '中醫師', '生命移動', '0911453758', '2023-07-12 18:10:37'),
(442, 'mail715369@test.com', 'Y767111872o', 'face442.png', '留柏宏', '1997-08-28', 'O123870189', '女', '臺北市大同區', 184, 67, '雙魚座', 'A', '有', '滴酒不沾', '學士', '艙面部船員', '上午日誌一位會計本人第一個人類靜靜', '0911611914', '2023-07-12 18:10:37'),
(443, 'mail877344@test.com', 'U489802755d', 'face443.png', '費雅雯', '1999-03-26', 'L132228636', '女', '臺北市信義區', 193, 54, '魔羯座', 'AB', '無', '酒豪', '碩士', '藝術總監', '也可保健避免什麼黑', '0911474657', '2023-07-12 18:10:37'),
(444, 'mail924392@test.com', 'E941089759c', 'face444.png', '力郁晴', '1989-11-18', 'E187098814', '女', '臺北市文山區', 184, 50, '牡羊座', 'A', '無', '酒豪', '國中', '藝術總監', '公開固定水晶', '0911995673', '2023-07-12 18:10:37'),
(445, 'mail73504@test.com', 'D274183940h', 'face445.png', '吳郁涵', '1992-04-23', 'X211110379', '男', '新北市三芝區', 174, 110, '天蠍座', 'B', '有', '酒豪', '碩士', '藥師輪機部船員', '站內死了機會', '0911278855', '2023-07-12 18:10:37'),
(446, 'mail370459@test.com', 'R282865434g', 'face446.png', '柯冠宇', '1993-08-30', 'V110807189', '女', '新北市五股區', 160, 75, '雙子座', 'AB', '無', '滴酒不沾', '博士', '中醫師', '發現其中疾病編輯通過級別太多律師寶寶比如', '0911954528', '2023-07-12 18:10:37'),
(447, 'mail705675@test.com', 'M919449700x', 'face447.png', '舒宜君', '1999-05-07', 'O278820297', '女', '臺北市松山區', 169, 42, '牡羊座', 'AB', '有', '酒豪', '國小', '數位IC設計工程師', '站內死了機會', '0911561652', '2023-07-12 18:10:37'),
(448, 'mail61745@test.com', 'S386816953i', 'face448.png', '賴羽彤', '1985-11-13', 'R233948654', '男', '新北市鶯歌區', 186, 76, '天秤座', 'B', '有', '小酌', '國小', '建築師', '發現其中疾病編輯通過級別太多律師寶寶比如', '0911252819', '2023-07-12 18:10:37'),
(449, 'mail226909@test.com', 'W528809873p', 'face449.png', '翟廷宇', '1994-11-09', 'T246188338', '男', '臺北市中正區', 162, 59, '雙子座', 'O', '無', '酒豪', '國小', '船上作業人員', '生命移動', '0911128461', '2023-07-12 18:10:37'),
(450, 'mail82497@test.com', 'O499202821c', 'face450.png', '俞禹彤', '1992-09-14', 'I260291909', '男', '新北市萬里區', 154, 52, '魔羯座', 'AB', '有', '小酌', '學士', '類比IC設計工程師', '發現其中疾病編輯通過級別太多律師寶寶比如', '0911787994', '2023-07-12 18:10:37'),
(451, 'mail749480@test.com', 'U842197189u', 'face451.png', '吳凱翔', '1986-10-24', 'K153566475', '女', '新北市鶯歌區', 165, 84, '牡羊座', 'AB', '無', '滴酒不沾', '國中', '律師', '幾天肯定先後焦點既然和他熱情主機邀請搜尋引擎面前，女性建材什麼', '0911478435', '2023-07-12 18:10:37'),
(452, 'mail639442@test.com', 'J299832475p', 'face452.png', '黄秉叡', '1986-05-09', 'V188976182', '女', '臺北市大安區', 170, 110, '射手座', 'A', '有', '小酌', '國小', 'IC設計工程師', '公開固定水晶', '0911684042', '2023-07-12 18:10:37'),
(453, 'mail797173@test.com', 'G259659297i', 'face453.png', '柳智凱', '1991-03-31', 'P263757908', '男', '基隆市暖暖區', 191, 86, '雙魚座', 'B', '無', '小酌', '國小', '牙醫師', '站內死了機會', '0911543263', '2023-07-12 18:10:37'),
(454, 'mail722652@test.com', 'Z824042698g', 'face454.png', '解昱翔', '1994-08-15', 'Z188102419', '女', '基隆市安樂區', 180, 88, '獅子座', 'A', '無', '酒豪', '學士', '醫學美容', '生命移動', '0911574390', '2023-07-12 18:10:37'),
(455, 'mail340584@test.com', 'Z209693233l', 'face455.png', '曾俊廷', '1986-03-30', 'X193048371', '男', '基隆市中山區', 156, 110, '雙子座', 'B', '無', '小酌', '國小', '藝術總監', '幾天肯定先後焦點既然和他熱情主機邀請搜尋引擎面前，女性建材什麼', '0911374526', '2023-07-12 18:10:37'),
(456, 'mail351216@test.com', 'Q681868549o', 'face456.png', '凃丞恩', '1994-01-24', 'X252747127', '男', '新北市板橋區', 173, 83, '雙魚座', 'O', '有', '滴酒不沾', '國中', '數位IC設計工程師', '也可保健避免什麼黑', '0911672913', '2023-07-12 18:10:37'),
(457, 'mail163082@test.com', 'D677045327v', 'face457.png', '戴心瑜', '1989-02-10', 'U288668642', '男', '新北市樹林區', 199, 110, '金牛座', 'AB', '有', '小酌', '國小', '律師', '生命移動', '0911338979', '2023-07-12 18:10:37'),
(458, 'mail896359@test.com', 'S378186921y', 'face458.png', '張簡郁婷', '1995-11-22', 'R288036032', '男', '新北市三重區', 162, 67, '魔羯座', 'AB', '有', '滴酒不沾', '博士', '律師', '發現其中疾病編輯通過級別太多律師寶寶比如', '0911473650', '2023-07-12 18:10:37'),
(459, 'mail579531@test.com', 'D113217761u', 'face459.png', '巫怡蓁', '1998-10-29', 'I227183662', '男', '新北市新莊區', 159, 61, '雙魚座', 'AB', '無', '酒豪', '學士', '中醫師', '幾天肯定先後焦點既然和他熱情主機邀請搜尋引擎面前，女性建材什麼', '0911549919', '2023-07-12 18:10:37'),
(460, 'mail416827@test.com', 'N806333462z', 'face460.png', '陶冠穎', '1997-04-10', 'W198974736', '女', '臺北市萬華區', 160, 51, '金牛座', 'B', '有', '酒豪', '學士', '藥師輪機部船員', '幾天肯定先後焦點既然和他熱情主機邀請搜尋引擎面前，女性建材什麼', '0911298678', '2023-07-12 18:10:37'),
(461, 'mail605489@test.com', 'X749308686y', 'face461.png', '桂宥翔', '1994-06-12', 'M154895822', '男', '臺北市中正區', 170, 41, '雙魚座', 'O', '無', '滴酒不沾', '博士', '艙面部船員', '幾天肯定先後焦點既然和他熱情主機邀請搜尋引擎面前，女性建材什麼', '0911906880', '2023-07-12 18:10:37'),
(462, 'mail707005@test.com', 'F709197279r', 'face462.png', '艾彥辰', '1996-05-04', 'P189024678', '男', '新北市三芝區', 180, 43, '雙子座', 'B', '無', '小酌', '碩士', '類比IC設計工程師', '上午日誌一位會計本人第一個人類靜靜', '0911453077', '2023-07-12 18:10:37'),
(463, 'mail764681@test.com', 'N459388344x', 'face463.png', '鄧宜臻', '1998-07-08', 'P254326029', '男', '基隆市暖暖區', 153, 86, '處女座', 'A', '無', '小酌', '國小', '醫師', '幾天肯定先後焦點既然和他熱情主機邀請搜尋引擎面前，女性建材什麼', '0911254097', '2023-07-12 18:10:37'),
(464, 'mail152302@test.com', 'U507170990i', 'face464.png', '符家豪', '1992-05-18', 'K250762882', '男', '新北市平溪區', 161, 107, '天蠍座', 'AB', '有', '酒豪', '博士', '藝術總監', '生命移動', '0911220518', '2023-07-12 18:10:37'),
(465, 'mail92311@test.com', 'D947064479u', 'face465.png', '劉雅雯', '1998-02-05', 'A257770831', '女', '新北市永和區', 170, 106, '金牛座', 'O', '無', '滴酒不沾', '學士', '藥師輪機部船員', '公開固定水晶', '0911424621', '2023-07-12 18:10:37'),
(466, 'mail814943@test.com', 'T297246944p', 'face466.png', '胡子萱', '1987-01-14', 'V163211003', '男', '新北市林口區', 200, 48, '巨蟹座', 'A', '有', '滴酒不沾', '國小', '系統分析師', '發現其中疾病編輯通過級別太多律師寶寶比如', '0911968014', '2023-07-12 18:10:37'),
(467, 'mail615228@test.com', 'A735137730c', 'face467.png', '溫承恩', '1993-01-30', 'G265870735', '男', '新北市鶯歌區', 173, 77, '巨蟹座', 'A', '無', '酒豪', '碩士', '醫學美容', '也可保健避免什麼黑', '0911333298', '2023-07-12 18:10:37'),
(468, 'mail600088@test.com', 'T386367103y', 'face468.png', '苗宥霖', '1988-11-10', 'G114536528', '男', '新北市三芝區', 177, 81, '水瓶座', 'B', '無', '滴酒不沾', '博士', 'IC設計工程師', '生命移動', '0911472965', '2023-07-12 18:10:37'),
(469, 'mail693651@test.com', 'W933573757i', 'face469.png', '尹郁晴', '1994-11-07', 'Y141489527', '女', '新北市永和區', 182, 56, '射手座', 'A', '無', '酒豪', '碩士', '建築師', '站內死了機會', '0911495829', '2023-07-12 18:10:37'),
(470, 'mail465087@test.com', 'C225918519l', 'face470.png', '鍾祐嘉', '1991-09-26', 'W228544933', '女', '新北市石門區', 179, 77, '雙子座', 'O', '無', '小酌', '博士', '醫師', '上午日誌一位會計本人第一個人類靜靜', '0911318161', '2023-07-12 18:10:37'),
(471, 'mail940997@test.com', 'V425761386d', 'face471.png', '穆承諺', '1990-01-20', 'I129223622', '男', '基隆市七堵區', 176, 88, '金牛座', 'AB', '有', '小酌', '國中', '飛行機師', '上午日誌一位會計本人第一個人類靜靜', '0911986551', '2023-07-12 18:10:37'),
(472, 'mail692219@test.com', 'J378544167l', 'face472.png', '白冠霆', '1986-06-09', 'H151884044', '男', '新北市平溪區', 164, 48, '巨蟹座', 'B', '有', '滴酒不沾', '高中', '醫師', '上午日誌一位會計本人第一個人類靜靜', '0911147268', '2023-07-12 18:10:37'),
(473, 'mail339854@test.com', 'F381658229n', 'face473.png', '耿宥蓁', '1996-09-07', 'V182840382', '女', '新北市新店區', 170, 44, '巨蟹座', 'AB', '有', '酒豪', '學士', '艙面部船員', '站內死了機會', '0911875415', '2023-07-12 18:10:37'),
(474, 'mail540084@test.com', 'R782548133q', 'face474.png', '瞿宣妤', '1998-06-10', 'J152063826', '女', '臺北市內湖區', 174, 106, '巨蟹座', 'B', '無', '酒豪', '碩士', '艙面部船員', '上午日誌一位會計本人第一個人類靜靜', '0911265044', '2023-07-12 18:10:37'),
(475, 'mail450660@test.com', 'Q953816487o', 'face475.png', '温昱凱', '1985-11-22', 'Z273564276', '男', '基隆市暖暖區', 198, 109, '水瓶座', 'O', '無', '酒豪', '學士', '系統分析師', '也可保健避免什麼黑', '0911382291', '2023-07-12 18:10:37');
INSERT INTO `member` (`member_id`, `email`, `password`, `images`, `member_name`, `member_birth`, `id_number`, `gender`, `location`, `height`, `weight`, `zodiac`, `bloodtype`, `smoke`, `alchohol`, `education_level`, `job`, `profile`, `mobile`, `create_at`) VALUES
(476, 'mail665636@test.com', 'W500038101e', 'face476.png', '施佩珊', '1998-04-10', 'U216232751', '男', '新北市樹林區', 152, 103, '魔羯座', 'A', '有', '滴酒不沾', '學士', '飛行機師', '幾天肯定先後焦點既然和他熱情主機邀請搜尋引擎面前，女性建材什麼', '0911617689', '2023-07-12 18:10:37'),
(477, 'mail334777@test.com', 'X978688404a', 'face477.png', '滕宗翰', '1997-04-20', 'L220656115', '女', '基隆市中山區', 157, 77, '射手座', 'O', '有', '滴酒不沾', '碩士', '藝術總監', '公開固定水晶', '0911896408', '2023-07-12 18:10:37'),
(478, 'mail280655@test.com', 'Q663915223b', 'face478.png', '費承勳', '1991-07-29', 'V160943490', '男', '新北市板橋區', 197, 45, '處女座', 'A', '有', '酒豪', '碩士', '艙面部船員', '生命移動', '0911934807', '2023-07-12 18:10:37'),
(479, 'mail239313@test.com', 'U398481446r', 'face479.png', '姚佳儀', '1987-05-11', 'O153401687', '女', '新北市汐止區', 191, 96, '天秤座', 'A', '無', '酒豪', '國小', '牙醫師', '公開固定水晶', '0911701068', '2023-07-12 18:10:37'),
(480, 'mail679379@test.com', 'W920753179t', 'face480.png', '谷靖雯', '1985-02-19', 'B230679617', '女', '新北市汐止區', 165, 74, '牡羊座', 'O', '有', '酒豪', '碩士', '藝術總監', '幾天肯定先後焦點既然和他熱情主機邀請搜尋引擎面前，女性建材什麼', '0911487344', '2023-07-12 18:10:37'),
(481, 'mail876962@test.com', 'I781512327y', 'face481.png', '齊睿恩', '1985-10-19', 'R220991382', '男', '新北市五股區', 162, 107, '牡羊座', 'A', '無', '酒豪', '博士', '律師', '上午日誌一位會計本人第一個人類靜靜', '0911787670', '2023-07-12 18:10:37'),
(482, 'mail475074@test.com', 'O293821759x', 'face482.png', '欒佳穎', '1996-02-25', 'B215683490', '女', '基隆市信義區', 180, 51, '射手座', 'B', '無', '酒豪', '國小', '醫師', '上午日誌一位會計本人第一個人類靜靜', '0911555596', '2023-07-12 18:10:37'),
(483, 'mail11038@test.com', 'D672042438b', 'face483.png', '包宇哲', '1986-03-28', 'D196970189', '男', '臺北市文山區', 178, 92, '天蠍座', 'B', '無', '滴酒不沾', '國小', 'IC設計工程師', '生命移動', '0911530471', '2023-07-12 18:10:37'),
(484, 'mail715311@test.com', 'P614606837f', 'face484.png', '左秉叡', '1995-09-06', 'V120193266', '女', '新北市萬里區', 174, 76, '天秤座', 'A', '有', '滴酒不沾', '學士', '牙醫師', '站內死了機會', '0911495081', '2023-07-12 18:10:37'),
(485, 'mail450843@test.com', 'H813712356c', 'face485.png', '葉柏勳', '1986-09-03', 'E192262179', '男', '臺北市南港區', 196, 77, '水瓶座', 'A', '有', '小酌', '碩士', '數位IC設計工程師', '公開固定水晶', '0911867831', '2023-07-12 18:10:37'),
(486, 'mail323697@test.com', 'A936041451w', 'face486.png', '季柏毅', '1995-10-28', 'Q182015049', '女', '臺北市中山區', 162, 101, '水瓶座', 'A', '無', '酒豪', '高中', '數位IC設計工程師', '公開固定水晶', '0911178463', '2023-07-12 18:10:37'),
(487, 'mail102717@test.com', 'Z328638851y', 'face487.png', '顧宇宸', '1997-09-10', 'Q184353688', '女', '臺北市信義區', 198, 72, '巨蟹座', 'AB', '無', '小酌', '高中', '藥師輪機部船員', '幾天肯定先後焦點既然和他熱情主機邀請搜尋引擎面前，女性建材什麼', '0911305554', '2023-07-12 18:10:37'),
(488, 'mail691927@test.com', 'H858778337w', 'face488.png', '官俊宇', '1988-01-04', 'H282080408', '男', '新北市新莊區', 160, 81, '魔羯座', 'B', '無', '酒豪', '高中', '藝術總監', '上午日誌一位會計本人第一個人類靜靜', '0911298202', '2023-07-12 18:10:37'),
(489, 'mail468026@test.com', 'H910635826r', 'face489.png', '單秉軒', '1990-03-30', 'V278226351', '男', '基隆市七堵區', 186, 61, '巨蟹座', 'O', '有', '滴酒不沾', '碩士', '醫師', '站內死了機會', '0911364414', '2023-07-12 18:10:37'),
(490, 'mail818856@test.com', 'H770600946v', 'face490.png', '陳子庭', '1989-01-08', 'P111786996', '男', '基隆市中山區', 183, 83, '天蠍座', 'O', '無', '小酌', '國小', 'IC設計工程師', '上午日誌一位會計本人第一個人類靜靜', '0911271118', '2023-07-12 18:10:37'),
(491, 'mail410333@test.com', 'L316511258z', 'face491.png', '龍彥廷', '1999-04-29', 'Q195083195', '男', '臺北市士林區', 168, 45, '巨蟹座', 'AB', '有', '酒豪', '高中', '空服人員', '站內死了機會', '0911471977', '2023-07-12 18:10:37'),
(492, 'mail142000@test.com', 'J407328437k', 'face492.png', '莊佳穎', '1987-10-10', 'T224588906', '女', '基隆市安樂區', 186, 77, '金牛座', 'A', '有', '酒豪', '國小', '麻醉醫師', '上午日誌一位會計本人第一個人類靜靜', '0911861545', '2023-07-12 18:10:37'),
(493, 'mail946120@test.com', 'A122508184e', 'face493.png', '袁睿恩', '1994-06-14', 'U220714491', '男', '新北市林口區', 179, 80, '金牛座', 'AB', '無', '滴酒不沾', '高中', '藥師輪機部船員', '幾天肯定先後焦點既然和他熱情主機邀請搜尋引擎面前，女性建材什麼', '0911169774', '2023-07-12 18:10:37'),
(494, 'mail483081@test.com', 'I980632276z', 'face494.png', '唐芷瑜', '1986-10-31', 'I251102446', '女', '新北市坪林區', 200, 63, '魔羯座', 'A', '無', '滴酒不沾', '國小', '藥師輪機部船員', '幾天肯定先後焦點既然和他熱情主機邀請搜尋引擎面前，女性建材什麼', '0911386167', '2023-07-12 18:10:37'),
(495, 'mail634902@test.com', 'H763928835x', 'face495.png', '潘育瑄', '1997-05-10', 'B181175664', '男', '新北市雙溪區', 168, 104, '金牛座', 'O', '無', '小酌', '國中', '空服人員', '發現其中疾病編輯通過級別太多律師寶寶比如', '0911748355', '2023-07-12 18:10:37'),
(496, 'mail28282@test.com', 'D659811397u', 'face496.png', '呂子涵', '1997-01-12', 'X159597274', '男', '臺北市中正區', 196, 99, '獅子座', 'A', '有', '滴酒不沾', '高中', '空服人員', '上午日誌一位會計本人第一個人類靜靜', '0911993725', '2023-07-12 18:10:37'),
(497, 'mail233822@test.com', 'E462818273l', 'face497.png', '文佳穎', '1996-03-28', 'J178749669', '女', '臺北市內湖區', 175, 61, '處女座', 'O', '無', '酒豪', '博士', '船上作業人員', '上午日誌一位會計本人第一個人類靜靜', '0911228738', '2023-07-12 18:10:37'),
(498, 'mail410139@test.com', 'J479444731r', 'face498.png', '柯雅晴', '1990-10-05', 'F237319241', '女', '新北市板橋區', 159, 88, '金牛座', 'AB', '無', '酒豪', '學士', '藝術總監', '生命移動', '0911891635', '2023-07-12 18:10:37'),
(499, 'mail852306@test.com', 'K968816353t', 'face499.png', '呂佳儀', '1988-07-20', 'G266466226', '男', '新北市石門區', 197, 44, '處女座', 'B', '有', '滴酒不沾', '學士', '類比IC設計工程師', '幾天肯定先後焦點既然和他熱情主機邀請搜尋引擎面前，女性建材什麼', '0911700768', '2023-07-12 18:10:37'),
(500, 'mail842143@test.com', 'Q956868267z', 'face500.png', '戚昀臻', '1997-07-23', 'Q119163234', '女', '臺北市內湖區', 156, 43, '水瓶座', 'O', '無', '小酌', '高中', '藥師輪機部船員', '發現其中疾病編輯通過級別太多律師寶寶比如', '0911549499', '2023-07-12 18:10:37'),
(501, 'mail527819@test.com', 'L247734736e', 'face501.png', '藍沛璇', '1985-07-22', 'L124632107', '男', '新北市八里區', 165, 42, '水瓶座', 'O', '無', '滴酒不沾', '國小', '類比IC設計工程師', '發現其中疾病編輯通過級別太多律師寶寶比如', '0911326190', '2023-07-12 18:10:37'),
(502, 'mail360465@test.com', 'H684843646i', 'face502.png', '柯彥辰', '1996-09-26', 'X175770607', '女', '臺北市北投區', 176, 108, '獅子座', 'B', '有', '小酌', '學士', '律師', '發現其中疾病編輯通過級別太多律師寶寶比如', '0911594958', '2023-07-12 18:10:37'),
(503, 'mail510513@test.com', 'M670642657z', 'face503.png', '童宇傑', '1993-09-27', 'K229667786', '女', '新北市蘆洲區', 173, 97, '射手座', 'A', '無', '小酌', '高中', '醫學美容', '站內死了機會', '0911335568', '2023-07-12 18:10:37'),
(504, 'mail141920@test.com', 'S778919769s', 'face504.png', '張簡佳妤', '1986-03-05', 'F122795619', '男', '新北市石碇區', 162, 101, '雙魚座', 'B', '有', '小酌', '博士', '船上作業人員', '發現其中疾病編輯通過級別太多律師寶寶比如', '0911808171', '2023-07-12 18:10:37'),
(505, 'mail109552@test.com', 'O347565413f', 'face505.png', '關奕廷', '1989-02-07', 'L182482704', '男', '新北市永和區', 189, 55, '天蠍座', 'B', '有', '酒豪', '博士', '律師', '公開固定水晶', '0911823236', '2023-07-12 18:10:37'),
(506, 'mail61519@test.com', 'M645128599h', 'face506.png', '歐陽禹彤', '1992-07-07', 'V294741504', '女', '臺北市大安區', 156, 81, '牡羊座', 'AB', '無', '酒豪', '碩士', '類比IC設計工程師', '發現其中疾病編輯通過級別太多律師寶寶比如', '0911480308', '2023-07-12 18:10:37'),
(507, 'mail716600@test.com', 'M115468444v', 'face507.png', '吳凱文', '1988-08-25', 'X117126838', '女', '新北市土城區', 189, 64, '處女座', 'A', '無', '滴酒不沾', '碩士', '藝術總監', '站內死了機會', '0911740385', '2023-07-12 18:10:37'),
(508, 'mail871073@test.com', 'R121573929q', 'face508.png', '陸沛璇', '1991-02-27', 'S212054549', '男', '臺北市萬華區', 165, 105, '水瓶座', 'AB', '無', '滴酒不沾', '博士', '藥師輪機部船員', '幾天肯定先後焦點既然和他熱情主機邀請搜尋引擎面前，女性建材什麼', '0911375021', '2023-07-12 18:10:37'),
(509, 'mail618032@test.com', 'A233145676k', 'face509.png', '周柏翰', '1991-12-02', 'P128759582', '男', '新北市八里區', 197, 55, '天秤座', 'O', '無', '小酌', '博士', '藝術總監', '幾天肯定先後焦點既然和他熱情主機邀請搜尋引擎面前，女性建材什麼', '0911589572', '2023-07-12 18:10:37'),
(510, 'mail761259@test.com', 'Z247748241u', 'face510.png', '田佳儀', '1987-03-21', 'J217344814', '女', '臺北市大安區', 179, 90, '雙魚座', 'O', '有', '滴酒不沾', '國小', '藝術總監', '上午日誌一位會計本人第一個人類靜靜', '0911482510', '2023-07-12 18:10:37'),
(511, 'mail497657@test.com', 'Z439118262f', 'face511.png', '刁家妤', '1991-08-16', 'B136972208', '女', '新北市雙溪區', 161, 47, '天秤座', 'AB', '無', '酒豪', '碩士', '飛行機師', '公開固定水晶', '0911484132', '2023-07-12 18:10:37'),
(512, 'mail217917@test.com', 'S535051085s', 'face512.png', '毛景翔', '1996-03-17', 'H172813376', '女', '新北市雙溪區', 184, 54, '水瓶座', 'O', '無', '小酌', '國小', '空服人員', '幾天肯定先後焦點既然和他熱情主機邀請搜尋引擎面前，女性建材什麼', '0911693229', '2023-07-12 18:10:37'),
(513, 'mail215853@test.com', 'K914883596c', 'face513.png', '鄭柏凱', '1988-05-10', 'N166634941', '男', '新北市石門區', 153, 59, '射手座', 'O', '無', '滴酒不沾', '博士', '建築師', '也可保健避免什麼黑', '0911916995', '2023-07-12 18:10:37'),
(514, 'mail224932@test.com', 'P715157746h', 'face514.png', '岳欣妤', '1997-04-03', 'S297540581', '女', '基隆市中正區', 163, 61, '雙子座', 'B', '無', '滴酒不沾', '博士', '藥師輪機部船員', '公開固定水晶', '0911697994', '2023-07-12 18:10:37'),
(515, 'mail174400@test.com', 'O230482517k', 'face515.png', '韓佳儀', '1995-05-26', 'L250692377', '男', '基隆市仁愛區', 177, 42, '金牛座', 'O', '無', '酒豪', '國中', '中醫師', '生命移動', '0911163326', '2023-07-12 18:10:37'),
(516, 'mail66153@test.com', 'O170163990c', 'face516.png', '郝芸瑄', '1995-08-26', 'H171350662', '女', '基隆市中山區', 196, 44, '處女座', 'B', '無', '酒豪', '碩士', '醫學美容', '上午日誌一位會計本人第一個人類靜靜', '0911583938', '2023-07-12 18:10:37'),
(517, 'mail957711@test.com', 'T671953660u', 'face517.png', '歐陽芷涵', '1993-07-14', 'W217817377', '男', '新北市樹林區', 174, 110, '天蠍座', 'A', '無', '滴酒不沾', '國小', '律師', '也可保健避免什麼黑', '0911478174', '2023-07-12 18:10:37'),
(518, 'mail591592@test.com', 'V945503790i', 'face518.png', '唐品萱', '1989-12-06', 'W186080940', '女', '臺北市大安區', 162, 75, '射手座', 'AB', '無', '滴酒不沾', '國小', 'IC設計工程師', '生命移動', '0911707148', '2023-07-12 18:10:37'),
(519, 'mail391939@test.com', 'G623054010n', 'face519.png', '房柏廷', '1991-07-07', 'T257287369', '男', '新北市鶯歌區', 195, 90, '天蠍座', 'O', '有', '酒豪', '碩士', '艙面部船員', '公開固定水晶', '0911770697', '2023-07-12 18:10:37'),
(520, 'mail635018@test.com', 'C435485933h', 'face520.png', '黃芳瑜', '1994-01-31', 'J128320969', '男', '新北市八里區', 176, 50, '獅子座', 'A', '有', '酒豪', '國小', '數位IC設計工程師', '發現其中疾病編輯通過級別太多律師寶寶比如', '0911936760', '2023-07-12 18:10:37'),
(521, 'mail78023@test.com', 'J168979955a', 'face521.png', '廖欣怡', '1985-10-01', 'Z278900611', '男', '臺北市南港區', 184, 51, '水瓶座', 'AB', '無', '滴酒不沾', '國中', '建築師', '公開固定水晶', '0911826068', '2023-07-12 18:10:37'),
(522, 'mail839204@test.com', 'N414619587w', 'face522.png', '胡雅婷', '1999-09-27', 'X295890874', '男', '臺北市信義區', 153, 100, '水瓶座', 'AB', '有', '酒豪', '高中', '醫師', '站內死了機會', '0911915892', '2023-07-12 18:10:37'),
(523, 'mail875361@test.com', 'D927190795c', 'face523.png', '屈家維', '1997-05-30', 'F252012910', '女', '新北市蘆洲區', 199, 95, '水瓶座', 'B', '有', '滴酒不沾', '高中', '聯結車司機', '上午日誌一位會計本人第一個人類靜靜', '0911292403', '2023-07-12 18:10:37'),
(524, 'mail660344@test.com', 'L623468123g', 'face524.png', '薛雅琪', '1994-11-10', 'Z243202110', '男', '臺北市北投區', 159, 47, '天秤座', 'B', '有', '滴酒不沾', '國小', 'IC設計工程師', '幾天肯定先後焦點既然和他熱情主機邀請搜尋引擎面前，女性建材什麼', '0911607732', '2023-07-12 18:10:37'),
(525, 'mail934754@test.com', 'B146668020r', 'face525.png', '雲家瑜', '1987-04-26', 'T162374670', '男', '新北市樹林區', 170, 88, '射手座', 'O', '有', '酒豪', '博士', '牙醫師', '站內死了機會', '0911882984', '2023-07-12 18:10:37'),
(526, 'mail324412@test.com', 'F638067532k', 'face526.png', '陽彥廷', '1992-06-11', 'B284700683', '女', '新北市瑞芳區', 170, 66, '雙子座', 'A', '無', '酒豪', '博士', '藥師輪機部船員', '上午日誌一位會計本人第一個人類靜靜', '0911531261', '2023-07-12 18:10:37'),
(527, 'mail390213@test.com', 'H641294370x', 'face527.png', '夏俊佑', '1999-12-19', 'X199897085', '男', '新北市樹林區', 150, 64, '射手座', 'AB', '無', '滴酒不沾', '博士', '飛行機師', '生命移動', '0911954624', '2023-07-12 18:10:37'),
(528, 'mail636636@test.com', 'X364931139m', 'face528.png', '楊品睿', '1995-10-22', 'U190227385', '男', '新北市中和區', 199, 53, '天秤座', 'A', '無', '酒豪', '高中', '醫學美容', '上午日誌一位會計本人第一個人類靜靜', '0911140552', '2023-07-12 18:10:37'),
(529, 'mail961750@test.com', 'W373289550p', 'face529.png', '陸佳欣', '1997-02-02', 'G123390728', '女', '新北市貢寮區', 198, 52, '雙魚座', 'O', '無', '滴酒不沾', '博士', '律師', '站內死了機會', '0911141372', '2023-07-12 18:10:37'),
(530, 'mail374045@test.com', 'A980594374t', 'face530.png', '傅冠傑', '1986-12-02', 'E253846941', '女', '新北市雙溪區', 151, 81, '魔羯座', 'B', '無', '小酌', '國小', '船上作業人員', '站內死了機會', '0911168738', '2023-07-12 18:10:37'),
(531, 'mail456761@test.com', 'W320519392z', 'face531.png', '穆怡靜', '1990-05-02', 'A122560386', '男', '臺北市中正區', 185, 73, '魔羯座', 'A', '無', '小酌', '國小', '中醫師', '生命移動', '0911575462', '2023-07-12 18:10:37'),
(532, 'mail728570@test.com', 'R771454775l', 'face532.png', '梁冠霆', '1986-02-07', 'W155891531', '男', '新北市林口區', 184, 104, '天蠍座', 'O', '有', '滴酒不沾', '博士', '醫學美容', '上午日誌一位會計本人第一個人類靜靜', '0911582670', '2023-07-12 18:10:37'),
(533, 'mail477932@test.com', 'P509734148m', 'face533.png', '譚承翰', '1992-05-18', 'Q190443174', '男', '新北市金山區', 194, 57, '巨蟹座', 'AB', '無', '小酌', '學士', '聯結車司機', '幾天肯定先後焦點既然和他熱情主機邀請搜尋引擎面前，女性建材什麼', '0911572115', '2023-07-12 18:10:37'),
(534, 'mail976273@test.com', 'C863576406f', 'face534.png', '戚宥丞', '1988-08-04', 'K229747582', '男', '新北市林口區', 197, 45, '牡羊座', 'B', '無', '小酌', '博士', '藥師輪機部船員', '上午日誌一位會計本人第一個人類靜靜', '0911512175', '2023-07-12 18:10:37'),
(535, 'mail767436@test.com', 'E810781869s', 'face535.png', '魯宜芳', '1992-01-07', 'Q110339348', '男', '新北市林口區', 197, 106, '雙魚座', 'AB', '有', '滴酒不沾', '學士', '飛行機師', '發現其中疾病編輯通過級別太多律師寶寶比如', '0911744391', '2023-07-12 18:10:37'),
(536, 'mail898299@test.com', 'N395296631o', 'face536.png', '張柏廷', '1991-08-27', 'L177829379', '女', '臺北市士林區', 193, 98, '天秤座', 'A', '有', '滴酒不沾', '學士', '藥師輪機部船員', '生命移動', '0911804483', '2023-07-12 18:10:37'),
(537, 'mail282019@test.com', 'J476054495h', 'face537.png', '鮑俊宇', '1988-11-07', 'L120434231', '女', '新北市平溪區', 194, 93, '射手座', 'O', '無', '小酌', '學士', '藝術總監', '生命移動', '0911356696', '2023-07-12 18:10:37'),
(538, 'mail185829@test.com', 'R228233328r', 'face538.png', '管家瑋', '1994-09-16', 'Y265322394', '女', '新北市金山區', 178, 51, '雙子座', 'B', '無', '小酌', '國中', '牙醫師', '上午日誌一位會計本人第一個人類靜靜', '0911239710', '2023-07-12 18:10:37'),
(539, 'mail571176@test.com', 'Q443317677z', 'face539.png', '買凱傑', '1999-12-26', 'O124994308', '女', '臺北市中正區', 175, 43, '金牛座', 'AB', '無', '小酌', '高中', '類比IC設計工程師', '上午日誌一位會計本人第一個人類靜靜', '0911888866', '2023-07-12 18:10:37'),
(540, 'mail947873@test.com', 'O963536764v', 'face540.png', '牛宇辰', '1988-04-01', 'N157947210', '女', '新北市淡水區', 169, 53, '雙魚座', 'O', '無', '酒豪', '高中', '中醫師', '發現其中疾病編輯通過級別太多律師寶寶比如', '0911954939', '2023-07-12 18:10:37'),
(541, 'mail860638@test.com', 'Q782103875g', 'face541.png', '翟景翔', '1996-09-14', 'K216864883', '男', '臺北市大同區', 197, 76, '牡羊座', 'B', '無', '酒豪', '國中', '類比IC設計工程師', '上午日誌一位會計本人第一個人類靜靜', '0911260694', '2023-07-12 18:10:37'),
(542, 'mail642285@test.com', 'V522772067r', 'face542.png', '溫子瑄', '1987-06-09', 'S264803465', '男', '臺北市大同區', 161, 73, '牡羊座', 'AB', '有', '小酌', '國中', '牙醫師', '幾天肯定先後焦點既然和他熱情主機邀請搜尋引擎面前，女性建材什麼', '0911463337', '2023-07-12 18:10:37'),
(543, 'mail550022@test.com', 'I573123744k', 'face543.png', '辜語婕', '1992-05-29', 'C229186316', '男', '新北市萬里區', 158, 105, '雙子座', 'B', '有', '酒豪', '學士', '律師', '也可保健避免什麼黑', '0911591318', '2023-07-12 18:10:37'),
(544, 'mail924605@test.com', 'E601936647c', 'face544.png', '卓柏均', '1995-11-17', 'L220681291', '男', '新北市石門區', 176, 46, '牡羊座', 'O', '有', '酒豪', '碩士', '建築師', '上午日誌一位會計本人第一個人類靜靜', '0911944876', '2023-07-12 18:10:37'),
(545, 'mail944476@test.com', 'E426143097d', 'face545.png', '邵怡安', '1999-09-24', 'M276033903', '女', '基隆市安樂區', 197, 47, '金牛座', 'O', '無', '酒豪', '碩士', '建築師', '公開固定水晶', '0911139778', '2023-07-12 18:10:37'),
(546, 'mail636829@test.com', 'H100095776b', 'face546.png', '單彥辰', '1990-09-24', 'V287491605', '女', '基隆市安樂區', 164, 40, '射手座', 'O', '無', '酒豪', '國中', '律師', '生命移動', '0911887467', '2023-07-12 18:10:37'),
(547, 'mail336809@test.com', 'E493782882p', 'face547.png', '舒怡臻', '1994-06-20', 'W144922794', '女', '臺北市士林區', 172, 89, '雙子座', 'AB', '無', '小酌', '國小', '飛行機師', '幾天肯定先後焦點既然和他熱情主機邀請搜尋引擎面前，女性建材什麼', '0911946448', '2023-07-12 18:10:37'),
(548, 'mail57695@test.com', 'S837169440f', 'face548.png', '薛子恩', '1991-07-15', 'Q133224288', '男', '新北市坪林區', 181, 83, '天蠍座', 'O', '有', '酒豪', '國中', '護理長', '站內死了機會', '0911625123', '2023-07-12 18:10:37'),
(549, 'mail325189@test.com', 'P433723319j', 'face549.png', '施柏勳', '1990-03-04', 'C275287153', '男', '新北市貢寮區', 160, 52, '金牛座', 'A', '無', '酒豪', '國中', 'IC設計工程師', '發現其中疾病編輯通過級別太多律師寶寶比如', '0911159636', '2023-07-12 18:10:37'),
(550, 'mail595960@test.com', 'L384869110k', 'face550.png', '潘柏鈞', '1985-11-04', 'D257706570', '女', '新北市五股區', 159, 78, '巨蟹座', 'O', '無', '酒豪', '國小', '藝術總監', '生命移動', '0911555373', '2023-07-12 18:10:37'),
(551, 'mail503341@test.com', 'J692505518d', 'face551.png', '鄞宇軒', '1998-12-29', 'E198706153', '男', '臺北市大同區', 180, 52, '金牛座', 'B', '無', '酒豪', '國小', '建築師', '公開固定水晶', '0911857638', '2023-07-12 18:10:37'),
(552, 'mail786752@test.com', 'W221461117t', 'face552.png', '姜家銘', '1990-08-03', 'C279555166', '女', '新北市新莊區', 199, 55, '獅子座', 'B', '有', '滴酒不沾', '碩士', '空服人員', '幾天肯定先後焦點既然和他熱情主機邀請搜尋引擎面前，女性建材什麼', '0911102804', '2023-07-12 18:10:37'),
(553, 'mail385809@test.com', 'G740809445r', 'face553.png', '林俊凱', '1986-01-14', 'O157113565', '男', '新北市汐止區', 158, 74, '射手座', 'A', '有', '小酌', '碩士', '醫學美容', '發現其中疾病編輯通過級別太多律師寶寶比如', '0911955032', '2023-07-12 18:10:37'),
(554, 'mail660398@test.com', 'N518102090k', 'face554.png', '秦庭萱', '1993-03-26', 'K182973860', '男', '臺北市北投區', 155, 65, '金牛座', 'B', '無', '酒豪', '高中', '醫師', '發現其中疾病編輯通過級別太多律師寶寶比如', '0911492978', '2023-07-12 18:10:37'),
(555, 'mail603299@test.com', 'H635058186h', 'face555.png', '關怡蓁', '1998-11-15', 'M248756075', '女', '新北市金山區', 166, 90, '雙子座', 'AB', '有', '滴酒不沾', '國小', '護理長', '站內死了機會', '0911373175', '2023-07-12 18:10:37'),
(556, 'mail566144@test.com', 'C718835209y', 'face556.png', '石博鈞', '1987-12-04', 'V219894742', '女', '臺北市大同區', 155, 98, '處女座', 'O', '無', '滴酒不沾', '碩士', '牙醫師', '發現其中疾病編輯通過級別太多律師寶寶比如', '0911664008', '2023-07-12 18:10:37'),
(557, 'mail712113@test.com', 'F806090060e', 'face557.png', '全子瑜', '1987-01-22', 'L280088209', '男', '新北市新店區', 161, 65, '雙子座', 'O', '有', '滴酒不沾', '學士', '空服人員', '上午日誌一位會計本人第一個人類靜靜', '0911375222', '2023-07-12 18:10:37'),
(558, 'mail688220@test.com', 'U305105909c', 'face558.png', '解柏宇', '1985-02-18', 'F260660333', '男', '新北市五股區', 194, 101, '處女座', 'A', '無', '酒豪', '碩士', '空服人員', '發現其中疾病編輯通過級別太多律師寶寶比如', '0911956593', '2023-07-12 18:10:37'),
(559, 'mail847245@test.com', 'E291464021g', 'face559.png', '鄞詩婷', '1998-01-25', 'E268596618', '女', '基隆市信義區', 182, 86, '金牛座', 'A', '無', '滴酒不沾', '國小', '醫學美容', '站內死了機會', '0911147305', '2023-07-12 18:10:37'),
(560, 'mail722730@test.com', 'E538331618k', 'face560.png', '魏雅琪', '1985-12-24', 'A136918629', '女', '新北市林口區', 155, 83, '雙魚座', 'AB', '無', '酒豪', '國中', '艙面部船員', '上午日誌一位會計本人第一個人類靜靜', '0911973879', '2023-07-12 18:10:37'),
(561, 'mail812326@test.com', 'Z905919660l', 'face561.png', '利宥丞', '1990-08-28', 'T194011804', '女', '基隆市中正區', 154, 105, '獅子座', 'B', '有', '小酌', '國小', '空服人員', '公開固定水晶', '0911279977', '2023-07-12 18:10:37'),
(562, 'mail33456@test.com', 'A814719360z', 'face562.png', '唐子芸', '1997-12-10', 'S156679914', '女', '臺北市大安區', 189, 52, '天蠍座', 'O', '無', '酒豪', '高中', '醫學美容', '上午日誌一位會計本人第一個人類靜靜', '0911275377', '2023-07-12 18:10:37'),
(563, 'mail264852@test.com', 'X982766574w', 'face563.png', '安宥鈞', '1987-07-04', 'Q153328089', '女', '新北市三芝區', 195, 96, '天秤座', 'B', '無', '滴酒不沾', '高中', '麻醉醫師', '也可保健避免什麼黑', '0911794681', '2023-07-12 18:10:37'),
(564, 'mail792677@test.com', 'X456590284v', 'face564.png', '尹依璇', '1986-02-14', 'B261093753', '女', '臺北市松山區', 169, 57, '處女座', 'AB', '無', '小酌', '博士', '飛行機師', '發現其中疾病編輯通過級別太多律師寶寶比如', '0911681301', '2023-07-12 18:10:37'),
(565, 'mail432562@test.com', 'Y732374168h', 'face565.png', '佘俞安', '1996-06-04', 'B276988908', '女', '新北市萬里區', 169, 67, '巨蟹座', 'B', '無', '小酌', '碩士', '醫學美容', '生命移動', '0911748415', '2023-07-12 18:10:37'),
(566, 'mail841696@test.com', 'Z646759062l', 'face566.png', '賀奕辰', '1987-11-22', 'K226811221', '男', '新北市永和區', 177, 46, '金牛座', 'A', '有', '酒豪', '碩士', '醫師', '上午日誌一位會計本人第一個人類靜靜', '0911257898', '2023-07-12 18:10:37'),
(567, 'mail935421@test.com', 'K599520053e', 'face567.png', '穆柏宏', '1998-09-23', 'S177400369', '男', '新北市土城區', 157, 64, '魔羯座', 'B', '有', '酒豪', '博士', '護理長', '也可保健避免什麼黑', '0911867285', '2023-07-12 18:10:37'),
(568, 'mail130075@test.com', 'A614807425m', 'face568.png', '喻芷瑜', '1990-04-24', 'T124061833', '男', '臺北市松山區', 155, 86, '牡羊座', 'B', '有', '滴酒不沾', '學士', '藝術總監', '幾天肯定先後焦點既然和他熱情主機邀請搜尋引擎面前，女性建材什麼', '0911944617', '2023-07-12 18:10:37'),
(569, 'mail674549@test.com', 'V467861943p', 'face569.png', '江佳穎', '1997-09-14', 'H196711908', '女', '新北市石門區', 184, 57, '天秤座', 'B', '有', '滴酒不沾', '博士', '數位IC設計工程師', '站內死了機會', '0911247352', '2023-07-12 18:10:37'),
(570, 'mail247177@test.com', 'S311142278e', 'face570.png', '宋沛璇', '1988-09-28', 'O212190125', '男', '新北市汐止區', 178, 108, '天秤座', 'AB', '無', '酒豪', '碩士', '艙面部船員', '也可保健避免什麼黑', '0911247151', '2023-07-12 18:10:37'),
(571, 'mail756778@test.com', 'K680898912q', 'face571.png', '江宗翰', '1995-03-09', 'I271352866', '男', '臺北市內湖區', 168, 99, '金牛座', 'O', '有', '滴酒不沾', '國小', '醫師', '也可保健避免什麼黑', '0911683767', '2023-07-12 18:10:37'),
(572, 'mail747752@test.com', 'R473247201k', 'face572.png', '樓宜臻', '1985-12-31', 'A157285959', '女', '新北市淡水區', 183, 101, '雙子座', 'B', '有', '小酌', '國小', '類比IC設計工程師', '也可保健避免什麼黑', '0911298467', '2023-07-12 18:10:37'),
(573, 'mail705868@test.com', 'G701072595m', 'face573.png', '古品蓁', '1998-06-06', 'Y235177966', '男', '新北市鶯歌區', 162, 93, '獅子座', 'B', '無', '小酌', '學士', '麻醉醫師', '上午日誌一位會計本人第一個人類靜靜', '0911965567', '2023-07-12 18:10:37'),
(574, 'mail448549@test.com', 'U193829383e', 'face574.png', '江景翔', '1990-03-08', 'D190696073', '男', '基隆市七堵區', 162, 73, '水瓶座', 'B', '無', '酒豪', '高中', '飛行機師', '幾天肯定先後焦點既然和他熱情主機邀請搜尋引擎面前，女性建材什麼', '0911929989', '2023-07-12 18:10:37'),
(575, 'mail458382@test.com', 'Z890824552l', 'face575.png', '詹翊瑄', '1995-04-30', 'B215853077', '男', '新北市汐止區', 184, 57, '雙魚座', 'AB', '有', '酒豪', '高中', 'IC設計工程師', '發現其中疾病編輯通過級別太多律師寶寶比如', '0911223891', '2023-07-12 18:10:37'),
(576, 'mail948244@test.com', 'P895738072l', 'face576.png', '向冠傑', '1991-12-28', 'P253901348', '女', '基隆市仁愛區', 153, 46, '魔羯座', 'O', '有', '酒豪', '國中', '醫學美容', '幾天肯定先後焦點既然和他熱情主機邀請搜尋引擎面前，女性建材什麼', '0911112022', '2023-07-12 18:10:37'),
(577, 'mail361058@test.com', 'C558943476x', 'face577.png', '牛柏翔', '1997-12-15', 'B161960119', '女', '臺北市南港區', 196, 64, '射手座', 'A', '有', '滴酒不沾', '國小', '類比IC設計工程師', '也可保健避免什麼黑', '0911252303', '2023-07-12 18:10:37'),
(578, 'mail424648@test.com', 'J778319528f', 'face578.png', '周育瑄', '1997-12-12', 'K143156411', '男', '新北市瑞芳區', 162, 76, '天蠍座', 'A', '無', '滴酒不沾', '高中', '系統分析師', '公開固定水晶', '0911900416', '2023-07-12 18:10:37'),
(579, 'mail127056@test.com', 'Q325048505n', 'face579.png', '時雅琪', '1990-03-10', 'F278546791', '男', '基隆市七堵區', 171, 43, '雙子座', 'O', '有', '滴酒不沾', '碩士', '類比IC設計工程師', '發現其中疾病編輯通過級別太多律師寶寶比如', '0911664890', '2023-07-12 18:10:37'),
(580, 'mail776584@test.com', 'J379024580l', 'face580.png', '鍾柏翔', '1997-09-14', 'O118914113', '男', '臺北市萬華區', 154, 60, '水瓶座', 'B', '有', '滴酒不沾', '高中', '建築師', '發現其中疾病編輯通過級別太多律師寶寶比如', '0911673489', '2023-07-12 18:10:37'),
(581, 'mail771564@test.com', 'H258868892o', 'face581.png', '顧凱文', '1996-08-13', 'N289938509', '男', '新北市石門區', 198, 94, '處女座', 'B', '有', '小酌', '高中', '建築師', '也可保健避免什麼黑', '0911684171', '2023-07-12 18:10:37'),
(582, 'mail853110@test.com', 'C110297775z', 'face582.png', '籃湘婷', '1994-05-11', 'N187370300', '女', '臺北市士林區', 161, 77, '獅子座', 'O', '無', '滴酒不沾', '國小', '醫學美容', '幾天肯定先後焦點既然和他熱情主機邀請搜尋引擎面前，女性建材什麼', '0911233953', '2023-07-12 18:10:37'),
(583, 'mail844752@test.com', 'I732614648m', 'face583.png', '單子庭', '1993-12-16', 'I236235293', '男', '新北市淡水區', 172, 71, '水瓶座', 'A', '有', '酒豪', '國小', '艙面部船員', '發現其中疾病編輯通過級別太多律師寶寶比如', '0911528718', '2023-07-12 18:10:37'),
(584, 'mail465015@test.com', 'P530220922n', 'face584.png', '邢姿妤', '1988-10-17', 'N237201278', '男', '臺北市北投區', 192, 66, '雙魚座', 'O', '有', '小酌', '高中', '船上作業人員', '站內死了機會', '0911399786', '2023-07-12 18:10:37'),
(585, 'mail622055@test.com', 'E882367648o', 'face585.png', '凃思涵', '1994-08-02', 'K128194969', '女', '新北市新莊區', 152, 48, '射手座', 'B', '無', '酒豪', '高中', '醫師', '公開固定水晶', '0911786322', '2023-07-12 18:10:37'),
(586, 'mail374750@test.com', 'C503596756a', 'face586.png', '解祐誠', '1987-12-06', 'L167802732', '男', '新北市林口區', 181, 57, '牡羊座', 'B', '有', '小酌', '學士', '牙醫師', '站內死了機會', '0911959818', '2023-07-12 18:10:37'),
(587, 'mail637540@test.com', 'T620442943f', 'face587.png', '張育瑄', '1989-11-26', 'S129604334', '女', '新北市八里區', 180, 107, '處女座', 'B', '無', '小酌', '高中', '中醫師', '公開固定水晶', '0911417705', '2023-07-12 18:10:37'),
(588, 'mail849396@test.com', 'H668401986g', 'face588.png', '宋承諺', '1995-07-04', 'H281486645', '男', '新北市中和區', 168, 52, '魔羯座', 'A', '無', '滴酒不沾', '高中', '艙面部船員', '也可保健避免什麼黑', '0911580863', '2023-07-12 18:10:37'),
(589, 'mail727188@test.com', 'G892173389l', 'face589.png', '樓怡臻', '1999-11-07', 'G124308139', '女', '新北市平溪區', 179, 40, '魔羯座', 'O', '無', '酒豪', '國中', '醫學美容', '也可保健避免什麼黑', '0911372517', '2023-07-12 18:10:38'),
(590, 'mail528071@test.com', 'O104709186j', 'face590.png', '熊秉宏', '1992-12-05', 'P125934074', '男', '新北市中和區', 192, 73, '牡羊座', 'AB', '無', '小酌', '碩士', 'IC設計工程師', '生命移動', '0911575203', '2023-07-12 18:10:38'),
(591, 'mail748059@test.com', 'Y791831676j', 'face591.png', '馬雅築', '1990-01-15', 'Z185793659', '男', '新北市蘆洲區', 167, 102, '金牛座', 'A', '有', '滴酒不沾', '博士', '藥師輪機部船員', '也可保健避免什麼黑', '0911714994', '2023-07-12 18:10:38'),
(592, 'mail883673@test.com', 'Q124365052m', 'face592.png', '滕怡瑄', '1991-04-28', 'Q183087349', '男', '新北市土城區', 168, 56, '雙子座', 'AB', '無', '酒豪', '國中', 'IC設計工程師', '生命移動', '0911345747', '2023-07-12 18:10:38'),
(593, 'mail689082@test.com', 'Q974010701t', 'face593.png', '覃柏鈞', '1994-04-20', 'N247614512', '男', '新北市新店區', 173, 57, '天秤座', 'A', '無', '酒豪', '學士', '麻醉醫師', '也可保健避免什麼黑', '0911331574', '2023-07-12 18:10:38'),
(594, 'mail162947@test.com', 'W657874857x', 'face594.png', '商苡瑄', '1999-07-16', 'Q153030053', '女', '新北市坪林區', 150, 95, '巨蟹座', 'AB', '有', '酒豪', '學士', '艙面部船員', '也可保健避免什麼黑', '0911179266', '2023-07-12 18:10:38'),
(595, 'mail853708@test.com', 'E457014168j', 'face595.png', '岳凱文', '1986-03-02', 'S196383393', '男', '新北市汐止區', 193, 105, '射手座', 'A', '有', '滴酒不沾', '碩士', '數位IC設計工程師', '發現其中疾病編輯通過級別太多律師寶寶比如', '0911165939', '2023-07-12 18:10:38'),
(596, 'mail959751@test.com', 'I302641390o', 'face596.png', '向育瑄', '1991-02-20', 'V179518464', '男', '新北市三重區', 190, 56, '射手座', 'AB', '有', '小酌', '博士', 'IC設計工程師', '公開固定水晶', '0911696020', '2023-07-12 18:10:38'),
(597, 'mail349925@test.com', 'D946467597b', 'face597.png', '盛子庭', '1992-01-07', 'B162120599', '男', '臺北市中山區', 170, 67, '金牛座', 'B', '無', '滴酒不沾', '學士', '醫學美容', '也可保健避免什麼黑', '0911252963', '2023-07-12 18:10:38'),
(598, 'mail778131@test.com', 'N498985010x', 'face598.png', '褚宥嘉', '1990-06-24', 'D172447590', '女', '基隆市信義區', 194, 69, '處女座', 'A', '有', '小酌', '國中', '中醫師', '幾天肯定先後焦點既然和他熱情主機邀請搜尋引擎面前，女性建材什麼', '0911409495', '2023-07-12 18:10:38'),
(599, 'mail671930@test.com', 'U445646772d', 'face599.png', '唐冠廷', '1998-03-13', 'Q183807600', '男', '新北市板橋區', 162, 49, '雙魚座', 'A', '有', '滴酒不沾', '碩士', '類比IC設計工程師', '公開固定水晶', '0911850353', '2023-07-12 18:10:38'),
(600, 'mail792702@test.com', 'Z628611061d', 'face600.png', '秦秉諺', '1985-12-23', 'E219634588', '男', '新北市土城區', 180, 81, '水瓶座', 'A', '無', '小酌', '碩士', '牙醫師', '公開固定水晶', '0911648327', '2023-07-12 18:10:38'),
(601, 'mail794387@test.com', 'E932321188n', 'face601.png', '利子豪', '1997-11-27', 'Z135533617', '男', '新北市八里區', 191, 49, '射手座', 'A', '有', '滴酒不沾', '高中', '牙醫師', '站內死了機會', '0911130204', '2023-07-12 18:10:38'),
(602, 'mail692630@test.com', 'X445348231v', 'face602.png', '古雅晴', '1986-07-17', 'S134572478', '女', '臺北市松山區', 176, 51, '巨蟹座', 'A', '有', '小酌', '碩士', '空服人員', '也可保健避免什麼黑', '0911876085', '2023-07-12 18:10:38'),
(603, 'mail719062@test.com', 'Z287567029u', 'face603.png', '秦雅婷', '1986-03-16', 'E189801404', '女', '新北市樹林區', 161, 89, '處女座', 'AB', '有', '酒豪', '國中', '醫學美容', '公開固定水晶', '0911754511', '2023-07-12 18:10:38'),
(604, 'mail410251@test.com', 'T678516019x', 'face604.png', '薛政諺', '1998-10-15', 'J232205002', '女', '基隆市七堵區', 164, 84, '天秤座', 'B', '有', '滴酒不沾', '高中', '醫學美容', '發現其中疾病編輯通過級別太多律師寶寶比如', '0911585682', '2023-07-12 18:10:38'),
(605, 'mail584212@test.com', 'W214621450t', 'face605.png', '卜彥丞', '1986-06-11', 'X133688273', '男', '新北市五股區', 193, 72, '牡羊座', 'B', '無', '小酌', '國小', '類比IC設計工程師', '上午日誌一位會計本人第一個人類靜靜', '0911209251', '2023-07-12 18:10:38'),
(606, 'mail510449@test.com', 'D462476379s', 'face606.png', '全冠宏', '1990-10-26', 'U149997518', '女', '新北市萬里區', 185, 43, '雙子座', 'B', '無', '酒豪', '國小', '類比IC設計工程師', '發現其中疾病編輯通過級別太多律師寶寶比如', '0911357462', '2023-07-12 18:10:38'),
(607, 'mail719897@test.com', 'R125163846d', 'face607.png', '廖冠霆', '1995-05-27', 'E267395915', '男', '新北市淡水區', 162, 100, '魔羯座', 'A', '無', '酒豪', '國小', '類比IC設計工程師', '也可保健避免什麼黑', '0911744393', '2023-07-12 18:10:38'),
(608, 'mail346285@test.com', 'U978400615k', 'face608.png', '温怡臻', '1993-07-19', 'R120646706', '女', '臺北市士林區', 168, 62, '射手座', 'AB', '有', '小酌', '國小', '藥師輪機部船員', '生命移動', '0911106098', '2023-07-12 18:10:38'),
(609, 'mail632401@test.com', 'Q202246370o', 'face609.png', '倪俊宇', '1985-11-18', 'I170667662', '女', '新北市鶯歌區', 194, 48, '天蠍座', 'A', '無', '小酌', '碩士', '醫師', '站內死了機會', '0911912125', '2023-07-12 18:10:38'),
(610, 'mail425840@test.com', 'L834598056g', 'face610.png', '涂雅琪', '1999-09-23', 'D252973322', '男', '臺北市北投區', 169, 82, '獅子座', 'A', '無', '酒豪', '高中', '系統分析師', '公開固定水晶', '0911240741', '2023-07-12 18:10:38'),
(611, 'mail535420@test.com', 'S434043075c', 'face611.png', '管郁晴', '1987-03-20', 'A164673157', '女', '新北市平溪區', 171, 46, '射手座', 'AB', '無', '酒豪', '碩士', '聯結車司機', '站內死了機會', '0911241409', '2023-07-12 18:10:38'),
(612, 'mail13136@test.com', 'J596143075h', 'face612.png', '周宥辰', '1990-02-05', 'G137705759', '女', '新北市深坑區', 174, 108, '天蠍座', 'AB', '有', '酒豪', '國小', '藝術總監', '幾天肯定先後焦點既然和他熱情主機邀請搜尋引擎面前，女性建材什麼', '0911619137', '2023-07-12 18:10:38'),
(613, 'mail756086@test.com', 'K481763206u', 'face613.png', '欒昱安', '1991-03-01', 'A148285474', '女', '新北市三重區', 179, 44, '天蠍座', 'B', '有', '酒豪', '國小', '建築師', '站內死了機會', '0911980944', '2023-07-12 18:10:38'),
(614, 'mail117224@test.com', 'C740794906f', 'face614.png', '段宜臻', '1987-02-23', 'S265219936', '男', '新北市中和區', 191, 40, '天蠍座', 'B', '無', '小酌', '學士', '醫師', '站內死了機會', '0911529954', '2023-07-12 18:10:38'),
(615, 'mail161039@test.com', 'S304739515e', 'face615.png', '陽佳蓁', '1997-06-14', 'Q294993774', '女', '新北市土城區', 176, 103, '射手座', 'O', '有', '滴酒不沾', '碩士', '醫學美容', '幾天肯定先後焦點既然和他熱情主機邀請搜尋引擎面前，女性建材什麼', '0911408582', '2023-07-12 18:10:38'),
(616, 'mail716177@test.com', 'R178394222j', 'face616.png', '阮昀臻', '1992-08-30', 'F151132876', '男', '新北市鶯歌區', 180, 90, '射手座', 'O', '無', '酒豪', '國小', '聯結車司機', '上午日誌一位會計本人第一個人類靜靜', '0911802407', '2023-07-12 18:10:38'),
(617, 'mail361006@test.com', 'W424907392e', 'face617.png', '魏宜君', '1997-02-28', 'R279351087', '男', '新北市雙溪區', 160, 63, '雙子座', 'B', '有', '小酌', '學士', '系統分析師', '站內死了機會', '0911685968', '2023-07-12 18:10:38'),
(618, 'mail249244@test.com', 'R786902782y', 'face618.png', '顏思涵', '1994-09-20', 'H149134304', '女', '新北市三芝區', 176, 108, '處女座', 'A', '無', '滴酒不沾', '高中', '建築師', '發現其中疾病編輯通過級別太多律師寶寶比如', '0911100903', '2023-07-12 18:10:38'),
(619, 'mail83899@test.com', 'M608748334d', 'face619.png', '祝俊佑', '1999-06-30', 'U212924637', '女', '新北市五股區', 189, 44, '天蠍座', 'AB', '有', '滴酒不沾', '國小', '建築師', '幾天肯定先後焦點既然和他熱情主機邀請搜尋引擎面前，女性建材什麼', '0911295444', '2023-07-12 18:10:38'),
(620, 'mail309014@test.com', 'O168729960b', 'face620.png', '巫柏均', '1987-05-10', 'F161861712', '男', '新北市烏來區', 195, 64, '巨蟹座', 'O', '無', '酒豪', '高中', '醫學美容', '站內死了機會', '0911329619', '2023-07-12 18:10:38'),
(621, 'mail766702@test.com', 'N988722646c', 'face621.png', '靳雅婷', '1992-06-19', 'N242597686', '女', '臺北市北投區', 188, 94, '金牛座', 'O', '有', '小酌', '博士', '系統分析師', '站內死了機會', '0911129653', '2023-07-12 18:10:38'),
(622, 'mail416773@test.com', 'M720081112g', 'face622.png', '車品蓁', '1998-07-16', 'R251962561', '女', '新北市中和區', 150, 103, '射手座', 'B', '有', '小酌', '學士', '飛行機師', '發現其中疾病編輯通過級別太多律師寶寶比如', '0911205159', '2023-07-12 18:10:38'),
(623, 'mail775347@test.com', 'B559585818w', 'face623.png', '翟睿恩', '1988-01-26', 'R296230299', '女', '臺北市中正區', 183, 48, '獅子座', 'B', '無', '小酌', '國小', '護理長', '上午日誌一位會計本人第一個人類靜靜', '0911247615', '2023-07-12 18:10:38'),
(624, 'mail295603@test.com', 'B976405361o', 'face624.png', '傅承恩', '1987-03-21', 'E262688631', '男', '新北市雙溪區', 194, 78, '金牛座', 'AB', '無', '小酌', '博士', '聯結車司機', '站內死了機會', '0911334749', '2023-07-12 18:10:38'),
(625, 'mail129986@test.com', 'P144732569t', 'face625.png', '尤于萱', '1986-01-21', 'G128298866', '男', '新北市五股區', 198, 71, '金牛座', 'O', '有', '酒豪', '國中', '醫師', '公開固定水晶', '0911117813', '2023-07-12 18:10:38'),
(626, 'mail618767@test.com', 'L156285801e', 'face626.png', '牛宸瑋', '1987-10-28', 'J198103240', '女', '新北市樹林區', 157, 107, '天蠍座', 'A', '有', '滴酒不沾', '博士', '飛行機師', '發現其中疾病編輯通過級別太多律師寶寶比如', '0911592564', '2023-07-12 18:10:38'),
(627, 'mail883885@test.com', 'J882370526z', 'face627.png', '鄔郁晴', '1989-02-12', 'B167474150', '男', '臺北市南港區', 192, 47, '雙子座', 'A', '無', '滴酒不沾', '學士', '船上作業人員', '上午日誌一位會計本人第一個人類靜靜', '0911353314', '2023-07-12 18:10:38'),
(628, 'mail310302@test.com', 'C261772914o', 'face628.png', '羅姿妤', '1997-07-12', 'A176995400', '女', '新北市坪林區', 159, 75, '處女座', 'O', '有', '小酌', '國中', '醫師', '生命移動', '0911902125', '2023-07-12 18:10:38'),
(629, 'mail893908@test.com', 'F208504497v', 'face629.png', '彭佳儀', '1987-02-15', 'P270920431', '男', '新北市雙溪區', 197, 89, '天秤座', 'B', '有', '滴酒不沾', '學士', '牙醫師', '發現其中疾病編輯通過級別太多律師寶寶比如', '0911679783', '2023-07-12 18:10:38'),
(630, 'mail230624@test.com', 'S151487817j', 'face630.png', '段家妤', '1990-01-23', 'I256859284', '男', '臺北市北投區', 151, 82, '射手座', 'AB', '有', '酒豪', '國小', 'IC設計工程師', '也可保健避免什麼黑', '0911269818', '2023-07-12 18:10:38'),
(631, 'mail96945@test.com', 'M291666649g', 'face631.png', '尹怡安', '1989-02-26', 'Y235408007', '男', '新北市汐止區', 168, 48, '雙子座', 'AB', '有', '小酌', '學士', '藥師輪機部船員', '公開固定水晶', '0911242531', '2023-07-12 18:10:38'),
(632, 'mail103489@test.com', 'R979653581v', 'face632.png', '姚秉諺', '1998-09-24', 'Z262332927', '男', '新北市林口區', 191, 98, '獅子座', 'A', '有', '小酌', '國中', '空服人員', '發現其中疾病編輯通過級別太多律師寶寶比如', '0911979003', '2023-07-12 18:10:38'),
(633, 'mail328827@test.com', 'K397350815v', 'face633.png', '盛秉叡', '1990-03-22', 'N139564377', '女', '新北市三芝區', 172, 40, '牡羊座', 'O', '有', '酒豪', '博士', '律師', '上午日誌一位會計本人第一個人類靜靜', '0911840844', '2023-07-12 18:10:38'),
(634, 'mail266281@test.com', 'M863380599k', 'face634.png', '彭羽彤', '1987-06-28', 'O211636733', '女', '新北市板橋區', 177, 83, '魔羯座', 'B', '無', '滴酒不沾', '碩士', '牙醫師', '站內死了機會', '0911931608', '2023-07-12 18:10:38'),
(635, 'mail918478@test.com', 'G188250851i', 'face635.png', '衛思涵', '1995-08-14', 'X279560423', '女', '新北市石門區', 178, 95, '射手座', 'O', '有', '滴酒不沾', '碩士', '數位IC設計工程師', '也可保健避免什麼黑', '0911627828', '2023-07-12 18:10:38'),
(636, 'mail925393@test.com', 'L876310456i', 'face636.png', '崔佳妤', '1991-12-31', 'J216469748', '女', '新北市樹林區', 167, 78, '牡羊座', 'A', '有', '酒豪', '國中', '麻醉醫師', '也可保健避免什麼黑', '0911281730', '2023-07-12 18:10:38'),
(637, 'mail402778@test.com', 'R811095176x', 'face637.png', '丘宇翔', '1986-08-28', 'M271286840', '男', '基隆市中山區', 170, 74, '雙子座', 'A', '有', '小酌', '博士', '牙醫師', '上午日誌一位會計本人第一個人類靜靜', '0911952194', '2023-07-12 18:10:38'),
(638, 'mail646895@test.com', 'X691873510g', 'face638.png', '宮子翔', '1988-04-29', 'J246399039', '男', '新北市三峽區', 188, 94, '獅子座', 'O', '有', '小酌', '碩士', '船上作業人員', '生命移動', '0911113117', '2023-07-12 18:10:38'),
(639, 'mail679981@test.com', 'G101246707u', 'face639.png', '孟怡蓁', '1990-05-14', 'N121843475', '男', '新北市三芝區', 188, 57, '天蠍座', 'AB', '有', '酒豪', '國中', '艙面部船員', '生命移動', '0911137797', '2023-07-12 18:10:38'),
(640, 'mail950996@test.com', 'G732175160x', 'face640.png', '凌承祐', '1991-12-30', 'J148092348', '男', '基隆市中正區', 169, 45, '水瓶座', 'B', '有', '酒豪', '高中', '艙面部船員', '也可保健避免什麼黑', '0911231888', '2023-07-12 18:10:38'),
(641, 'mail171026@test.com', 'F182895999y', 'face641.png', '古子涵', '1985-05-28', 'L280980715', '女', '新北市烏來區', 195, 53, '牡羊座', 'A', '無', '滴酒不沾', '高中', '護理長', '生命移動', '0911676511', '2023-07-12 18:10:38'),
(642, 'mail384412@test.com', 'W796887565l', 'face642.png', '卓宥蓁', '1990-04-04', 'J263423128', '男', '基隆市安樂區', 187, 82, '牡羊座', 'AB', '有', '酒豪', '高中', '船上作業人員', '發現其中疾病編輯通過級別太多律師寶寶比如', '0911398648', '2023-07-12 18:10:38'),
(643, 'mail742017@test.com', 'F432090987o', 'face643.png', '尚俊廷', '1999-07-27', 'K196313059', '女', '臺北市士林區', 189, 75, '水瓶座', 'O', '有', '酒豪', '高中', '牙醫師', '上午日誌一位會計本人第一個人類靜靜', '0911290183', '2023-07-12 18:10:38'),
(644, 'mail165400@test.com', 'R159661059q', 'face644.png', '向哲維', '1994-02-22', 'Q278506462', '女', '臺北市內湖區', 163, 88, '處女座', 'O', '有', '滴酒不沾', '國小', '中醫師', '站內死了機會', '0911160735', '2023-07-12 18:10:38'),
(645, 'mail507301@test.com', 'E108117932i', 'face645.png', '吳雅晴', '1992-12-30', 'D257334962', '男', '新北市雙溪區', 167, 66, '天秤座', 'A', '無', '酒豪', '博士', '藥師輪機部船員', '上午日誌一位會計本人第一個人類靜靜', '0911286703', '2023-07-12 18:10:38'),
(646, 'mail797669@test.com', 'C397489742n', 'face646.png', '廖冠宇', '1992-11-13', 'A134945254', '男', '基隆市中正區', 169, 105, '魔羯座', 'A', '無', '酒豪', '博士', '藥師輪機部船員', '上午日誌一位會計本人第一個人類靜靜', '0911267646', '2023-07-12 18:10:38'),
(647, 'mail239751@test.com', 'F632049754l', 'face647.png', '薛芊妤', '1985-03-16', 'R114944624', '男', '新北市中和區', 184, 94, '射手座', 'AB', '有', '滴酒不沾', '國小', '類比IC設計工程師', '發現其中疾病編輯通過級別太多律師寶寶比如', '0911690035', '2023-07-12 18:10:38'),
(648, 'mail795337@test.com', 'A169552061h', 'face648.png', '温子翔', '1994-11-07', 'J196108642', '男', '新北市三芝區', 188, 40, '雙魚座', 'B', '有', '酒豪', '國小', '牙醫師', '上午日誌一位會計本人第一個人類靜靜', '0911295683', '2023-07-12 18:10:38'),
(649, 'mail836180@test.com', 'Y328354360u', 'face649.png', '柯冠霆', '1991-06-08', 'R222627969', '女', '基隆市安樂區', 192, 81, '天蠍座', 'B', '無', '滴酒不沾', '國中', '醫師', '幾天肯定先後焦點既然和他熱情主機邀請搜尋引擎面前，女性建材什麼', '0911316571', '2023-07-12 18:10:38'),
(650, 'mail725114@test.com', 'W742784412c', 'face650.png', '金柏宏', '1995-11-22', 'Z270900442', '男', '臺北市信義區', 193, 68, '巨蟹座', 'A', '無', '滴酒不沾', '國中', '船上作業人員', '上午日誌一位會計本人第一個人類靜靜', '0911697521', '2023-07-12 18:10:38'),
(651, 'mail603874@test.com', 'O794351191l', 'face651.png', '解詠晴', '1993-09-02', 'U178045093', '男', '新北市烏來區', 167, 95, '牡羊座', 'AB', '無', '酒豪', '國中', '律師', '發現其中疾病編輯通過級別太多律師寶寶比如', '0911722722', '2023-07-12 18:10:38'),
(652, 'mail16870@test.com', 'H553554468m', 'face652.png', '鄧詩晴', '1989-01-19', 'T166413668', '男', '基隆市暖暖區', 169, 44, '雙子座', 'AB', '無', '滴酒不沾', '國中', '護理長', '幾天肯定先後焦點既然和他熱情主機邀請搜尋引擎面前，女性建材什麼', '0911262700', '2023-07-12 18:10:38'),
(653, 'mail788659@test.com', 'A866879948d', 'face653.png', '邢佳欣', '1999-06-28', 'W160994112', '女', '基隆市中正區', 153, 53, '處女座', 'B', '無', '滴酒不沾', '高中', '系統分析師', '公開固定水晶', '0911294332', '2023-07-12 18:10:38'),
(654, 'mail282742@test.com', 'P431160448h', 'face654.png', '練子芸', '1999-04-07', 'J253216696', '女', '新北市八里區', 154, 108, '水瓶座', 'AB', '無', '酒豪', '博士', '麻醉醫師', '公開固定水晶', '0911957021', '2023-07-12 18:10:38'),
(655, 'mail223481@test.com', 'B526747535a', 'face655.png', '雲冠霖', '1998-05-19', 'Y233533876', '男', '新北市瑞芳區', 163, 60, '金牛座', 'AB', '無', '滴酒不沾', '高中', '類比IC設計工程師', '幾天肯定先後焦點既然和他熱情主機邀請搜尋引擎面前，女性建材什麼', '0911774510', '2023-07-12 18:10:38'),
(656, 'mail131849@test.com', 'I303036894g', 'face656.png', '凌冠妤', '1996-05-22', 'P215239379', '男', '臺北市信義區', 167, 88, '水瓶座', 'O', '有', '滴酒不沾', '國小', 'IC設計工程師', '公開固定水晶', '0911212009', '2023-07-12 18:10:38'),
(657, 'mail446720@test.com', 'I122431173w', 'face657.png', '洪欣妤', '1997-06-07', 'N274047773', '男', '新北市板橋區', 161, 67, '雙子座', 'O', '有', '小酌', '學士', '律師', '也可保健避免什麼黑', '0911203800', '2023-07-12 18:10:38'),
(658, 'mail796584@test.com', 'G862356100k', 'face658.png', '丁浩宇', '1986-04-22', 'D259971592', '女', '臺北市中山區', 188, 55, '牡羊座', 'B', '有', '小酌', '國小', '系統分析師', '幾天肯定先後焦點既然和他熱情主機邀請搜尋引擎面前，女性建材什麼', '0911780362', '2023-07-12 18:10:38'),
(659, 'mail174321@test.com', 'L196971948a', 'face659.png', '夏子恩', '1991-07-27', 'L246706198', '女', '新北市坪林區', 191, 70, '牡羊座', 'B', '有', '酒豪', '國小', '護理長', '幾天肯定先後焦點既然和他熱情主機邀請搜尋引擎面前，女性建材什麼', '0911152646', '2023-07-12 18:10:38'),
(660, 'mail447583@test.com', 'W254965184b', 'face660.png', '段珮慈', '1993-12-11', 'A268105390', '女', '臺北市文山區', 175, 95, '牡羊座', 'B', '有', '小酌', '碩士', '律師', '也可保健避免什麼黑', '0911708077', '2023-07-12 18:10:38'),
(661, 'mail428848@test.com', 'U156587991r', 'face661.png', '童瑋庭', '1997-07-23', 'W286585116', '男', '臺北市中正區', 183, 89, '雙魚座', 'AB', '有', '酒豪', '國小', '艙面部船員', '幾天肯定先後焦點既然和他熱情主機邀請搜尋引擎面前，女性建材什麼', '0911769334', '2023-07-12 18:10:38'),
(662, 'mail869800@test.com', 'J460192254g', 'face662.png', '應昀臻', '1996-11-07', 'R125381545', '女', '基隆市中山區', 160, 104, '巨蟹座', 'A', '有', '滴酒不沾', '國小', '中醫師', '生命移動', '0911499613', '2023-07-12 18:10:38'),
(663, 'mail170708@test.com', 'X654474287w', 'face663.png', '許聖翔', '1999-12-16', 'J258585421', '女', '新北市土城區', 200, 78, '牡羊座', 'AB', '有', '酒豪', '高中', '數位IC設計工程師', '也可保健避免什麼黑', '0911789844', '2023-07-12 18:10:38'),
(664, 'mail554462@test.com', 'G638497362g', 'face664.png', '鄔詩涵', '1992-05-09', 'M171390345', '女', '基隆市安樂區', 189, 61, '天秤座', 'B', '無', '滴酒不沾', '高中', '建築師', '上午日誌一位會計本人第一個人類靜靜', '0911342536', '2023-07-12 18:10:38'),
(665, 'mail845456@test.com', 'X990216343e', 'face665.png', '蔡宥嘉', '1991-05-24', 'W247798447', '男', '新北市瑞芳區', 157, 86, '魔羯座', 'O', '無', '滴酒不沾', '高中', '聯結車司機', '生命移動', '0911825522', '2023-07-12 18:10:38'),
(666, 'mail761134@test.com', 'J882652521g', 'face666.png', '塗柏辰', '1992-04-06', 'R199767476', '男', '基隆市仁愛區', 160, 101, '處女座', 'O', '無', '小酌', '博士', '飛行機師', '站內死了機會', '0911258359', '2023-07-12 18:10:38'),
(667, 'mail524516@test.com', 'Y509303388f', 'face667.png', '邢宗翰', '1989-01-25', 'M275796172', '女', '新北市平溪區', 187, 89, '金牛座', 'AB', '無', '滴酒不沾', '學士', '飛行機師', '公開固定水晶', '0911219714', '2023-07-12 18:10:38'),
(668, 'mail407032@test.com', 'K224170820j', 'face668.png', '鄭宥翔', '1998-08-10', 'Y242591223', '男', '臺北市文山區', 197, 80, '魔羯座', 'B', '無', '酒豪', '碩士', '數位IC設計工程師', '幾天肯定先後焦點既然和他熱情主機邀請搜尋引擎面前，女性建材什麼', '0911474739', '2023-07-12 18:10:38'),
(669, 'mail475231@test.com', 'E770352869q', 'face669.png', '鮑哲維', '1997-12-05', 'A240506645', '男', '臺北市松山區', 192, 89, '魔羯座', 'O', '有', '酒豪', '碩士', '藥師輪機部船員', '也可保健避免什麼黑', '0911398241', '2023-07-12 18:10:38'),
(670, 'mail844225@test.com', 'J683695006t', 'face670.png', '左宗翰', '1992-05-09', 'X176211108', '女', '新北市三重區', 198, 65, '處女座', 'AB', '無', '酒豪', '國小', '中醫師', '上午日誌一位會計本人第一個人類靜靜', '0911132404', '2023-07-12 18:10:38'),
(671, 'mail553397@test.com', 'Q369924451r', 'face671.png', '武芷萱', '1990-04-19', 'P175219167', '男', '新北市中和區', 191, 89, '雙魚座', 'AB', '有', '小酌', '碩士', '藝術總監', '幾天肯定先後焦點既然和他熱情主機邀請搜尋引擎面前，女性建材什麼', '0911632101', '2023-07-12 18:10:38'),
(672, 'mail530162@test.com', 'H819994666s', 'face672.png', '溫子瑄', '1990-05-23', 'W242271091', '男', '基隆市中正區', 157, 51, '巨蟹座', 'AB', '有', '小酌', '博士', '醫學美容', '公開固定水晶', '0911514472', '2023-07-12 18:10:38'),
(673, 'mail468785@test.com', 'Y430821830m', 'face673.png', '倪秉宏', '1998-07-30', 'Q147570528', '女', '新北市中和區', 150, 43, '金牛座', 'A', '有', '酒豪', '高中', '護理長', '公開固定水晶', '0911491424', '2023-07-12 18:10:38'),
(674, 'mail206803@test.com', 'O329032134d', 'face674.png', '王冠傑', '1990-04-10', 'F125054260', '男', '臺北市文山區', 153, 81, '牡羊座', 'O', '無', '滴酒不沾', '國小', '聯結車司機', '公開固定水晶', '0911868156', '2023-07-12 18:10:38'),
(675, 'mail590610@test.com', 'P210357770b', 'face675.png', '何佳妤', '1986-01-04', 'U284670719', '男', '新北市平溪區', 184, 105, '獅子座', 'AB', '無', '小酌', '國中', '建築師', '也可保健避免什麼黑', '0911844407', '2023-07-12 18:10:38'),
(676, 'mail434223@test.com', 'D872450686u', 'face676.png', '艾佳儀', '1997-01-14', 'D228572210', '男', '新北市中和區', 182, 82, '射手座', 'AB', '有', '小酌', '高中', '艙面部船員', '生命移動', '0911569705', '2023-07-12 18:10:38'),
(677, 'mail636146@test.com', 'D326021450k', 'face677.png', '魯昀臻', '1986-03-24', 'Q113117022', '男', '新北市萬里區', 180, 63, '雙魚座', 'A', '無', '滴酒不沾', '高中', '藝術總監', '上午日誌一位會計本人第一個人類靜靜', '0911881487', '2023-07-12 18:10:38'),
(678, 'mail883548@test.com', 'O988263544o', 'face678.png', '史詩晴', '1985-10-27', 'O235830927', '女', '新北市金山區', 161, 42, '牡羊座', 'O', '無', '滴酒不沾', '學士', '聯結車司機', '幾天肯定先後焦點既然和他熱情主機邀請搜尋引擎面前，女性建材什麼', '0911738098', '2023-07-12 18:10:38'),
(679, 'mail701097@test.com', 'X502769832m', 'face679.png', '邱語婕', '1994-01-28', 'S232153825', '女', '新北市板橋區', 160, 75, '天蠍座', 'B', '有', '小酌', '國中', '艙面部船員', '公開固定水晶', '0911766582', '2023-07-12 18:10:38'),
(680, 'mail845481@test.com', 'Q337597227j', 'face680.png', '符祐誠', '1989-02-27', 'T245486221', '男', '臺北市士林區', 191, 101, '天蠍座', 'AB', '有', '小酌', '學士', '護理長', '站內死了機會', '0911805063', '2023-07-12 18:10:38'),
(681, 'mail823296@test.com', 'F389683265b', 'face681.png', '阮彥均', '1996-12-31', 'P131414073', '男', '新北市林口區', 187, 65, '魔羯座', 'AB', '有', '酒豪', '國小', '醫師', '也可保健避免什麼黑', '0911422604', '2023-07-12 18:10:38'),
(682, 'mail962171@test.com', 'C228458264p', 'face682.png', '利宇翔', '1994-01-02', 'M194196168', '男', '新北市瑞芳區', 198, 76, '天秤座', 'A', '無', '酒豪', '碩士', '藥師輪機部船員', '發現其中疾病編輯通過級別太多律師寶寶比如', '0911184079', '2023-07-12 18:10:38'),
(683, 'mail602074@test.com', 'C366307010c', 'face683.png', '齊庭瑜', '1991-11-23', 'H148362946', '男', '新北市貢寮區', 168, 90, '巨蟹座', 'AB', '有', '小酌', '國中', '類比IC設計工程師', '發現其中疾病編輯通過級別太多律師寶寶比如', '0911207839', '2023-07-12 18:10:38'),
(684, 'mail207882@test.com', 'P277181107p', 'face684.png', '丘芊妤', '1991-10-14', 'O263231220', '男', '新北市石門區', 167, 63, '處女座', 'O', '無', '滴酒不沾', '學士', '艙面部船員', '生命移動', '0911314693', '2023-07-12 18:10:38'),
(685, 'mail858717@test.com', 'C599489846z', 'face685.png', '魯昱安', '1989-02-25', 'K298863408', '女', '新北市板橋區', 200, 91, '巨蟹座', 'A', '無', '滴酒不沾', '高中', '船上作業人員', '站內死了機會', '0911121956', '2023-07-12 18:10:38'),
(686, 'mail480350@test.com', 'Z807586156o', 'face686.png', '解宇傑', '1986-07-12', 'E111102957', '女', '新北市三峽區', 174, 60, '獅子座', 'A', '有', '滴酒不沾', '博士', '醫師', '生命移動', '0911641129', '2023-07-12 18:10:38'),
(687, 'mail289134@test.com', 'I947591848q', 'face687.png', '游庭妤', '1989-05-26', 'A157940844', '女', '臺北市大安區', 163, 78, '天蠍座', 'AB', '有', '小酌', '碩士', '飛行機師', '發現其中疾病編輯通過級別太多律師寶寶比如', '0911710170', '2023-07-12 18:10:38'),
(688, 'mail264968@test.com', 'O998660792b', 'face688.png', '温芷萱', '1986-03-14', 'I141999207', '男', '臺北市信義區', 180, 78, '處女座', 'O', '有', '酒豪', '碩士', '牙醫師', '發現其中疾病編輯通過級別太多律師寶寶比如', '0911215760', '2023-07-12 18:10:38'),
(689, 'mail135181@test.com', 'W525607127m', 'face689.png', '艾柏翰', '1997-06-22', 'K290304296', '女', '新北市汐止區', 185, 90, '雙魚座', 'O', '無', '小酌', '學士', '麻醉醫師', '上午日誌一位會計本人第一個人類靜靜', '0911457279', '2023-07-12 18:10:38'),
(690, 'mail374734@test.com', 'A568552328o', 'face690.png', '朱雅晴', '1996-03-26', 'T169562651', '女', '新北市平溪區', 151, 42, '牡羊座', 'O', '有', '小酌', '碩士', '類比IC設計工程師', '幾天肯定先後焦點既然和他熱情主機邀請搜尋引擎面前，女性建材什麼', '0911590406', '2023-07-12 18:10:38'),
(691, 'mail94077@test.com', 'Z352963556l', 'face691.png', '包郁涵', '1996-12-13', 'R212498196', '女', '新北市平溪區', 185, 72, '天蠍座', 'A', '無', '酒豪', '碩士', '護理長', '也可保健避免什麼黑', '0911116315', '2023-07-12 18:10:38'),
(692, 'mail362504@test.com', 'R679164890j', 'face692.png', '全昀臻', '1985-02-22', 'V114497955', '男', '新北市中和區', 182, 47, '牡羊座', 'B', '有', '小酌', '國小', '藥師輪機部船員', '幾天肯定先後焦點既然和他熱情主機邀請搜尋引擎面前，女性建材什麼', '0911788619', '2023-07-12 18:10:38'),
(693, 'mail871476@test.com', 'F693382005a', 'face693.png', '華哲宇', '1988-01-19', 'C277496854', '男', '新北市泰山區', 189, 60, '牡羊座', 'AB', '無', '小酌', '碩士', '數位IC設計工程師', '公開固定水晶', '0911958417', '2023-07-12 18:10:38'),
(694, 'mail604746@test.com', 'N697660410p', 'face694.png', '曲心瑜', '1985-11-13', 'J232005278', '女', '臺北市中山區', 152, 67, '處女座', 'A', '有', '酒豪', '國中', '牙醫師', '站內死了機會', '0911837918', '2023-07-12 18:10:38'),
(695, 'mail961465@test.com', 'K870420881x', 'face695.png', '唐詩晴', '1996-01-26', 'Y294313669', '男', '新北市金山區', 173, 107, '天秤座', 'O', '無', '酒豪', '博士', '護理長', '站內死了機會', '0911205398', '2023-07-12 18:10:38'),
(696, 'mail13428@test.com', 'Z504181822z', 'face696.png', '商凱傑', '1995-02-19', 'G254528623', '女', '基隆市暖暖區', 197, 40, '處女座', 'AB', '有', '酒豪', '博士', '醫師', '公開固定水晶', '0911337141', '2023-07-12 18:10:38'),
(697, 'mail946556@test.com', 'A582973470v', 'face697.png', '趙凱傑', '1991-12-02', 'V214925350', '男', '新北市金山區', 167, 64, '魔羯座', 'AB', '無', '滴酒不沾', '博士', '飛行機師', '站內死了機會', '0911836272', '2023-07-12 18:10:38'),
(698, 'mail21172@test.com', 'N130832074v', 'face698.png', '蕭宥翔', '1991-05-04', 'M226969554', '女', '新北市萬里區', 174, 45, '射手座', 'O', '無', '酒豪', '國小', '艙面部船員', '發現其中疾病編輯通過級別太多律師寶寶比如', '0911875847', '2023-07-12 18:10:38'),
(699, 'mail578736@test.com', 'R554109430d', 'face699.png', '卓柏勳', '1987-10-11', 'S224305333', '男', '新北市平溪區', 157, 104, '金牛座', 'O', '無', '酒豪', '博士', '空服人員', '公開固定水晶', '0911396071', '2023-07-12 18:10:38'),
(700, 'mail709142@test.com', 'N318000798i', 'face700.png', '唐佳蓁', '1985-12-09', 'U158707131', '女', '新北市林口區', 195, 92, '雙子座', 'A', '有', '小酌', '博士', '空服人員', '發現其中疾病編輯通過級別太多律師寶寶比如', '0911699962', '2023-07-12 18:10:38'),
(701, 'mail947765@test.com', 'Y734992481u', 'face701.png', '陸子萱', '1991-04-05', 'U221328042', '男', '基隆市安樂區', 157, 78, '水瓶座', 'AB', '有', '酒豪', '國小', '艙面部船員', '生命移動', '0911702501', '2023-07-12 18:10:38'),
(702, 'mail404514@test.com', 'F998652445z', 'face702.png', '詹芷瑄', '1999-06-08', 'L154514674', '女', '新北市瑞芳區', 167, 110, '魔羯座', 'A', '有', '滴酒不沾', '高中', '中醫師', '站內死了機會', '0911110903', '2023-07-12 18:10:38'),
(703, 'mail496853@test.com', 'Y230783108h', 'face703.png', '湯佳臻', '1992-10-25', 'S290545474', '女', '新北市三重區', 171, 75, '牡羊座', 'A', '有', '滴酒不沾', '學士', '中醫師', '上午日誌一位會計本人第一個人類靜靜', '0911164761', '2023-07-12 18:10:38'),
(704, 'mail695547@test.com', 'E813522508o', 'face704.png', '欒柏睿', '1989-07-19', 'S175599657', '女', '新北市平溪區', 171, 57, '雙子座', 'A', '有', '酒豪', '高中', '藥師輪機部船員', '發現其中疾病編輯通過級別太多律師寶寶比如', '0911959258', '2023-07-12 18:10:38'),
(705, 'mail801870@test.com', 'Q546864793e', 'face705.png', '盧威廷', '1996-03-24', 'J224944333', '男', '新北市石門區', 152, 84, '雙子座', 'O', '無', '酒豪', '國中', '醫師', '公開固定水晶', '0911982383', '2023-07-12 18:10:38'),
(706, 'mail452179@test.com', 'E756757066p', 'face706.png', '金浩宇', '1997-01-15', 'R194439109', '男', '新北市中和區', 161, 67, '牡羊座', 'A', '無', '酒豪', '高中', '船上作業人員', '公開固定水晶', '0911142465', '2023-07-12 18:10:38'),
(707, 'mail268375@test.com', 'M622494938s', 'face707.png', '連凱翔', '1990-12-30', 'O132237112', '男', '新北市瑞芳區', 181, 79, '射手座', 'O', '無', '小酌', '國中', 'IC設計工程師', '站內死了機會', '0911501507', '2023-07-12 18:10:38'),
(708, 'mail807431@test.com', 'M897872632o', 'face708.png', '馬彥霖', '1986-09-01', 'J265568786', '女', '新北市烏來區', 166, 51, '水瓶座', 'O', '無', '小酌', '國小', '藥師輪機部船員', '上午日誌一位會計本人第一個人類靜靜', '0911232721', '2023-07-12 18:10:38'),
(709, 'mail213030@test.com', 'H822419103b', 'face709.png', '詹承諺', '1988-12-29', 'T119131320', '女', '臺北市文山區', 156, 71, '水瓶座', 'B', '無', '酒豪', '國小', '藥師輪機部船員', '生命移動', '0911618362', '2023-07-12 18:10:38'),
(710, 'mail337065@test.com', 'M180853007h', 'face710.png', '艾雅雯', '1987-05-23', 'M266833618', '女', '新北市萬里區', 151, 79, '牡羊座', 'AB', '無', '滴酒不沾', '學士', '艙面部船員', '發現其中疾病編輯通過級別太多律師寶寶比如', '0911478290', '2023-07-12 18:10:38'),
(711, 'mail672491@test.com', 'U538860055f', 'face711.png', '闕芯瑜', '1997-11-22', 'Q156363703', '男', '新北市土城區', 151, 101, '牡羊座', 'B', '無', '酒豪', '國中', '律師', '上午日誌一位會計本人第一個人類靜靜', '0911440135', '2023-07-12 18:10:38');
INSERT INTO `member` (`member_id`, `email`, `password`, `images`, `member_name`, `member_birth`, `id_number`, `gender`, `location`, `height`, `weight`, `zodiac`, `bloodtype`, `smoke`, `alchohol`, `education_level`, `job`, `profile`, `mobile`, `create_at`) VALUES
(712, 'mail425163@test.com', 'M365883691p', 'face712.png', '力宗翰', '1986-11-15', 'S135298220', '男', '新北市石門區', 183, 76, '獅子座', 'AB', '無', '滴酒不沾', '高中', '聯結車司機', '也可保健避免什麼黑', '0911299454', '2023-07-12 18:10:38'),
(713, 'mail270712@test.com', 'U914750697k', 'face713.png', '錢芷妍', '1988-01-02', 'Z176643521', '女', '新北市五股區', 194, 108, '魔羯座', 'AB', '無', '滴酒不沾', '碩士', '類比IC設計工程師', '也可保健避免什麼黑', '0911428598', '2023-07-12 18:10:38'),
(714, 'mail624688@test.com', 'Z918275593k', 'face714.png', '苗宇傑', '1998-05-27', 'J174902006', '男', '基隆市中正區', 184, 110, '雙子座', 'A', '無', '酒豪', '高中', '船上作業人員', '幾天肯定先後焦點既然和他熱情主機邀請搜尋引擎面前，女性建材什麼', '0911546790', '2023-07-12 18:10:38'),
(715, 'mail53662@test.com', 'K805174161p', 'face715.png', '顏廷宇', '1993-07-12', 'U152818184', '男', '新北市中和區', 195, 54, '射手座', 'O', '無', '滴酒不沾', '碩士', '類比IC設計工程師', '公開固定水晶', '0911135228', '2023-07-12 18:10:38'),
(716, 'mail788490@test.com', 'D969782623p', 'face716.png', '符佳穎', '1992-12-06', 'Y157822411', '女', '新北市泰山區', 183, 58, '雙子座', 'O', '無', '小酌', '國中', 'IC設計工程師', '幾天肯定先後焦點既然和他熱情主機邀請搜尋引擎面前，女性建材什麼', '0911801922', '2023-07-12 18:10:38'),
(717, 'mail56163@test.com', 'I225632914f', 'face717.png', '祁湘婷', '1996-09-20', 'I251192556', '男', '新北市坪林區', 194, 94, '天秤座', 'O', '有', '小酌', '高中', '牙醫師', '站內死了機會', '0911237322', '2023-07-12 18:10:38'),
(718, 'mail414381@test.com', 'W885425157u', 'face718.png', '甘子豪', '1991-11-02', 'L259081446', '男', '臺北市信義區', 174, 58, '水瓶座', 'O', '無', '酒豪', '學士', '聯結車司機', '公開固定水晶', '0911322996', '2023-07-12 18:10:38'),
(719, 'mail31352@test.com', 'F155609628n', 'face719.png', '臧祐誠', '1997-12-16', 'X170228949', '男', '新北市貢寮區', 198, 75, '雙魚座', 'AB', '無', '滴酒不沾', '國小', '建築師', '生命移動', '0911493120', '2023-07-12 18:10:38'),
(720, 'mail922665@test.com', 'O186754053m', 'face720.png', '尚宣妤', '1995-10-13', 'B152202949', '男', '新北市蘆洲區', 160, 96, '雙魚座', 'AB', '無', '酒豪', '博士', 'IC設計工程師', '上午日誌一位會計本人第一個人類靜靜', '0911144364', '2023-07-12 18:10:38'),
(721, 'mail702291@test.com', 'I997468674t', 'face721.png', '龍柏均', '1989-09-04', 'K234164008', '女', '新北市板橋區', 181, 84, '巨蟹座', 'AB', '有', '小酌', '國中', '聯結車司機', '幾天肯定先後焦點既然和他熱情主機邀請搜尋引擎面前，女性建材什麼', '0911800843', '2023-07-12 18:10:38'),
(722, 'mail555761@test.com', 'Q429304254k', 'face722.png', '江芷萱', '1989-12-30', 'U179555949', '女', '新北市三重區', 185, 69, '雙魚座', 'AB', '無', '滴酒不沾', '博士', '建築師', '公開固定水晶', '0911133240', '2023-07-12 18:10:38'),
(723, 'mail411907@test.com', 'V178894173g', 'face723.png', '宗冠穎', '1986-09-12', 'C141506145', '女', '臺北市松山區', 172, 59, '天秤座', 'A', '無', '酒豪', '博士', '數位IC設計工程師', '生命移動', '0911418769', '2023-07-12 18:10:38'),
(724, 'mail161743@test.com', 'I578921631r', 'face724.png', '買冠霖', '1996-11-20', 'B221569355', '女', '新北市土城區', 200, 48, '射手座', 'A', '無', '小酌', '學士', '系統分析師', '幾天肯定先後焦點既然和他熱情主機邀請搜尋引擎面前，女性建材什麼', '0911923728', '2023-07-12 18:10:38'),
(725, 'mail771025@test.com', 'W401329291t', 'face725.png', '樓宥均', '1988-08-28', 'R159560657', '男', '新北市貢寮區', 183, 76, '金牛座', 'A', '無', '小酌', '國小', '律師', '站內死了機會', '0911893462', '2023-07-12 18:10:38'),
(726, 'mail675444@test.com', 'L377741697t', 'face726.png', '康芷涵', '1992-07-06', 'W139595672', '女', '臺北市中山區', 175, 68, '雙魚座', 'A', '有', '滴酒不沾', '碩士', '護理長', '也可保健避免什麼黑', '0911108569', '2023-07-12 18:10:38'),
(727, 'mail263157@test.com', 'Y690325691t', 'face727.png', '向詩涵', '1992-12-02', 'X138363519', '女', '基隆市安樂區', 178, 82, '射手座', 'AB', '無', '酒豪', '學士', '牙醫師', '公開固定水晶', '0911457594', '2023-07-12 18:10:38'),
(728, 'mail18186@test.com', 'K732103328g', 'face728.png', '彭柏宇', '1990-01-10', 'Y179068923', '女', '基隆市信義區', 150, 65, '天蠍座', 'A', '無', '小酌', '國小', '麻醉醫師', '發現其中疾病編輯通過級別太多律師寶寶比如', '0911986327', '2023-07-12 18:10:38'),
(729, 'mail844265@test.com', 'X307360662b', 'face729.png', '褚怡臻', '1998-12-05', 'J168507372', '男', '新北市坪林區', 191, 73, '獅子座', 'AB', '無', '小酌', '國小', '建築師', '生命移動', '0911148795', '2023-07-12 18:10:38'),
(730, 'mail543101@test.com', 'G195217322h', 'face730.png', '麥宜芳', '1991-05-18', 'P276361085', '女', '新北市林口區', 157, 51, '雙魚座', 'AB', '有', '酒豪', '碩士', '藝術總監', '發現其中疾病編輯通過級別太多律師寶寶比如', '0911236717', '2023-07-12 18:10:38'),
(731, 'mail628357@test.com', 'Y973287870c', 'face731.png', '倪品妤', '1985-02-13', 'M110582095', '男', '臺北市大安區', 196, 42, '處女座', 'O', '無', '酒豪', '博士', '麻醉醫師', '上午日誌一位會計本人第一個人類靜靜', '0911805467', '2023-07-12 18:10:38'),
(732, 'mail300376@test.com', 'P389522089c', 'face732.png', '傅奕廷', '1991-07-08', 'K235455434', '女', '新北市坪林區', 185, 80, '雙魚座', 'B', '有', '滴酒不沾', '國中', '系統分析師', '公開固定水晶', '0911394210', '2023-07-12 18:10:38'),
(733, 'mail507020@test.com', 'P733056827u', 'face733.png', '汪昱安', '1989-04-14', 'F222441390', '男', '臺北市北投區', 160, 60, '牡羊座', 'A', '無', '酒豪', '高中', '系統分析師', '站內死了機會', '0911215272', '2023-07-12 18:10:38'),
(734, 'mail603049@test.com', 'U165577012o', 'face734.png', '歐陽郁晴', '1985-01-05', 'L188186491', '男', '基隆市安樂區', 178, 96, '處女座', 'A', '有', '滴酒不沾', '國小', '醫學美容', '站內死了機會', '0911107482', '2023-07-12 18:10:38'),
(735, 'mail397841@test.com', 'N555379673c', 'face735.png', '呂姿穎', '1987-12-16', 'Q178634090', '女', '新北市萬里區', 190, 65, '天秤座', 'AB', '無', '滴酒不沾', '國小', '空服人員', '站內死了機會', '0911469101', '2023-07-12 18:10:38'),
(736, 'mail912142@test.com', 'E216768073h', 'face736.png', '練祐誠', '1991-04-05', 'M116385119', '女', '新北市泰山區', 188, 44, '水瓶座', 'AB', '無', '小酌', '國小', '飛行機師', '也可保健避免什麼黑', '0911768223', '2023-07-12 18:10:38'),
(737, 'mail673848@test.com', 'R593625630c', 'face737.png', '翁宜君', '1989-03-21', 'N131400893', '女', '新北市八里區', 176, 51, '金牛座', 'AB', '有', '小酌', '學士', '藥師輪機部船員', '生命移動', '0911702105', '2023-07-12 18:10:38'),
(738, 'mail93697@test.com', 'N721132787n', 'face738.png', '粘靖淳', '1996-09-24', 'Z259575177', '女', '基隆市信義區', 151, 105, '雙子座', 'AB', '無', '小酌', '國中', '船上作業人員', '生命移動', '0911436932', '2023-07-12 18:10:38'),
(739, 'mail712318@test.com', 'K121040700u', 'face739.png', '姜俊傑', '1995-04-10', 'X114976804', '女', '新北市泰山區', 168, 85, '雙子座', 'A', '無', '滴酒不沾', '國小', '護理長', '也可保健避免什麼黑', '0911452727', '2023-07-12 18:10:38'),
(740, 'mail524560@test.com', 'X226625260b', 'face740.png', '余家妤', '1998-06-29', 'G268851540', '女', '新北市石碇區', 164, 90, '獅子座', 'B', '有', '小酌', '國小', '律師', '幾天肯定先後焦點既然和他熱情主機邀請搜尋引擎面前，女性建材什麼', '0911556105', '2023-07-12 18:10:38'),
(741, 'mail339447@test.com', 'T317118773z', 'face741.png', '卓承勳', '1988-08-29', 'M215864190', '女', '新北市蘆洲區', 172, 85, '射手座', 'A', '無', '滴酒不沾', '國中', '建築師', '也可保健避免什麼黑', '0911414793', '2023-07-12 18:10:38'),
(742, 'mail455559@test.com', 'G767457695e', 'face742.png', '牛育瑄', '1991-09-23', 'O116891768', '女', '新北市鶯歌區', 168, 52, '雙子座', 'A', '無', '小酌', '碩士', '飛行機師', '也可保健避免什麼黑', '0911396586', '2023-07-12 18:10:38'),
(743, 'mail297955@test.com', 'E961598419e', 'face743.png', '王子翔', '1987-06-09', 'F117739290', '女', '新北市蘆洲區', 187, 40, '魔羯座', 'B', '有', '滴酒不沾', '高中', '藥師輪機部船員', '也可保健避免什麼黑', '0911153748', '2023-07-12 18:10:38'),
(744, 'mail974264@test.com', 'E183818965h', 'face744.png', '金靖雯', '1998-10-27', 'J168266294', '女', '基隆市信義區', 182, 103, '水瓶座', 'AB', '有', '酒豪', '國中', '律師', '幾天肯定先後焦點既然和他熱情主機邀請搜尋引擎面前，女性建材什麼', '0911866027', '2023-07-12 18:10:38'),
(745, 'mail246671@test.com', 'K133498173k', 'face745.png', '唐柏霖', '1992-02-01', 'P216742222', '女', '新北市萬里區', 178, 58, '牡羊座', 'B', '有', '滴酒不沾', '學士', '數位IC設計工程師', '也可保健避免什麼黑', '0911400434', '2023-07-12 18:10:38'),
(746, 'mail593068@test.com', 'H967564991e', 'face746.png', '項育誠', '1993-02-24', 'K238228948', '男', '臺北市南港區', 165, 40, '巨蟹座', 'B', '無', '小酌', '國小', '醫師', '發現其中疾病編輯通過級別太多律師寶寶比如', '0911928287', '2023-07-12 18:10:38'),
(747, 'mail845978@test.com', 'V560180542h', 'face747.png', '龍雅雯', '1991-09-02', 'I197425838', '男', '基隆市暖暖區', 153, 75, '雙魚座', 'O', '有', '滴酒不沾', '碩士', 'IC設計工程師', '也可保健避免什麼黑', '0911907298', '2023-07-12 18:10:38'),
(748, 'mail26208@test.com', 'N859222872q', 'face748.png', '葉昱凱', '1988-11-14', 'S147279725', '男', '臺北市萬華區', 158, 92, '金牛座', 'O', '有', '滴酒不沾', '博士', 'IC設計工程師', '生命移動', '0911800721', '2023-07-12 18:10:38'),
(749, 'mail787571@test.com', 'Y191506853p', 'face749.png', '陽子翔', '1990-01-03', 'R194264398', '女', '臺北市士林區', 166, 102, '魔羯座', 'O', '有', '滴酒不沾', '碩士', '藝術總監', '幾天肯定先後焦點既然和他熱情主機邀請搜尋引擎面前，女性建材什麼', '0911878408', '2023-07-12 18:10:38'),
(750, 'mail746833@test.com', 'O171775532l', 'face750.png', '詹芸瑄', '1994-01-29', 'P229532083', '男', '基隆市中正區', 196, 52, '獅子座', 'A', '有', '酒豪', '學士', '艙面部船員', '發現其中疾病編輯通過級別太多律師寶寶比如', '0911494282', '2023-07-12 18:10:38'),
(751, 'mail61591@test.com', 'B194381093c', 'face751.png', '段宥均', '1990-05-22', 'V188813701', '男', '新北市淡水區', 162, 86, '巨蟹座', 'A', '有', '滴酒不沾', '高中', '醫師', '發現其中疾病編輯通過級別太多律師寶寶比如', '0911589623', '2023-07-12 18:10:38'),
(752, 'mail375157@test.com', 'T335470814j', 'face752.png', '翁怡蓁', '1995-03-19', 'V211853946', '男', '臺北市士林區', 160, 102, '魔羯座', 'O', '有', '滴酒不沾', '博士', '中醫師', '生命移動', '0911439690', '2023-07-12 18:10:38'),
(753, 'mail19670@test.com', 'G199207926x', 'face753.png', '巴詩婷', '1991-02-09', 'A193263913', '男', '臺北市松山區', 173, 63, '魔羯座', 'B', '有', '酒豪', '學士', '系統分析師', '公開固定水晶', '0911636321', '2023-07-12 18:10:38'),
(754, 'mail369701@test.com', 'W627129172c', 'face754.png', '池姿穎', '1987-08-31', 'I222379512', '女', '基隆市七堵區', 151, 97, '魔羯座', 'B', '無', '小酌', '高中', '護理長', '發現其中疾病編輯通過級別太多律師寶寶比如', '0911183889', '2023-07-12 18:10:38'),
(755, 'mail652002@test.com', 'U641463598o', 'face755.png', '丁詩涵', '1994-01-05', 'F238594731', '女', '新北市八里區', 153, 71, '雙子座', 'B', '有', '酒豪', '高中', '中醫師', '也可保健避免什麼黑', '0911447167', '2023-07-12 18:10:38'),
(756, 'mail987236@test.com', 'Z571344141s', 'face756.png', '陶庭瑜', '1996-07-24', 'M197460727', '男', '臺北市北投區', 191, 51, '天蠍座', 'O', '無', '酒豪', '學士', '中醫師', '生命移動', '0911573918', '2023-07-12 18:10:38'),
(757, 'mail474684@test.com', 'U454819436c', 'face757.png', '崔奕翔', '1990-05-23', 'C239751108', '女', '基隆市中山區', 188, 81, '天蠍座', 'AB', '有', '滴酒不沾', '博士', '系統分析師', '公開固定水晶', '0911927485', '2023-07-12 18:10:38'),
(758, 'mail853266@test.com', 'F939510892h', 'face758.png', '柯欣妤', '1985-04-08', 'H288888353', '女', '新北市瑞芳區', 193, 83, '牡羊座', 'O', '有', '小酌', '學士', '醫學美容', '發現其中疾病編輯通過級別太多律師寶寶比如', '0911925338', '2023-07-12 18:10:38'),
(759, 'mail931774@test.com', 'A839936474s', 'face759.png', '邢俊傑', '1985-01-13', 'X132102408', '男', '新北市瑞芳區', 197, 48, '處女座', 'B', '有', '滴酒不沾', '國小', '牙醫師', '站內死了機會', '0911946082', '2023-07-12 18:10:38'),
(760, 'mail662748@test.com', 'D279517226u', 'face760.png', '祝翊瑄', '1993-05-20', 'J160582884', '男', '臺北市內湖區', 165, 41, '獅子座', 'A', '有', '酒豪', '碩士', 'IC設計工程師', '也可保健避免什麼黑', '0911778208', '2023-07-12 18:10:38'),
(761, 'mail258949@test.com', 'Z864248650k', 'face761.png', '趙柏辰', '1993-02-16', 'T225422940', '男', '臺北市信義區', 156, 110, '雙魚座', 'AB', '有', '小酌', '國小', '系統分析師', '幾天肯定先後焦點既然和他熱情主機邀請搜尋引擎面前，女性建材什麼', '0911237439', '2023-07-12 18:10:38'),
(762, 'mail283420@test.com', 'W207167589a', 'face762.png', '鄞浩宇', '1985-09-27', 'Z117323218', '男', '新北市平溪區', 181, 51, '金牛座', 'B', '有', '滴酒不沾', '博士', '建築師', '發現其中疾病編輯通過級別太多律師寶寶比如', '0911159048', '2023-07-12 18:10:38'),
(763, 'mail332957@test.com', 'R896851200x', 'face763.png', '程芷萱', '1994-02-12', 'Z151574437', '男', '臺北市松山區', 183, 89, '雙魚座', 'B', '無', '酒豪', '國小', '聯結車司機', '發現其中疾病編輯通過級別太多律師寶寶比如', '0911496129', '2023-07-12 18:10:38'),
(764, 'mail687970@test.com', 'F730698514f', 'face764.png', '丁依璇', '1987-12-20', 'Y183075387', '男', '新北市坪林區', 196, 59, '天秤座', 'A', '有', '滴酒不沾', '學士', '中醫師', '上午日誌一位會計本人第一個人類靜靜', '0911102206', '2023-07-12 18:10:38'),
(765, 'mail31654@test.com', 'R544483262l', 'face765.png', '柯雅晴', '1987-11-13', 'K191790135', '女', '臺北市士林區', 167, 95, '處女座', 'O', '無', '酒豪', '碩士', '建築師', '上午日誌一位會計本人第一個人類靜靜', '0911305630', '2023-07-12 18:10:38'),
(766, 'mail702414@test.com', 'X468314242j', 'face766.png', '梁宜庭', '1995-08-06', 'H269235244', '女', '基隆市仁愛區', 162, 69, '牡羊座', 'B', '無', '酒豪', '博士', '麻醉醫師', '站內死了機會', '0911689592', '2023-07-12 18:10:38'),
(767, 'mail405073@test.com', 'K810746818e', 'face767.png', '涂承祐', '1999-10-13', 'Z193295957', '男', '新北市深坑區', 169, 42, '牡羊座', 'O', '無', '酒豪', '高中', '律師', '公開固定水晶', '0911264102', '2023-07-12 18:10:38'),
(768, 'mail869769@test.com', 'R147068684t', 'face768.png', '韓思妤', '1985-03-07', 'J233673122', '女', '新北市新店區', 165, 65, '天蠍座', 'AB', '有', '滴酒不沾', '國中', '麻醉醫師', '發現其中疾病編輯通過級別太多律師寶寶比如', '0911392335', '2023-07-12 18:10:38'),
(769, 'mail274245@test.com', 'V359905789h', 'face769.png', '邱冠穎', '1992-08-08', 'Q192814444', '女', '新北市汐止區', 192, 89, '水瓶座', 'O', '有', '酒豪', '國中', '聯結車司機', '公開固定水晶', '0911958051', '2023-07-12 18:10:38'),
(770, 'mail246466@test.com', 'G176670882p', 'face770.png', '胡心瑜', '1998-02-12', 'M150120415', '男', '臺北市北投區', 163, 107, '雙魚座', 'B', '無', '滴酒不沾', '國中', '艙面部船員', '公開固定水晶', '0911866256', '2023-07-12 18:10:38'),
(771, 'mail38094@test.com', 'B754023627l', 'face771.png', '莫語婕', '1992-09-30', 'E162269894', '男', '新北市中和區', 198, 107, '金牛座', 'B', '有', '酒豪', '學士', '牙醫師', '也可保健避免什麼黑', '0911398955', '2023-07-12 18:10:38'),
(772, 'mail599924@test.com', 'I918758275b', 'face772.png', '簡芊妤', '1986-06-21', 'K231906238', '男', '新北市坪林區', 190, 52, '獅子座', 'AB', '無', '酒豪', '高中', '聯結車司機', '站內死了機會', '0911482387', '2023-07-12 18:10:38'),
(773, 'mail314575@test.com', 'Z732964417i', 'face773.png', '祁姿妤', '1991-02-15', 'R159260515', '男', '新北市林口區', 151, 77, '天蠍座', 'AB', '有', '滴酒不沾', '國中', '醫師', '上午日誌一位會計本人第一個人類靜靜', '0911469555', '2023-07-12 18:10:38'),
(774, 'mail460863@test.com', 'L792782391j', 'face774.png', '蔡智凱', '1992-11-29', 'K159988797', '女', '臺北市中山區', 200, 97, '天蠍座', 'B', '有', '小酌', '碩士', '護理長', '公開固定水晶', '0911851935', '2023-07-12 18:10:38'),
(775, 'mail840490@test.com', 'R969946818z', 'face775.png', '袁子瑜', '1987-07-18', 'I213314515', '男', '新北市萬里區', 197, 80, '魔羯座', 'B', '無', '酒豪', '學士', '麻醉醫師', '站內死了機會', '0911419349', '2023-07-12 18:10:38'),
(776, 'mail287682@test.com', 'N246685308s', 'face776.png', '蘇子傑', '1994-04-28', 'U192719456', '男', '臺北市大同區', 192, 77, '處女座', 'AB', '無', '滴酒不沾', '學士', '聯結車司機', '站內死了機會', '0911891064', '2023-07-12 18:10:38'),
(777, 'mail616726@test.com', 'D593554788e', 'face777.png', '曲亭妤', '1986-08-20', 'F283153891', '女', '臺北市大安區', 173, 100, '獅子座', 'O', '有', '小酌', '碩士', '中醫師', '發現其中疾病編輯通過級別太多律師寶寶比如', '0911720270', '2023-07-12 18:10:38'),
(778, 'mail708428@test.com', 'L178349187b', 'face778.png', '賀昱翔', '1996-11-03', 'A199566734', '男', '基隆市中正區', 185, 77, '獅子座', 'B', '有', '小酌', '學士', '藥師輪機部船員', '站內死了機會', '0911528352', '2023-07-12 18:10:38'),
(779, 'mail480012@test.com', 'E928419489y', 'face779.png', '滕子瑜', '1991-01-03', 'S265475114', '男', '臺北市大同區', 183, 100, '魔羯座', 'A', '無', '酒豪', '國中', '律師', '公開固定水晶', '0911277682', '2023-07-12 18:10:38'),
(780, 'mail986786@test.com', 'N846434805j', 'face780.png', '連怡君', '1993-05-26', 'V124044835', '女', '新北市石門區', 179, 98, '天蠍座', 'B', '無', '滴酒不沾', '國中', '牙醫師', '上午日誌一位會計本人第一個人類靜靜', '0911951765', '2023-07-12 18:10:38'),
(781, 'mail175783@test.com', 'R837651635w', 'face781.png', '盧宇軒', '1991-03-22', 'P217696111', '男', '臺北市松山區', 194, 94, '雙魚座', 'B', '無', '酒豪', '國中', '類比IC設計工程師', '發現其中疾病編輯通過級別太多律師寶寶比如', '0911249047', '2023-07-12 18:10:38'),
(782, 'mail360315@test.com', 'S671049393n', 'face782.png', '粘宜蓁', '1987-09-22', 'P181554710', '男', '新北市汐止區', 199, 89, '巨蟹座', 'B', '無', '酒豪', '高中', '中醫師', '生命移動', '0911566946', '2023-07-12 18:10:38'),
(783, 'mail678383@test.com', 'A972533784n', 'face783.png', '龍浩宇', '1989-10-01', 'B291145310', '女', '臺北市文山區', 181, 41, '獅子座', 'B', '無', '滴酒不沾', '碩士', '建築師', '也可保健避免什麼黑', '0911747985', '2023-07-12 18:10:38'),
(784, 'mail534358@test.com', 'P559309457t', 'face784.png', '裴彥霖', '1992-03-04', 'H267084057', '女', '新北市八里區', 163, 87, '牡羊座', 'A', '有', '酒豪', '國中', '醫師', '公開固定水晶', '0911101557', '2023-07-12 18:10:38'),
(785, 'mail723425@test.com', 'E712460678x', 'face785.png', '宮柏霖', '1994-05-27', 'W174937096', '女', '新北市貢寮區', 188, 56, '天秤座', 'A', '無', '酒豪', '高中', '艙面部船員', '公開固定水晶', '0911821735', '2023-07-12 18:10:38'),
(786, 'mail184178@test.com', 'E136269552o', 'face786.png', '牛子瑄', '1998-06-16', 'T243858591', '女', '新北市八里區', 172, 80, '處女座', 'A', '無', '小酌', '國小', '艙面部船員', '幾天肯定先後焦點既然和他熱情主機邀請搜尋引擎面前，女性建材什麼', '0911719174', '2023-07-12 18:10:38'),
(787, 'mail749914@test.com', 'M525013369z', 'face787.png', '劉于萱', '1996-05-31', 'G283057796', '女', '新北市新莊區', 195, 61, '天秤座', 'B', '無', '滴酒不沾', '國中', '律師', '站內死了機會', '0911596788', '2023-07-12 18:10:38'),
(788, 'mail127736@test.com', 'T569440482d', 'face788.png', '彭柏宇', '1994-06-08', 'J133206283', '女', '新北市萬里區', 181, 49, '獅子座', 'O', '有', '滴酒不沾', '博士', '牙醫師', '上午日誌一位會計本人第一個人類靜靜', '0911138405', '2023-07-12 18:10:38'),
(789, 'mail503512@test.com', 'B263121337k', 'face789.png', '林子瑜', '1988-06-28', 'S180502331', '女', '基隆市安樂區', 153, 85, '射手座', 'B', '有', '小酌', '博士', '護理長', '也可保健避免什麼黑', '0911896205', '2023-07-12 18:10:38'),
(790, 'mail355538@test.com', 'O207776770k', 'face790.png', '祁柏翔', '1986-01-22', 'V124127926', '女', '新北市中和區', 184, 41, '牡羊座', 'AB', '有', '小酌', '學士', '飛行機師', '也可保健避免什麼黑', '0911101349', '2023-07-12 18:10:38'),
(791, 'mail70899@test.com', 'Q888262457u', 'face791.png', '季秉宏', '1988-10-29', 'L168694092', '女', '新北市三重區', 183, 44, '獅子座', 'B', '無', '小酌', '高中', '醫師', '上午日誌一位會計本人第一個人類靜靜', '0911502079', '2023-07-12 18:10:38'),
(792, 'mail465411@test.com', 'O622434642l', 'face792.png', '段彥丞', '1990-04-10', 'Q260598449', '男', '基隆市中正區', 152, 70, '金牛座', 'A', '有', '酒豪', '碩士', '中醫師', '上午日誌一位會計本人第一個人類靜靜', '0911330123', '2023-07-12 18:10:38'),
(793, 'mail873464@test.com', 'C899779590k', 'face793.png', '田冠廷', '1996-10-14', 'Z258665505', '男', '新北市新莊區', 198, 44, '獅子座', 'B', '有', '小酌', '高中', '中醫師', '站內死了機會', '0911906117', '2023-07-12 18:10:38'),
(794, 'mail876459@test.com', 'H620918252e', 'face794.png', '全承恩', '1998-06-23', 'M266015137', '男', '新北市新莊區', 161, 100, '雙子座', 'AB', '無', '小酌', '碩士', '護理長', '公開固定水晶', '0911273126', '2023-07-12 18:10:38'),
(795, 'mail281717@test.com', 'S884120475d', 'face795.png', '史子瑄', '1987-05-26', 'P135549115', '女', '新北市中和區', 156, 73, '天秤座', 'AB', '有', '滴酒不沾', '國小', '麻醉醫師', '上午日誌一位會計本人第一個人類靜靜', '0911566961', '2023-07-12 18:10:38'),
(796, 'mail769104@test.com', 'D684165818j', 'face796.png', '商俊諺', '1992-05-11', 'Y130549664', '男', '新北市板橋區', 196, 57, '射手座', 'B', '有', '小酌', '碩士', '麻醉醫師', '上午日誌一位會計本人第一個人類靜靜', '0911853698', '2023-07-12 18:10:38'),
(797, 'mail320504@test.com', 'Z734045215w', 'face797.png', '許冠傑', '1999-06-30', 'C143261295', '女', '新北市樹林區', 192, 70, '天蠍座', 'B', '無', '小酌', '學士', '系統分析師', '生命移動', '0911122819', '2023-07-12 18:10:38'),
(798, 'mail455942@test.com', 'Q537055495g', 'face798.png', '谷柏安', '1993-10-12', 'M161144722', '女', '臺北市萬華區', 187, 75, '雙魚座', 'O', '無', '滴酒不沾', '國小', '牙醫師', '站內死了機會', '0911554364', '2023-07-12 18:10:38'),
(799, 'mail107942@test.com', 'U508942812l', 'face799.png', '詹俊廷', '1990-04-15', 'F276466038', '男', '新北市新莊區', 191, 55, '天秤座', 'AB', '無', '酒豪', '國小', '船上作業人員', '也可保健避免什麼黑', '0911488044', '2023-07-12 18:10:38'),
(800, 'mail963432@test.com', 'E132011203o', 'face800.png', '宋詩晴', '1985-08-31', 'S249503752', '男', '新北市淡水區', 178, 83, '雙魚座', 'AB', '無', '小酌', '碩士', '類比IC設計工程師', '幾天肯定先後焦點既然和他熱情主機邀請搜尋引擎面前，女性建材什麼', '0911745647', '2023-07-12 18:10:38'),
(801, 'mail431747@test.com', 'O413622223u', 'face801.png', '殷家瑜', '1992-10-21', 'A292652062', '男', '臺北市松山區', 165, 98, '天蠍座', 'B', '有', '酒豪', '高中', '藥師輪機部船員', '站內死了機會', '0911243164', '2023-07-12 18:10:38'),
(802, 'mail214025@test.com', 'A673433499h', 'face802.png', '雷宇恩', '1995-11-01', 'N251634680', '男', '新北市泰山區', 164, 46, '射手座', 'AB', '無', '酒豪', '碩士', '系統分析師', '上午日誌一位會計本人第一個人類靜靜', '0911886228', '2023-07-12 18:10:38'),
(803, 'mail531822@test.com', 'Q908759958t', 'face803.png', '錢苡瑄', '1994-09-05', 'J226016863', '女', '新北市貢寮區', 162, 96, '獅子座', 'AB', '有', '滴酒不沾', '高中', '律師', '也可保健避免什麼黑', '0911411889', '2023-07-12 18:10:38'),
(804, 'mail633198@test.com', 'T575080911a', 'face804.png', '牟芯瑜', '1998-12-04', 'N231574981', '女', '新北市新莊區', 159, 53, '雙子座', 'O', '有', '小酌', '碩士', '系統分析師', '站內死了機會', '0911803405', '2023-07-12 18:10:38'),
(805, 'mail566484@test.com', 'K336690412f', 'face805.png', '房奕翔', '1993-03-04', 'O134660002', '男', '新北市石碇區', 166, 94, '雙魚座', 'O', '無', '酒豪', '博士', '建築師', '發現其中疾病編輯通過級別太多律師寶寶比如', '0911939833', '2023-07-12 18:10:38'),
(806, 'mail73334@test.com', 'H273892896e', 'face806.png', '吳冠妤', '1987-04-08', 'I145706543', '女', '臺北市內湖區', 196, 60, '天秤座', 'AB', '有', '滴酒不沾', '博士', '麻醉醫師', '發現其中疾病編輯通過級別太多律師寶寶比如', '0911847274', '2023-07-12 18:10:38'),
(807, 'mail593079@test.com', 'S392316995j', 'face807.png', '鮑冠傑', '1988-02-26', 'M226625971', '女', '基隆市七堵區', 170, 80, '水瓶座', 'A', '無', '酒豪', '國小', '系統分析師', '發現其中疾病編輯通過級別太多律師寶寶比如', '0911979628', '2023-07-12 18:10:38'),
(808, 'mail325485@test.com', 'M816123913n', 'face808.png', '陳詩婷', '1989-04-13', 'Z244220601', '男', '新北市土城區', 161, 84, '巨蟹座', 'A', '有', '酒豪', '博士', '船上作業人員', '公開固定水晶', '0911208447', '2023-07-12 18:10:38'),
(809, 'mail995041@test.com', 'Z672198277p', 'face809.png', '曲柏霖', '1985-09-11', 'W187584866', '女', '基隆市信義區', 166, 70, '金牛座', 'O', '無', '滴酒不沾', '博士', '系統分析師', '也可保健避免什麼黑', '0911939778', '2023-07-12 18:10:38'),
(810, 'mail700233@test.com', 'W308740983v', 'face810.png', '馮思涵', '1985-03-09', 'J128624784', '男', '新北市金山區', 163, 54, '水瓶座', 'AB', '有', '酒豪', '碩士', '數位IC設計工程師', '上午日誌一位會計本人第一個人類靜靜', '0911844717', '2023-07-12 18:10:38'),
(811, 'mail478968@test.com', 'X989097091d', 'face811.png', '瞿柏凱', '1988-10-23', 'V199111993', '男', '臺北市北投區', 165, 103, '天秤座', 'A', '無', '酒豪', '高中', '中醫師', '生命移動', '0911539216', '2023-07-12 18:10:38'),
(812, 'mail175560@test.com', 'Z807758182y', 'face812.png', '車哲瑋', '1997-06-24', 'C283877363', '男', '基隆市暖暖區', 200, 65, '處女座', 'B', '有', '酒豪', '高中', '聯結車司機', '發現其中疾病編輯通過級別太多律師寶寶比如', '0911516871', '2023-07-12 18:10:38'),
(813, 'mail950113@test.com', 'T640904262f', 'face813.png', '賀郁晴', '1994-03-16', 'M278117525', '女', '新北市三峽區', 197, 85, '雙子座', 'AB', '無', '滴酒不沾', '博士', '藝術總監', '幾天肯定先後焦點既然和他熱情主機邀請搜尋引擎面前，女性建材什麼', '0911209044', '2023-07-12 18:10:38'),
(814, 'mail673826@test.com', 'E750481909z', 'face814.png', '齊芸瑄', '1999-05-09', 'C276513684', '女', '臺北市萬華區', 177, 109, '牡羊座', 'B', '有', '滴酒不沾', '碩士', '藥師輪機部船員', '生命移動', '0911837325', '2023-07-12 18:10:38'),
(815, 'mail182936@test.com', 'W729219094p', 'face815.png', '司佳妤', '1992-08-17', 'G242819808', '男', '臺北市文山區', 178, 54, '水瓶座', 'AB', '有', '小酌', '國中', 'IC設計工程師', '發現其中疾病編輯通過級別太多律師寶寶比如', '0911742503', '2023-07-12 18:10:38'),
(816, 'mail818021@test.com', 'L470046045e', 'face816.png', '熊子庭', '1988-11-07', 'A158280225', '女', '臺北市內湖區', 182, 107, '天蠍座', 'B', '無', '酒豪', '高中', '船上作業人員', '幾天肯定先後焦點既然和他熱情主機邀請搜尋引擎面前，女性建材什麼', '0911569017', '2023-07-12 18:10:38'),
(817, 'mail228629@test.com', 'K572867533e', 'face817.png', '侯彥辰', '1987-10-04', 'M156332862', '男', '新北市樹林區', 154, 53, '牡羊座', 'AB', '有', '酒豪', '學士', '艙面部船員', '上午日誌一位會計本人第一個人類靜靜', '0911311590', '2023-07-12 18:10:38'),
(818, 'mail357509@test.com', 'D141496061m', 'face818.png', '崔宇恩', '1996-09-18', 'X266940303', '男', '新北市石門區', 151, 104, '天蠍座', 'B', '有', '滴酒不沾', '碩士', '類比IC設計工程師', '也可保健避免什麼黑', '0911538886', '2023-07-12 18:10:38'),
(819, 'mail684346@test.com', 'Q783943862h', 'face819.png', '紀秉軒', '1998-12-10', 'S240886304', '男', '新北市新店區', 184, 50, '巨蟹座', 'B', '有', '酒豪', '博士', '藥師輪機部船員', '也可保健避免什麼黑', '0911259762', '2023-07-12 18:10:38'),
(820, 'mail264763@test.com', 'S329718348o', 'face820.png', '俞家瑋', '1987-10-06', 'P161322370', '女', '基隆市七堵區', 154, 61, '天秤座', 'B', '有', '小酌', '國小', '藝術總監', '公開固定水晶', '0911729818', '2023-07-12 18:10:38'),
(821, 'mail256839@test.com', 'H224136134i', 'face821.png', '姚子庭', '1989-04-15', 'E274773231', '男', '基隆市暖暖區', 192, 73, '獅子座', 'AB', '有', '滴酒不沾', '碩士', '麻醉醫師', '站內死了機會', '0911576322', '2023-07-12 18:10:38'),
(822, 'mail505934@test.com', 'L569120214v', 'face822.png', '方俞安', '1989-07-30', 'X110207111', '女', '新北市深坑區', 154, 106, '天蠍座', 'O', '有', '小酌', '學士', '艙面部船員', '也可保健避免什麼黑', '0911147133', '2023-07-12 18:10:38'),
(823, 'mail956915@test.com', 'G693603429a', 'face823.png', '侯語婕', '1988-02-11', 'V128485082', '女', '新北市金山區', 166, 57, '牡羊座', 'O', '有', '酒豪', '國中', '藥師輪機部船員', '上午日誌一位會計本人第一個人類靜靜', '0911789522', '2023-07-12 18:10:38'),
(824, 'mail989984@test.com', 'Y855140714e', 'face824.png', '鮑俊諺', '1989-03-02', 'H233243902', '男', '臺北市北投區', 185, 104, '獅子座', 'A', '無', '滴酒不沾', '學士', '船上作業人員', '站內死了機會', '0911340454', '2023-07-12 18:10:38'),
(825, 'mail742818@test.com', 'B110421170j', 'face825.png', '廖佳妤', '1994-05-31', 'J244433973', '男', '基隆市七堵區', 154, 59, '金牛座', 'AB', '無', '滴酒不沾', '國中', 'IC設計工程師', '生命移動', '0911245446', '2023-07-12 18:10:38'),
(826, 'mail716172@test.com', 'C415757850w', 'face826.png', '宋昱安', '1996-02-21', 'W281925465', '女', '臺北市南港區', 164, 57, '雙子座', 'O', '無', '酒豪', '高中', 'IC設計工程師', '也可保健避免什麼黑', '0911912129', '2023-07-12 18:10:38'),
(827, 'mail982574@test.com', 'H229619243x', 'face827.png', '古芷萱', '1990-06-09', 'D164880533', '女', '新北市烏來區', 160, 101, '天秤座', 'A', '有', '酒豪', '高中', '艙面部船員', '發現其中疾病編輯通過級別太多律師寶寶比如', '0911395112', '2023-07-12 18:10:38'),
(828, 'mail245699@test.com', 'H352577611b', 'face828.png', '卜子晴', '1989-12-08', 'M248060751', '女', '臺北市大同區', 175, 89, '射手座', 'AB', '有', '滴酒不沾', '國小', '類比IC設計工程師', '公開固定水晶', '0911338116', '2023-07-12 18:10:38'),
(829, 'mail99054@test.com', 'B246488045p', 'face829.png', '甘俊廷', '1999-05-19', 'D214435186', '男', '新北市土城區', 171, 91, '雙魚座', 'AB', '有', '酒豪', '國小', '律師', '發現其中疾病編輯通過級別太多律師寶寶比如', '0911734733', '2023-07-12 18:10:38'),
(830, 'mail622530@test.com', 'H335006032r', 'face830.png', '朱秉軒', '1999-12-14', 'P151524307', '男', '基隆市安樂區', 186, 104, '牡羊座', 'B', '無', '小酌', '碩士', 'IC設計工程師', '也可保健避免什麼黑', '0911740420', '2023-07-12 18:10:38'),
(831, 'mail56542@test.com', 'K370318278t', 'face831.png', '余宇哲', '1999-05-27', 'C125094092', '男', '新北市平溪區', 166, 45, '雙魚座', 'AB', '有', '小酌', '博士', '類比IC設計工程師', '上午日誌一位會計本人第一個人類靜靜', '0911927443', '2023-07-12 18:10:38'),
(832, 'mail467326@test.com', 'I819365822t', 'face832.png', '莫佳臻', '1994-08-03', 'Z265597726', '女', '新北市新莊區', 159, 82, '牡羊座', 'O', '無', '小酌', '博士', '藥師輪機部船員', '上午日誌一位會計本人第一個人類靜靜', '0911673591', '2023-07-12 18:10:38'),
(833, 'mail713202@test.com', 'H966374365m', 'face833.png', '辜佳恩', '1993-12-18', 'X182348051', '女', '基隆市仁愛區', 173, 90, '牡羊座', 'B', '無', '酒豪', '國小', '牙醫師', '站內死了機會', '0911723606', '2023-07-12 18:10:38'),
(834, 'mail762912@test.com', 'S259157566u', 'face834.png', '喻凱傑', '1986-03-14', 'M298132457', '男', '新北市汐止區', 177, 99, '雙魚座', 'B', '無', '小酌', '學士', 'IC設計工程師', '幾天肯定先後焦點既然和他熱情主機邀請搜尋引擎面前，女性建材什麼', '0911615523', '2023-07-12 18:10:38'),
(835, 'mail779612@test.com', 'P125027225q', 'face835.png', '董佳臻', '1997-11-05', 'B233689747', '女', '臺北市松山區', 191, 77, '天秤座', 'O', '無', '小酌', '碩士', '系統分析師', '生命移動', '0911786876', '2023-07-12 18:10:38'),
(836, 'mail935534@test.com', 'K960728930k', 'face836.png', '瞿佩珊', '1988-10-14', 'O232213526', '女', '新北市平溪區', 189, 83, '牡羊座', 'AB', '有', '滴酒不沾', '碩士', 'IC設計工程師', '生命移動', '0911640031', '2023-07-12 18:10:38'),
(837, 'mail258321@test.com', 'C798622682a', 'face837.png', '袁宜臻', '1995-06-16', 'M198256168', '女', '新北市永和區', 181, 68, '天秤座', 'A', '無', '小酌', '學士', '聯結車司機', '公開固定水晶', '0911163891', '2023-07-12 18:10:38'),
(838, 'mail365675@test.com', 'G427606813a', 'face838.png', '虞瑋庭', '1988-08-25', 'Y145035807', '女', '臺北市大安區', 152, 90, '雙子座', 'O', '無', '小酌', '高中', '醫師', '也可保健避免什麼黑', '0911460625', '2023-07-12 18:10:38'),
(839, 'mail877358@test.com', 'P927052726c', 'face839.png', '江宥嘉', '1997-12-31', 'W218567679', '男', '基隆市安樂區', 176, 110, '射手座', 'A', '有', '滴酒不沾', '國中', '麻醉醫師', '發現其中疾病編輯通過級別太多律師寶寶比如', '0911174117', '2023-07-12 18:10:38'),
(840, 'mail120727@test.com', 'H482715658b', 'face840.png', '汪雅晴', '1991-12-13', 'G126972821', '男', '臺北市內湖區', 197, 49, '雙子座', 'O', '無', '小酌', '學士', '醫師', '公開固定水晶', '0911620698', '2023-07-12 18:10:38'),
(841, 'mail89241@test.com', 'B745526191p', 'face841.png', '胡育瑄', '1986-04-27', 'U150832458', '男', '新北市林口區', 157, 81, '雙魚座', 'B', '無', '小酌', '碩士', '中醫師', '公開固定水晶', '0911626114', '2023-07-12 18:10:38'),
(842, 'mail101772@test.com', 'T185930897x', 'face842.png', '凃庭萱', '1997-04-13', 'J243809740', '女', '臺北市文山區', 184, 49, '巨蟹座', 'A', '有', '滴酒不沾', '博士', '麻醉醫師', '站內死了機會', '0911935146', '2023-07-12 18:10:38'),
(843, 'mail272175@test.com', 'H802753395i', 'face843.png', '蒲秉軒', '1995-06-08', 'O198531022', '女', '新北市平溪區', 172, 110, '處女座', 'O', '無', '小酌', '博士', '聯結車司機', '發現其中疾病編輯通過級別太多律師寶寶比如', '0911293859', '2023-07-12 18:10:38'),
(844, 'mail129350@test.com', 'E954660910g', 'face844.png', '利怡萱', '1990-01-26', 'R113666045', '男', '臺北市萬華區', 161, 62, '牡羊座', 'O', '無', '小酌', '博士', '飛行機師', '公開固定水晶', '0911297757', '2023-07-12 18:10:38'),
(845, 'mail381460@test.com', 'N235815777y', 'face845.png', '刁品睿', '1997-06-03', 'G187733021', '男', '臺北市內湖區', 165, 52, '雙子座', 'O', '無', '小酌', '國中', '醫師', '公開固定水晶', '0911270188', '2023-07-12 18:10:38'),
(846, 'mail222545@test.com', 'I707352415w', 'face846.png', '買宜庭', '1998-03-22', 'M117738851', '女', '新北市蘆洲區', 180, 65, '天蠍座', 'AB', '無', '酒豪', '學士', '律師', '公開固定水晶', '0911338924', '2023-07-12 18:10:38'),
(847, 'mail175361@test.com', 'C158816725n', 'face847.png', '邢子恩', '1994-01-22', 'P180389871', '女', '臺北市大安區', 156, 96, '巨蟹座', 'B', '無', '小酌', '國小', '聯結車司機', '生命移動', '0911204446', '2023-07-12 18:10:38'),
(848, 'mail889428@test.com', 'A299214575z', 'face848.png', '文奕廷', '1998-04-27', 'N227010133', '女', '基隆市安樂區', 190, 45, '雙魚座', 'A', '有', '小酌', '碩士', 'IC設計工程師', '生命移動', '0911580640', '2023-07-12 18:10:38'),
(849, 'mail695683@test.com', 'E345790000i', 'face849.png', '崔禹彤', '1987-07-22', 'D226466597', '男', '新北市三峽區', 152, 60, '魔羯座', 'B', '無', '滴酒不沾', '碩士', '醫學美容', '站內死了機會', '0911600920', '2023-07-12 18:10:38'),
(850, 'mail697776@test.com', 'B670030647x', 'face850.png', '蔡柏睿', '1998-10-16', 'P249070951', '女', '新北市坪林區', 161, 97, '獅子座', 'AB', '無', '酒豪', '博士', '醫學美容', '公開固定水晶', '0911291190', '2023-07-12 18:10:38'),
(851, 'mail869997@test.com', 'K167208839h', 'face851.png', '汪俊宇', '1999-06-29', 'B182063574', '女', '新北市萬里區', 152, 54, '處女座', 'A', '無', '酒豪', '博士', '空服人員', '也可保健避免什麼黑', '0911717353', '2023-07-12 18:10:38'),
(852, 'mail563447@test.com', 'I749140874h', 'face852.png', '薛芳瑜', '1998-06-18', 'H221432168', '女', '新北市新店區', 184, 43, '巨蟹座', 'A', '有', '酒豪', '博士', '飛行機師', '上午日誌一位會計本人第一個人類靜靜', '0911630778', '2023-07-12 18:10:38'),
(853, 'mail731071@test.com', 'P138801204p', 'face853.png', '宗怡臻', '1995-03-30', 'R258834752', '女', '基隆市信義區', 174, 77, '處女座', 'A', '有', '酒豪', '碩士', '牙醫師', '生命移動', '0911753325', '2023-07-12 18:10:38'),
(854, 'mail170394@test.com', 'Q607375850f', 'face854.png', '時哲瑋', '1993-07-09', 'A280265369', '女', '新北市石碇區', 174, 105, '射手座', 'O', '有', '小酌', '學士', '牙醫師', '幾天肯定先後焦點既然和他熱情主機邀請搜尋引擎面前，女性建材什麼', '0911715251', '2023-07-12 18:10:38'),
(855, 'mail297418@test.com', 'J384232656g', 'face855.png', '莊子恩', '1990-11-15', 'P297230433', '男', '新北市汐止區', 190, 86, '金牛座', 'A', '有', '滴酒不沾', '博士', '聯結車司機', '生命移動', '0911677331', '2023-07-12 18:10:38'),
(856, 'mail544715@test.com', 'N561015807p', 'face856.png', '諶雅婷', '1992-11-04', 'D248798143', '女', '臺北市大安區', 164, 57, '天蠍座', 'O', '有', '滴酒不沾', '高中', '藝術總監', '站內死了機會', '0911864733', '2023-07-12 18:10:38'),
(857, 'mail154842@test.com', 'W826996500a', 'face857.png', '力承恩', '1986-04-06', 'P137141696', '女', '新北市坪林區', 172, 67, '雙子座', 'O', '無', '小酌', '國中', '類比IC設計工程師', '幾天肯定先後焦點既然和他熱情主機邀請搜尋引擎面前，女性建材什麼', '0911564942', '2023-07-12 18:10:38'),
(858, 'mail295743@test.com', 'R178554953q', 'face858.png', '簡思涵', '1987-07-19', 'V192376867', '男', '臺北市文山區', 177, 56, '金牛座', 'A', '無', '滴酒不沾', '博士', '空服人員', '上午日誌一位會計本人第一個人類靜靜', '0911586532', '2023-07-12 18:10:38'),
(859, 'mail402442@test.com', 'N995940166e', 'face859.png', '馬柏睿', '1988-06-17', 'N291368434', '男', '新北市板橋區', 155, 80, '金牛座', 'B', '有', '滴酒不沾', '碩士', '建築師', '上午日誌一位會計本人第一個人類靜靜', '0911988630', '2023-07-12 18:10:38'),
(860, 'mail304661@test.com', 'T221149200m', 'face860.png', '利湘婷', '1987-01-05', 'Q139159331', '男', '新北市三芝區', 180, 98, '牡羊座', 'A', '無', '酒豪', '國小', '聯結車司機', '生命移動', '0911877013', '2023-07-12 18:10:38'),
(861, 'mail416534@test.com', 'H408891815g', 'face861.png', '買冠宇', '1986-02-05', 'D261899887', '女', '臺北市北投區', 194, 91, '巨蟹座', 'B', '無', '滴酒不沾', '高中', '藥師輪機部船員', '生命移動', '0911653630', '2023-07-12 18:10:38'),
(862, 'mail578147@test.com', 'L680696930s', 'face862.png', '王子傑', '1990-03-18', 'Y181138379', '男', '臺北市南港區', 151, 46, '天蠍座', 'O', '無', '滴酒不沾', '學士', '飛行機師', '上午日誌一位會計本人第一個人類靜靜', '0911150550', '2023-07-12 18:10:38'),
(863, 'mail919031@test.com', 'B802028094o', 'face863.png', '歐子萱', '1998-06-22', 'I216868730', '女', '臺北市內湖區', 176, 108, '處女座', 'B', '有', '滴酒不沾', '博士', '中醫師', '公開固定水晶', '0911883330', '2023-07-12 18:10:38'),
(864, 'mail759391@test.com', 'Z142328497v', 'face864.png', '穆庭瑜', '1990-01-01', 'D176524938', '男', '新北市樹林區', 183, 76, '魔羯座', 'B', '有', '滴酒不沾', '碩士', '律師', '發現其中疾病編輯通過級別太多律師寶寶比如', '0911567114', '2023-07-12 18:10:38'),
(865, 'mail923275@test.com', 'D568499510s', 'face865.png', '古思婷', '1987-11-14', 'A211135539', '男', '臺北市大同區', 186, 54, '處女座', 'AB', '無', '酒豪', '國中', '系統分析師', '站內死了機會', '0911759886', '2023-07-12 18:10:38'),
(866, 'mail903221@test.com', 'Q815088487q', 'face866.png', '俞詩婷', '1999-05-20', 'B255140505', '女', '臺北市士林區', 173, 47, '魔羯座', 'A', '無', '酒豪', '博士', '麻醉醫師', '幾天肯定先後焦點既然和他熱情主機邀請搜尋引擎面前，女性建材什麼', '0911453536', '2023-07-12 18:10:38'),
(867, 'mail582761@test.com', 'P641955059n', 'face867.png', '鄧丞恩', '1995-01-24', 'Q163469502', '女', '臺北市北投區', 169, 99, '處女座', 'B', '無', '小酌', '學士', '麻醉醫師', '發現其中疾病編輯通過級別太多律師寶寶比如', '0911344722', '2023-07-12 18:10:38'),
(868, 'mail692298@test.com', 'Q769549346a', 'face868.png', '蕭怡臻', '1986-03-02', 'L286358543', '女', '新北市鶯歌區', 184, 91, '牡羊座', 'A', '有', '小酌', '國小', '藝術總監', '生命移動', '0911902419', '2023-07-12 18:10:38'),
(869, 'mail931818@test.com', 'W564815055g', 'face869.png', '池羽涵', '1996-06-13', 'B132376883', '女', '新北市石門區', 180, 49, '射手座', 'AB', '無', '滴酒不沾', '高中', '藝術總監', '站內死了機會', '0911649679', '2023-07-12 18:10:38'),
(870, 'mail994708@test.com', 'T110278897h', 'face870.png', '全詠晴', '1989-01-22', 'I186480970', '女', '臺北市中正區', 154, 101, '天秤座', 'AB', '有', '酒豪', '學士', '醫學美容', '發現其中疾病編輯通過級別太多律師寶寶比如', '0911472436', '2023-07-12 18:10:38'),
(871, 'mail675047@test.com', 'W820572925z', 'face871.png', '衛心瑜', '1999-03-04', 'D234503710', '男', '新北市鶯歌區', 196, 42, '雙子座', 'A', '無', '滴酒不沾', '國中', '醫師', '發現其中疾病編輯通過級別太多律師寶寶比如', '0911221951', '2023-07-12 18:10:38'),
(872, 'mail819249@test.com', 'Y445712013e', 'face872.png', '向怡蓁', '1994-05-12', 'V189056856', '女', '新北市坪林區', 178, 68, '金牛座', 'B', '有', '滴酒不沾', '學士', '類比IC設計工程師', '生命移動', '0911920967', '2023-07-12 18:10:38'),
(873, 'mail601626@test.com', 'E571019958z', 'face873.png', '萬品蓁', '1998-10-11', 'T258768244', '男', '臺北市松山區', 179, 67, '魔羯座', 'B', '無', '酒豪', '國中', '建築師', '生命移動', '0911430810', '2023-07-12 18:10:38'),
(874, 'mail675005@test.com', 'H327593975x', 'face874.png', '鄭羽彤', '1996-11-16', 'D255311124', '女', '新北市三重區', 185, 80, '雙魚座', 'B', '有', '酒豪', '高中', '律師', '生命移動', '0911695217', '2023-07-12 18:10:38'),
(875, 'mail904677@test.com', 'A717067126y', 'face875.png', '金丞恩', '1986-11-09', 'K139863920', '男', '新北市瑞芳區', 196, 106, '魔羯座', 'B', '有', '酒豪', '碩士', '空服人員', '幾天肯定先後焦點既然和他熱情主機邀請搜尋引擎面前，女性建材什麼', '0911248169', '2023-07-12 18:10:38'),
(876, 'mail963635@test.com', 'H376894509y', 'face876.png', '安沛璇', '1999-05-07', 'I194422617', '女', '新北市中和區', 194, 59, '巨蟹座', 'B', '有', '酒豪', '學士', '藝術總監', '生命移動', '0911306176', '2023-07-12 18:10:38'),
(877, 'mail58228@test.com', 'W622406310g', 'face877.png', '馮丞恩', '1995-11-17', 'N266086232', '女', '臺北市中正區', 190, 73, '魔羯座', 'AB', '有', '酒豪', '國小', '醫學美容', '發現其中疾病編輯通過級別太多律師寶寶比如', '0911386570', '2023-07-12 18:10:38'),
(878, 'mail196382@test.com', 'V133068842t', 'face878.png', '池祐誠', '1995-11-20', 'C195997989', '男', '新北市貢寮區', 185, 101, '金牛座', 'O', '無', '小酌', '國中', '建築師', '幾天肯定先後焦點既然和他熱情主機邀請搜尋引擎面前，女性建材什麼', '0911638530', '2023-07-12 18:10:38'),
(879, 'mail865724@test.com', 'N658299243t', 'face879.png', '巫芷瑜', '1993-01-27', 'J121553649', '男', '新北市土城區', 174, 81, '射手座', 'A', '無', '小酌', '博士', '船上作業人員', '也可保健避免什麼黑', '0911155640', '2023-07-12 18:10:38'),
(880, 'mail638072@test.com', 'U509131177n', 'face880.png', '沈承諺', '1998-12-27', 'Q199504071', '男', '臺北市萬華區', 160, 74, '射手座', 'O', '有', '小酌', '博士', '醫學美容', '生命移動', '0911341118', '2023-07-12 18:10:38'),
(881, 'mail638101@test.com', 'B356596336p', 'face881.png', '胡翊瑄', '1997-08-21', 'W257260764', '男', '新北市蘆洲區', 185, 78, '金牛座', 'O', '有', '小酌', '碩士', '數位IC設計工程師', '公開固定水晶', '0911894922', '2023-07-12 18:10:38'),
(882, 'mail661332@test.com', 'Z649918942p', 'face882.png', '劉佳恩', '1994-09-24', 'T276359186', '男', '新北市永和區', 191, 62, '水瓶座', 'A', '無', '酒豪', '國中', '醫師', '公開固定水晶', '0911241411', '2023-07-12 18:10:38'),
(883, 'mail283290@test.com', 'M379627709z', 'face883.png', '商俊傑', '1989-09-06', 'A152191019', '男', '新北市永和區', 189, 89, '雙子座', 'O', '有', '滴酒不沾', '國中', '麻醉醫師', '也可保健避免什麼黑', '0911992440', '2023-07-12 18:10:38'),
(884, 'mail154373@test.com', 'U216648601f', 'face884.png', '范柏宏', '1995-11-10', 'F147396829', '女', '基隆市仁愛區', 151, 72, '牡羊座', 'O', '有', '小酌', '高中', '藥師輪機部船員', '發現其中疾病編輯通過級別太多律師寶寶比如', '0911549145', '2023-07-12 18:10:38'),
(885, 'mail453709@test.com', 'V206530867v', 'face885.png', '周宥翔', '1994-01-14', 'O263529955', '男', '臺北市大安區', 160, 51, '魔羯座', 'AB', '無', '滴酒不沾', '博士', 'IC設計工程師', '生命移動', '0911191956', '2023-07-12 18:10:38'),
(886, 'mail429660@test.com', 'K791617898f', 'face886.png', '譚庭瑋', '1999-09-01', 'G154438812', '男', '新北市坪林區', 174, 110, '雙子座', 'AB', '無', '酒豪', '高中', '醫師', '上午日誌一位會計本人第一個人類靜靜', '0911827785', '2023-07-12 18:10:38'),
(887, 'mail612451@test.com', 'G546179318q', 'face887.png', '樓柏睿', '1987-07-16', 'P252791555', '女', '新北市石碇區', 190, 76, '雙子座', 'B', '有', '酒豪', '學士', '系統分析師', '也可保健避免什麼黑', '0911913400', '2023-07-12 18:10:38'),
(888, 'mail659812@test.com', 'X559119235b', 'face888.png', '曾欣怡', '1994-06-21', 'R197914052', '女', '新北市五股區', 152, 100, '金牛座', 'AB', '有', '酒豪', '學士', '牙醫師', '上午日誌一位會計本人第一個人類靜靜', '0911447018', '2023-07-12 18:10:38'),
(889, 'mail433803@test.com', 'F729846996h', 'face889.png', '杜昱廷', '1989-04-19', 'N127436090', '女', '臺北市松山區', 172, 90, '金牛座', 'B', '無', '酒豪', '碩士', '飛行機師', '幾天肯定先後焦點既然和他熱情主機邀請搜尋引擎面前，女性建材什麼', '0911343715', '2023-07-12 18:10:38'),
(890, 'mail464548@test.com', 'A495949416p', 'face890.png', '畢靖雯', '1992-08-10', 'V110733791', '男', '基隆市仁愛區', 155, 82, '處女座', 'B', '無', '小酌', '高中', 'IC設計工程師', '站內死了機會', '0911263735', '2023-07-12 18:10:38'),
(891, 'mail500731@test.com', 'D635620662b', 'face891.png', '岳芊妤', '1992-02-08', 'M152161520', '男', '新北市萬里區', 182, 57, '天蠍座', 'A', '有', '滴酒不沾', '國小', '系統分析師', '也可保健避免什麼黑', '0911447343', '2023-07-12 18:10:38'),
(892, 'mail11295@test.com', 'T965464030f', 'face892.png', '舒雅晴', '1995-06-10', 'O188222115', '男', '基隆市仁愛區', 185, 104, '魔羯座', 'B', '無', '酒豪', '國中', '醫學美容', '公開固定水晶', '0911760831', '2023-07-12 18:10:38'),
(893, 'mail422417@test.com', 'V982542917n', 'face893.png', '龍祐嘉', '1990-04-11', 'I290103932', '女', '臺北市大同區', 198, 96, '雙子座', 'A', '無', '滴酒不沾', '碩士', '飛行機師', '站內死了機會', '0911435405', '2023-07-12 18:10:38'),
(894, 'mail911678@test.com', 'V355480008f', 'face894.png', '紀子恩', '1985-05-20', 'R273054206', '女', '新北市平溪區', 183, 49, '魔羯座', 'O', '有', '小酌', '國中', '醫師', '公開固定水晶', '0911171096', '2023-07-12 18:10:38'),
(895, 'mail847652@test.com', 'G208696350u', 'face895.png', '宮雅涵', '1993-04-09', 'U157715593', '女', '新北市淡水區', 163, 68, '射手座', 'O', '無', '滴酒不沾', '高中', '數位IC設計工程師', '站內死了機會', '0911295425', '2023-07-12 18:10:38'),
(896, 'mail521006@test.com', 'G439856969g', 'face896.png', '幸彥辰', '1999-09-14', 'C120414356', '男', '新北市金山區', 152, 104, '處女座', 'A', '有', '小酌', '博士', '藥師輪機部船員', '公開固定水晶', '0911167012', '2023-07-12 18:10:38'),
(897, 'mail67462@test.com', 'V900751771d', 'face897.png', '尤靖雯', '1988-04-21', 'Z120912925', '男', '基隆市信義區', 158, 75, '巨蟹座', 'AB', '有', '小酌', '學士', '麻醉醫師', '上午日誌一位會計本人第一個人類靜靜', '0911880548', '2023-07-12 18:10:38'),
(898, 'mail286189@test.com', 'E710761867r', 'face898.png', '陳宜庭', '1985-07-22', 'P234363972', '女', '新北市石碇區', 175, 100, '魔羯座', 'O', '無', '酒豪', '國小', '飛行機師', '站內死了機會', '0911486557', '2023-07-12 18:10:38'),
(899, 'mail187018@test.com', 'E297383666v', 'face899.png', '顧子豪', '1999-08-29', 'G134078766', '男', '新北市林口區', 187, 105, '魔羯座', 'B', '有', '酒豪', '碩士', '系統分析師', '公開固定水晶', '0911313836', '2023-07-12 18:10:38'),
(900, 'mail501632@test.com', 'R464763215t', 'face900.png', '張簡凱傑', '1995-07-22', 'D294724175', '女', '新北市蘆洲區', 152, 58, '魔羯座', 'O', '無', '小酌', '碩士', '醫師', '也可保健避免什麼黑', '0911725434', '2023-07-12 18:10:38'),
(901, 'mail908346@test.com', 'N102244985r', 'face901.png', '戴姿穎', '1993-10-18', 'P125824120', '女', '新北市板橋區', 178, 59, '雙魚座', 'O', '有', '小酌', '國中', 'IC設計工程師', '生命移動', '0911536101', '2023-07-12 18:10:38'),
(902, 'mail274070@test.com', 'X946569743z', 'face902.png', '卜冠霆', '1987-06-25', 'D275501739', '女', '新北市中和區', 176, 102, '水瓶座', 'O', '有', '滴酒不沾', '博士', '醫學美容', '也可保健避免什麼黑', '0911260074', '2023-07-12 18:10:38'),
(903, 'mail511719@test.com', 'M880358087l', 'face903.png', '耿芷涵', '1993-08-10', 'D263377632', '男', '新北市林口區', 195, 89, '雙魚座', 'B', '有', '滴酒不沾', '學士', '聯結車司機', '幾天肯定先後焦點既然和他熱情主機邀請搜尋引擎面前，女性建材什麼', '0911947971', '2023-07-12 18:10:38'),
(904, 'mail368238@test.com', 'P147280463x', 'face904.png', '葉宣妤', '1998-09-16', 'X190480300', '男', '新北市新莊區', 172, 86, '雙子座', 'A', '無', '小酌', '國中', '系統分析師', '發現其中疾病編輯通過級別太多律師寶寶比如', '0911642064', '2023-07-12 18:10:38'),
(905, 'mail873961@test.com', 'U891538223z', 'face905.png', '杜子翔', '1990-10-24', 'F288054205', '男', '基隆市安樂區', 195, 65, '魔羯座', 'AB', '無', '滴酒不沾', '碩士', '船上作業人員', '生命移動', '0911480439', '2023-07-12 18:10:38'),
(906, 'mail137938@test.com', 'H744937838c', 'face906.png', '沙姿妤', '1985-04-05', 'W244943735', '女', '新北市林口區', 175, 55, '天蠍座', 'AB', '無', '小酌', '學士', '空服人員', '發現其中疾病編輯通過級別太多律師寶寶比如', '0911765510', '2023-07-12 18:10:38'),
(907, 'mail334935@test.com', 'C833008978k', 'face907.png', '畢依璇', '1990-05-15', 'Y140542546', '男', '基隆市暖暖區', 177, 43, '處女座', 'O', '無', '小酌', '碩士', '護理長', '生命移動', '0911422064', '2023-07-12 18:10:38'),
(908, 'mail748123@test.com', 'Q726931350g', 'face908.png', '范怡臻', '1994-01-13', 'W113372010', '男', '臺北市大同區', 196, 72, '牡羊座', 'AB', '無', '滴酒不沾', '博士', '中醫師', '上午日誌一位會計本人第一個人類靜靜', '0911538331', '2023-07-12 18:10:38'),
(909, 'mail196989@test.com', 'A725106297k', 'face909.png', '幸柏宏', '1990-10-19', 'Q183569615', '男', '新北市五股區', 180, 83, '雙魚座', 'O', '有', '滴酒不沾', '高中', '藥師輪機部船員', '幾天肯定先後焦點既然和他熱情主機邀請搜尋引擎面前，女性建材什麼', '0911498879', '2023-07-12 18:10:38'),
(910, 'mail520741@test.com', 'U535025525v', 'face910.png', '呂柏宇', '1996-08-23', 'X250789480', '男', '新北市泰山區', 199, 72, '雙魚座', 'B', '無', '滴酒不沾', '學士', '醫師', '站內死了機會', '0911279524', '2023-07-12 18:10:38'),
(911, 'mail433080@test.com', 'F178159611g', 'face911.png', '熊禹彤', '1991-06-14', 'T210354516', '女', '新北市坪林區', 174, 108, '射手座', 'AB', '無', '滴酒不沾', '國小', '醫學美容', '也可保健避免什麼黑', '0911565984', '2023-07-12 18:10:38'),
(912, 'mail317042@test.com', 'F751881775i', 'face912.png', '利家豪', '1985-02-25', 'Z133053307', '女', '新北市板橋區', 194, 86, '雙子座', 'B', '有', '小酌', '國小', '律師', '上午日誌一位會計本人第一個人類靜靜', '0911987602', '2023-07-12 18:10:38'),
(913, 'mail63579@test.com', 'T548773457k', 'face913.png', '樂承恩', '1992-07-26', 'X298610912', '女', '新北市深坑區', 182, 43, '雙子座', 'B', '有', '滴酒不沾', '學士', '醫學美容', '公開固定水晶', '0911169724', '2023-07-12 18:10:38'),
(914, 'mail356415@test.com', 'K318194445v', 'face914.png', '谷雅晴', '1998-09-10', 'U176542615', '男', '新北市中和區', 185, 46, '射手座', 'A', '有', '小酌', '高中', '牙醫師', '發現其中疾病編輯通過級別太多律師寶寶比如', '0911265387', '2023-07-12 18:10:38'),
(915, 'mail180798@test.com', 'F483854814e', 'face915.png', '曲品妍', '1987-06-30', 'O241661775', '男', '新北市萬里區', 151, 90, '魔羯座', 'O', '有', '小酌', '高中', '麻醉醫師', '發現其中疾病編輯通過級別太多律師寶寶比如', '0911941231', '2023-07-12 18:10:38'),
(916, 'mail244097@test.com', 'R561598108i', 'face916.png', '郝宇軒', '1997-04-07', 'H265682948', '女', '基隆市暖暖區', 178, 83, '魔羯座', 'A', '有', '酒豪', '學士', '空服人員', '發現其中疾病編輯通過級別太多律師寶寶比如', '0911940633', '2023-07-12 18:10:38'),
(917, 'mail878845@test.com', 'W812816558l', 'face917.png', '桂柏辰', '1989-11-05', 'V127516265', '男', '新北市板橋區', 189, 43, '天蠍座', 'A', '有', '小酌', '學士', '藥師輪機部船員', '發現其中疾病編輯通過級別太多律師寶寶比如', '0911441283', '2023-07-12 18:10:38'),
(918, 'mail574912@test.com', 'Y467339107j', 'face918.png', '辜俊廷', '1985-09-03', 'C220027633', '男', '新北市土城區', 179, 64, '處女座', 'B', '有', '小酌', '高中', '艙面部船員', '生命移動', '0911217386', '2023-07-12 18:10:38'),
(919, 'mail50841@test.com', 'Y711292953v', 'face919.png', '戚宥蓁', '1995-01-27', 'N260380481', '男', '新北市平溪區', 154, 100, '雙子座', 'AB', '有', '小酌', '學士', '系統分析師', '生命移動', '0911492805', '2023-07-12 18:10:38'),
(920, 'mail339020@test.com', 'H387101704c', 'face920.png', '應品妤', '1998-02-22', 'Y167148813', '女', '新北市貢寮區', 195, 88, '天蠍座', 'O', '無', '酒豪', '學士', '聯結車司機', '公開固定水晶', '0911616860', '2023-07-12 18:10:38'),
(921, 'mail64756@test.com', 'Z218530449g', 'face921.png', '向雅晴', '1999-07-06', 'F260398643', '女', '新北市樹林區', 179, 95, '處女座', 'AB', '有', '小酌', '國中', '牙醫師', '站內死了機會', '0911774215', '2023-07-12 18:10:38'),
(922, 'mail20893@test.com', 'H586891124u', 'face922.png', '穆怡蓁', '1990-02-28', 'C137079443', '女', '新北市三重區', 188, 66, '處女座', 'B', '無', '滴酒不沾', '國中', '律師', '也可保健避免什麼黑', '0911417602', '2023-07-12 18:10:38'),
(923, 'mail299786@test.com', 'Z846832847c', 'face923.png', '邵子涵', '1992-10-14', 'T284289309', '男', '新北市新店區', 163, 44, '水瓶座', 'AB', '有', '小酌', '國中', '船上作業人員', '發現其中疾病編輯通過級別太多律師寶寶比如', '0911267970', '2023-07-12 18:10:38'),
(924, 'mail110380@test.com', 'A858173404h', 'face924.png', '廖育誠', '1994-08-28', 'L211051015', '男', '新北市林口區', 166, 96, '巨蟹座', 'O', '有', '酒豪', '高中', '飛行機師', '公開固定水晶', '0911261735', '2023-07-12 18:10:38'),
(925, 'mail929944@test.com', 'A889429145o', 'face925.png', '何芳瑜', '1990-02-16', 'S185676720', '男', '新北市鶯歌區', 192, 84, '雙魚座', 'A', '有', '小酌', '碩士', '飛行機師', '生命移動', '0911832221', '2023-07-12 18:10:38'),
(926, 'mail386159@test.com', 'A463084773z', 'face926.png', '姜宥廷', '1998-12-04', 'K164066895', '男', '新北市雙溪區', 164, 82, '牡羊座', 'A', '無', '滴酒不沾', '學士', 'IC設計工程師', '也可保健避免什麼黑', '0911655774', '2023-07-12 18:10:38'),
(927, 'mail676240@test.com', 'R382916042y', 'face927.png', '鄔宥辰', '1996-08-16', 'E278713237', '女', '新北市貢寮區', 168, 90, '雙子座', 'B', '無', '滴酒不沾', '國小', '數位IC設計工程師', '也可保健避免什麼黑', '0911857499', '2023-07-12 18:10:38'),
(928, 'mail131945@test.com', 'S511508900j', 'face928.png', '路柏翔', '1989-02-04', 'R281345400', '女', '新北市五股區', 186, 94, '天蠍座', 'O', '有', '小酌', '博士', '律師', '也可保健避免什麼黑', '0911170897', '2023-07-12 18:10:38'),
(929, 'mail802060@test.com', 'I286298113h', 'face929.png', '何雅築', '1997-08-31', 'V266433900', '女', '新北市貢寮區', 200, 43, '處女座', 'A', '有', '酒豪', '國小', '類比IC設計工程師', '發現其中疾病編輯通過級別太多律師寶寶比如', '0911644577', '2023-07-12 18:10:38'),
(930, 'mail428914@test.com', 'L667690476n', 'face930.png', '古宇辰', '1995-01-26', 'I167772034', '男', '新北市新店區', 158, 109, '射手座', 'O', '無', '酒豪', '高中', '系統分析師', '生命移動', '0911138101', '2023-07-12 18:10:38'),
(931, 'mail427218@test.com', 'W249792437h', 'face931.png', '岳宇翔', '1990-03-04', 'D120247955', '男', '新北市泰山區', 188, 67, '射手座', 'AB', '無', '小酌', '碩士', '醫師', '發現其中疾病編輯通過級別太多律師寶寶比如', '0911821401', '2023-07-12 18:10:38'),
(932, 'mail499412@test.com', 'O896217594w', 'face932.png', '文柏毅', '1985-10-21', 'V252744042', '男', '新北市三峽區', 177, 87, '金牛座', 'B', '有', '滴酒不沾', '國小', '中醫師', '公開固定水晶', '0911399155', '2023-07-12 18:10:38'),
(933, 'mail84727@test.com', 'W314584278i', 'face933.png', '符宜君', '1991-11-21', 'Y149833553', '女', '臺北市士林區', 158, 107, '雙子座', 'AB', '有', '滴酒不沾', '學士', '醫學美容', '生命移動', '0911364496', '2023-07-12 18:10:38'),
(934, 'mail338045@test.com', 'K817064209h', 'face934.png', '于詠晴', '1992-02-12', 'A140482733', '女', '臺北市大同區', 162, 58, '水瓶座', 'AB', '有', '小酌', '國小', 'IC設計工程師', '公開固定水晶', '0911392302', '2023-07-12 18:10:38'),
(935, 'mail99036@test.com', 'B766776617n', 'face935.png', '孔宜臻', '1996-06-01', 'Z132653391', '男', '新北市板橋區', 165, 89, '天秤座', 'O', '無', '酒豪', '碩士', '藝術總監', '幾天肯定先後焦點既然和他熱情主機邀請搜尋引擎面前，女性建材什麼', '0911116350', '2023-07-12 18:10:38'),
(936, 'mail554427@test.com', 'T422501488b', 'face936.png', '孟柏均', '1998-08-11', 'Q226480058', '女', '臺北市文山區', 154, 90, '金牛座', 'A', '有', '酒豪', '國中', '類比IC設計工程師', '公開固定水晶', '0911988092', '2023-07-12 18:10:38'),
(937, 'mail231685@test.com', 'J303893776i', 'face937.png', '張簡雅雯', '1994-08-01', 'T210348836', '男', '新北市永和區', 162, 48, '射手座', 'O', '無', '小酌', '學士', '律師', '站內死了機會', '0911316925', '2023-07-12 18:10:38'),
(938, 'mail281344@test.com', 'R397642071k', 'face938.png', '梁佳恩', '1989-09-26', 'G169658416', '女', '臺北市大同區', 154, 44, '處女座', 'A', '無', '酒豪', '碩士', '建築師', '發現其中疾病編輯通過級別太多律師寶寶比如', '0911507709', '2023-07-12 18:10:38'),
(939, 'mail723372@test.com', 'O254642250g', 'face939.png', '郝柏辰', '1998-05-31', 'Y213013132', '男', '新北市新莊區', 184, 48, '雙子座', 'B', '有', '酒豪', '國小', '艙面部船員', '站內死了機會', '0911159120', '2023-07-12 18:10:38'),
(940, 'mail396615@test.com', 'H942740132p', 'face940.png', '靳庭妤', '1998-05-31', 'Y220438477', '女', '新北市坪林區', 190, 75, '金牛座', 'A', '無', '小酌', '博士', '藥師輪機部船員', '站內死了機會', '0911489789', '2023-07-12 18:10:38'),
(941, 'mail493522@test.com', 'V411783821o', 'face941.png', '蕭柏辰', '1986-05-11', 'Y234718240', '女', '新北市土城區', 165, 52, '雙子座', 'AB', '無', '小酌', '碩士', '空服人員', '站內死了機會', '0911346428', '2023-07-12 18:10:38'),
(942, 'mail685157@test.com', 'A450076276c', 'face942.png', '官郁婷', '1989-01-29', 'E252608549', '女', '新北市烏來區', 185, 77, '牡羊座', 'A', '有', '滴酒不沾', '博士', '類比IC設計工程師', '發現其中疾病編輯通過級別太多律師寶寶比如', '0911683711', '2023-07-12 18:10:38'),
(943, 'mail745098@test.com', 'J447766922v', 'face943.png', '姚羽涵', '1997-11-24', 'W278512201', '男', '新北市八里區', 162, 88, '獅子座', 'AB', '有', '酒豪', '學士', '藝術總監', '發現其中疾病編輯通過級別太多律師寶寶比如', '0911490704', '2023-07-12 18:10:38'),
(944, 'mail552113@test.com', 'U606695572z', 'face944.png', '楊心妤', '1989-08-28', 'S272049969', '女', '新北市汐止區', 155, 104, '巨蟹座', 'AB', '無', '酒豪', '碩士', '牙醫師', '生命移動', '0911855450', '2023-07-12 18:10:38'),
(945, 'mail871441@test.com', 'A529466304p', 'face945.png', '邱怡臻', '1999-08-15', 'V112904708', '男', '新北市雙溪區', 157, 66, '雙魚座', 'A', '無', '小酌', '碩士', '數位IC設計工程師', '生命移動', '0911156039', '2023-07-12 18:10:38'),
(946, 'mail646535@test.com', 'J195840321g', 'face946.png', '鄔俊凱', '1987-08-11', 'W284906302', '男', '臺北市文山區', 175, 87, '金牛座', 'B', '有', '滴酒不沾', '學士', '數位IC設計工程師', '上午日誌一位會計本人第一個人類靜靜', '0911739427', '2023-07-12 18:10:38'),
(947, 'mail23051@test.com', 'D757539273b', 'face947.png', '屈詩婷', '1991-01-14', 'T122423412', '女', '臺北市內湖區', 176, 69, '雙子座', 'AB', '有', '滴酒不沾', '國小', '系統分析師', '上午日誌一位會計本人第一個人類靜靜', '0911210967', '2023-07-12 18:10:38'),
(948, 'mail173024@test.com', 'W230413184h', 'face948.png', '丘佳臻', '1992-09-03', 'F178131706', '男', '基隆市中山區', 197, 78, '金牛座', 'B', '無', '滴酒不沾', '博士', '飛行機師', '公開固定水晶', '0911945201', '2023-07-12 18:10:38'),
(949, 'mail169342@test.com', 'C966966322x', 'face949.png', '顏宇傑', '1989-06-24', 'V239365585', '女', '臺北市信義區', 175, 45, '天秤座', 'B', '有', '酒豪', '博士', '系統分析師', '幾天肯定先後焦點既然和他熱情主機邀請搜尋引擎面前，女性建材什麼', '0911222192', '2023-07-12 18:10:38');
INSERT INTO `member` (`member_id`, `email`, `password`, `images`, `member_name`, `member_birth`, `id_number`, `gender`, `location`, `height`, `weight`, `zodiac`, `bloodtype`, `smoke`, `alchohol`, `education_level`, `job`, `profile`, `mobile`, `create_at`) VALUES
(950, 'mail457366@test.com', 'H557902209h', 'face950.png', '巫宜蓁', '1995-07-15', 'I266094886', '女', '新北市淡水區', 164, 61, '獅子座', 'O', '無', '小酌', '國小', '空服人員', '生命移動', '0911351692', '2023-07-12 18:10:38'),
(951, 'mail552942@test.com', 'M975680869l', 'face951.png', '汪柏翔', '1988-12-16', 'J292997797', '女', '新北市平溪區', 155, 51, '水瓶座', 'A', '有', '小酌', '國中', '藥師輪機部船員', '上午日誌一位會計本人第一個人類靜靜', '0911539961', '2023-07-12 18:10:38'),
(952, 'mail641163@test.com', 'L275482703b', 'face952.png', '盛怡臻', '1996-09-26', 'X284812177', '女', '基隆市安樂區', 180, 81, '天秤座', 'AB', '無', '酒豪', '博士', '艙面部船員', '幾天肯定先後焦點既然和他熱情主機邀請搜尋引擎面前，女性建材什麼', '0911984415', '2023-07-12 18:10:38'),
(953, 'mail448043@test.com', 'Z877426559t', 'face953.png', '梅宇辰', '1998-06-28', 'E287398139', '女', '新北市汐止區', 186, 49, '天秤座', 'O', '有', '酒豪', '高中', '律師', '站內死了機會', '0911737090', '2023-07-12 18:10:38'),
(954, 'mail963371@test.com', 'I326490425d', 'face954.png', '何柏睿', '1992-12-10', 'S148095818', '女', '臺北市信義區', 181, 89, '獅子座', 'B', '無', '酒豪', '博士', '飛行機師', '站內死了機會', '0911295133', '2023-07-12 18:10:38'),
(955, 'mail386840@test.com', 'Q136835820d', 'face955.png', '裴宇宸', '1990-03-16', 'J150553838', '女', '新北市烏來區', 178, 60, '巨蟹座', 'A', '有', '小酌', '博士', '聯結車司機', '公開固定水晶', '0911609521', '2023-07-12 18:10:38'),
(956, 'mail841576@test.com', 'I721077447b', 'face956.png', '宋冠霆', '1999-02-13', 'P191214175', '男', '臺北市萬華區', 167, 48, '雙魚座', 'B', '有', '小酌', '博士', '麻醉醫師', '站內死了機會', '0911319186', '2023-07-12 18:10:38'),
(957, 'mail701618@test.com', 'K411871116w', 'face957.png', '施姿妤', '1994-07-10', 'S257484898', '女', '新北市五股區', 187, 69, '天蠍座', 'O', '無', '小酌', '學士', '護理長', '公開固定水晶', '0911348969', '2023-07-12 18:10:38'),
(958, 'mail597910@test.com', 'E204112605r', 'face958.png', '戴苡瑄', '1988-06-30', 'C113028385', '男', '新北市永和區', 188, 101, '雙魚座', 'A', '有', '酒豪', '學士', '中醫師', '也可保健避免什麼黑', '0911567281', '2023-07-12 18:10:38'),
(959, 'mail471976@test.com', 'H443631063r', 'face959.png', '邢佳妤', '1992-07-21', 'I273654096', '女', '新北市石碇區', 189, 49, '金牛座', 'A', '有', '小酌', '博士', '律師', '站內死了機會', '0911451039', '2023-07-12 18:10:38'),
(960, 'mail411985@test.com', 'U202117728v', 'face960.png', '何家瑋', '1988-08-01', 'N139161264', '男', '新北市萬里區', 168, 89, '牡羊座', 'O', '無', '滴酒不沾', '高中', '飛行機師', '站內死了機會', '0911919177', '2023-07-12 18:10:38'),
(961, 'mail219893@test.com', 'M730085112e', 'face961.png', '顧宥鈞', '1987-02-23', 'O162954388', '女', '新北市金山區', 194, 70, '射手座', 'AB', '有', '小酌', '國中', 'IC設計工程師', '上午日誌一位會計本人第一個人類靜靜', '0911569207', '2023-07-12 18:10:38'),
(962, 'mail955994@test.com', 'R443181715p', 'face962.png', '巫佳恩', '1991-03-02', 'N245639127', '男', '新北市中和區', 157, 73, '魔羯座', 'AB', '有', '小酌', '博士', '聯結車司機', '站內死了機會', '0911469172', '2023-07-12 18:10:38'),
(963, 'mail990175@test.com', 'L718560646f', 'face963.png', '季翊瑄', '1995-05-10', 'W265990085', '女', '基隆市仁愛區', 166, 86, '雙魚座', 'A', '有', '酒豪', '高中', '麻醉醫師', '也可保健避免什麼黑', '0911568546', '2023-07-12 18:10:38'),
(964, 'mail824824@test.com', 'G704273206l', 'face964.png', '謝于萱', '1991-10-03', 'Z142699897', '女', '基隆市信義區', 197, 87, '巨蟹座', 'AB', '無', '滴酒不沾', '國小', '空服人員', '生命移動', '0911107933', '2023-07-12 18:10:38'),
(965, 'mail41190@test.com', 'E394274045g', 'face965.png', '薛怡君', '1992-12-08', 'U154879475', '男', '新北市深坑區', 182, 102, '巨蟹座', 'AB', '無', '酒豪', '國小', '麻醉醫師', '發現其中疾病編輯通過級別太多律師寶寶比如', '0911321572', '2023-07-12 18:10:38'),
(966, 'mail75588@test.com', 'C670070131s', 'face966.png', '王冠穎', '1997-12-20', 'R289912325', '男', '新北市萬里區', 178, 40, '天蠍座', 'O', '無', '酒豪', '學士', '系統分析師', '幾天肯定先後焦點既然和他熱情主機邀請搜尋引擎面前，女性建材什麼', '0911587990', '2023-07-12 18:10:38'),
(967, 'mail66980@test.com', 'T587618889u', 'face967.png', '宮宇辰', '1999-09-21', 'K215528915', '女', '臺北市北投區', 199, 58, '獅子座', 'A', '無', '小酌', '博士', '醫學美容', '發現其中疾病編輯通過級別太多律師寶寶比如', '0911107579', '2023-07-12 18:10:38'),
(968, 'mail695244@test.com', 'E576383100i', 'face968.png', '向靖淳', '1993-05-04', 'G228153879', '女', '新北市烏來區', 189, 70, '牡羊座', 'B', '有', '小酌', '高中', '藝術總監', '上午日誌一位會計本人第一個人類靜靜', '0911455729', '2023-07-12 18:10:38'),
(969, 'mail309647@test.com', 'S892075186f', 'face969.png', '簡浩宇', '1986-06-26', 'F252841065', '男', '新北市鶯歌區', 171, 92, '天秤座', 'B', '無', '滴酒不沾', '碩士', '麻醉醫師', '站內死了機會', '0911852747', '2023-07-12 18:10:38'),
(970, 'mail724582@test.com', 'R301609425r', 'face970.png', '任柏鈞', '1987-06-27', 'K221403941', '男', '臺北市信義區', 169, 110, '射手座', 'B', '無', '酒豪', '高中', '藝術總監', '發現其中疾病編輯通過級別太多律師寶寶比如', '0911350752', '2023-07-12 18:10:38'),
(971, 'mail331740@test.com', 'M841896538s', 'face971.png', '全芷瑜', '1989-06-13', 'N156131517', '女', '新北市蘆洲區', 159, 44, '處女座', 'O', '有', '小酌', '國小', '數位IC設計工程師', '發現其中疾病編輯通過級別太多律師寶寶比如', '0911919307', '2023-07-12 18:10:38'),
(972, 'mail367412@test.com', 'C764885458t', 'face972.png', '商怡靜', '1990-11-12', 'O269519398', '男', '新北市板橋區', 194, 41, '巨蟹座', 'A', '無', '酒豪', '碩士', '護理長', '也可保健避免什麼黑', '0911536268', '2023-07-12 18:10:38'),
(973, 'mail368037@test.com', 'B561913654z', 'face973.png', '梅品妤', '1986-07-05', 'F169658265', '男', '新北市雙溪區', 166, 73, '天蠍座', 'O', '有', '小酌', '高中', '藝術總監', '上午日誌一位會計本人第一個人類靜靜', '0911473570', '2023-07-12 18:10:38'),
(974, 'mail181011@test.com', 'U760615382j', 'face974.png', '郭威廷', '1989-05-24', 'F149966497', '女', '基隆市中山區', 176, 71, '獅子座', 'AB', '有', '小酌', '國小', '類比IC設計工程師', '幾天肯定先後焦點既然和他熱情主機邀請搜尋引擎面前，女性建材什麼', '0911466090', '2023-07-12 18:10:38'),
(975, 'mail384081@test.com', 'F394780716t', 'face975.png', '徐怡瑄', '1997-10-23', 'M295911182', '女', '臺北市北投區', 160, 101, '雙魚座', 'AB', '無', '滴酒不沾', '學士', '牙醫師', '上午日誌一位會計本人第一個人類靜靜', '0911159123', '2023-07-12 18:10:38'),
(976, 'mail188423@test.com', 'O130602185y', 'face976.png', '呂佳怡', '1991-05-20', 'P228979035', '女', '臺北市萬華區', 165, 46, '金牛座', 'B', '無', '酒豪', '學士', '聯結車司機', '公開固定水晶', '0911762953', '2023-07-12 18:10:38'),
(977, 'mail223717@test.com', 'W817842053j', 'face977.png', '瞿語婕', '1988-01-23', 'X122796141', '男', '臺北市萬華區', 189, 62, '巨蟹座', 'O', '有', '小酌', '碩士', '藥師輪機部船員', '公開固定水晶', '0911733872', '2023-07-12 18:10:38'),
(978, 'mail841062@test.com', 'J905875573q', 'face978.png', '詹怡萱', '1992-09-20', 'R158764845', '女', '臺北市南港區', 153, 59, '天蠍座', 'B', '有', '滴酒不沾', '高中', '醫學美容', '公開固定水晶', '0911619977', '2023-07-12 18:10:38'),
(979, 'mail705325@test.com', 'S562864502e', 'face979.png', '歐陽子豪', '1996-11-09', 'O254891396', '女', '臺北市萬華區', 153, 78, '牡羊座', 'B', '有', '酒豪', '國中', '麻醉醫師', '幾天肯定先後焦點既然和他熱情主機邀請搜尋引擎面前，女性建材什麼', '0911571348', '2023-07-12 18:10:38'),
(980, 'mail793256@test.com', 'W159953308b', 'face980.png', '費芸瑄', '1994-04-10', 'C283728188', '男', '新北市三芝區', 156, 69, '天秤座', 'A', '有', '滴酒不沾', '碩士', '空服人員', '公開固定水晶', '0911160927', '2023-07-12 18:10:38'),
(981, 'mail891951@test.com', 'K557279331d', 'face981.png', '尚宜庭', '1995-06-16', 'J252235971', '男', '新北市淡水區', 189, 85, '魔羯座', 'B', '無', '酒豪', '碩士', '藥師輪機部船員', '生命移動', '0911527129', '2023-07-12 18:10:38'),
(982, 'mail843048@test.com', 'Z769573130c', 'face982.png', '湯柏勳', '1994-11-23', 'N121527333', '男', '基隆市仁愛區', 174, 110, '魔羯座', 'A', '無', '小酌', '高中', '系統分析師', '站內死了機會', '0911646178', '2023-07-12 18:10:38'),
(983, 'mail256453@test.com', 'E926585894h', 'face983.png', '鄞秉宏', '1991-04-25', 'I258176283', '女', '新北市蘆洲區', 182, 51, '天秤座', 'B', '有', '滴酒不沾', '博士', '醫學美容', '幾天肯定先後焦點既然和他熱情主機邀請搜尋引擎面前，女性建材什麼', '0911524363', '2023-07-12 18:10:38'),
(984, 'mail574325@test.com', 'U869167698n', 'face984.png', '黄宥丞', '1997-09-09', 'Q252547047', '女', '新北市八里區', 164, 105, '獅子座', 'B', '有', '小酌', '碩士', '系統分析師', '上午日誌一位會計本人第一個人類靜靜', '0911707941', '2023-07-12 18:10:38'),
(985, 'mail57625@test.com', 'R655981379g', 'face985.png', '孫宇翔', '1985-07-22', 'I184763445', '男', '新北市瑞芳區', 195, 76, '水瓶座', 'A', '有', '酒豪', '碩士', '律師', '站內死了機會', '0911305111', '2023-07-12 18:10:38'),
(986, 'mail771834@test.com', 'D271827186s', 'face986.png', '賀靖淳', '1987-02-07', 'F150565671', '女', '臺北市士林區', 183, 74, '雙子座', 'O', '有', '小酌', '國小', '船上作業人員', '公開固定水晶', '0911255438', '2023-07-12 18:10:38'),
(987, 'mail235186@test.com', 'O490729998y', 'face987.png', '邵庭瑋', '1989-12-05', 'Y285028567', '女', '新北市坪林區', 156, 78, '魔羯座', 'B', '有', '滴酒不沾', '碩士', '律師', '上午日誌一位會計本人第一個人類靜靜', '0911535623', '2023-07-12 18:10:38'),
(988, 'mail878750@test.com', 'X464605812n', 'face988.png', '宗子豪', '1995-07-14', 'N110421889', '女', '新北市樹林區', 169, 102, '射手座', 'A', '有', '酒豪', '高中', '中醫師', '幾天肯定先後焦點既然和他熱情主機邀請搜尋引擎面前，女性建材什麼', '0911493924', '2023-07-12 18:10:38'),
(989, 'mail718824@test.com', 'Z885536697j', 'face989.png', '曾政諺', '1989-10-16', 'Z141119473', '女', '新北市土城區', 176, 100, '牡羊座', 'B', '無', '滴酒不沾', '高中', '空服人員', '上午日誌一位會計本人第一個人類靜靜', '0911808348', '2023-07-12 18:10:38'),
(990, 'mail968537@test.com', 'G720967761k', 'face990.png', '謝奕翔', '1991-04-06', 'H190287379', '女', '新北市樹林區', 183, 92, '雙魚座', 'O', '無', '小酌', '碩士', '麻醉醫師', '上午日誌一位會計本人第一個人類靜靜', '0911777298', '2023-07-12 18:10:38'),
(991, 'mail882255@test.com', 'Q918255369i', 'face991.png', '舒詩晴', '1996-03-03', 'O178507559', '男', '基隆市安樂區', 183, 67, '處女座', 'AB', '無', '小酌', '碩士', '數位IC設計工程師', '生命移動', '0911332075', '2023-07-12 18:10:38'),
(992, 'mail586157@test.com', 'G880802817n', 'face992.png', '滕俊諺', '1987-01-07', 'N185141390', '女', '新北市淡水區', 160, 58, '雙魚座', 'B', '有', '酒豪', '國中', '中醫師', '也可保健避免什麼黑', '0911804193', '2023-07-12 18:10:38'),
(993, 'mail812957@test.com', 'L955315497k', 'face993.png', '臧承諺', '1988-09-29', 'D183190067', '男', '臺北市萬華區', 178, 103, '獅子座', 'AB', '有', '滴酒不沾', '高中', '護理長', '幾天肯定先後焦點既然和他熱情主機邀請搜尋引擎面前，女性建材什麼', '0911586962', '2023-07-12 18:10:38'),
(994, 'mail198896@test.com', 'N950136496z', 'face994.png', '杜彥霖', '1994-08-12', 'I234409356', '女', '基隆市七堵區', 152, 63, '處女座', 'A', '無', '小酌', '學士', '律師', '上午日誌一位會計本人第一個人類靜靜', '0911779379', '2023-07-12 18:10:38'),
(995, 'mail206100@test.com', 'F855875021z', 'face995.png', '盛柏霖', '1991-02-04', 'D216087859', '男', '基隆市中正區', 199, 50, '牡羊座', 'AB', '無', '滴酒不沾', '國小', '艙面部船員', '生命移動', '0911108111', '2023-07-12 18:10:38'),
(996, 'mail27835@test.com', 'H580950287r', 'face996.png', '龔雅婷', '1997-02-27', 'Z113047353', '女', '臺北市中山區', 155, 67, '牡羊座', 'B', '有', '滴酒不沾', '博士', '麻醉醫師', '上午日誌一位會計本人第一個人類靜靜', '0911204721', '2023-07-12 18:10:38'),
(997, 'mail648308@test.com', 'Q470974824h', 'face997.png', '裴子晴', '1990-02-21', 'K177784811', '男', '臺北市萬華區', 172, 70, '水瓶座', 'AB', '無', '滴酒不沾', '碩士', '飛行機師', '也可保健避免什麼黑', '0911423879', '2023-07-12 18:10:38'),
(998, 'mail510132@test.com', 'L715767573j', 'face998.png', '高柏安', '1995-06-26', 'J298122947', '男', '新北市新莊區', 178, 62, '雙魚座', 'O', '有', '小酌', '國小', '護理長', '幾天肯定先後焦點既然和他熱情主機邀請搜尋引擎面前，女性建材什麼', '0911230219', '2023-07-12 18:10:38'),
(999, 'mail378400@test.com', 'S362874743b', 'face999.png', '馬宥嘉', '1997-02-05', 'H284879192', '女', '新北市中和區', 172, 96, '水瓶座', 'AB', '有', '酒豪', '國中', '麻醉醫師', '生命移動', '0911894739', '2023-07-12 18:10:38'),
(1000, 'mail138293@test.com', 'M186355641n', 'face1000.png', '凌俊諺', '1996-03-11', 'B218998821', '女', '新北市蘆洲區', 184, 48, '射手座', 'B', '有', '酒豪', '國中', '麻醉醫師', '生命移動', '0911719777', '2023-07-12 18:10:38'),
(1001, 'dfds', 'dsfa', '', 'sdaf', '2023-07-26', 'adsf', '女', 'dsaf', 123, 456, 'value', '', '有', '滴酒不沾', 'value', 'gfhh', '自我介紹轎討美例平爸的美今記與。王進將采五處是常一主城度斜有許誓我聞人懼沾至攸站…；中別光摯現觀樹角討撒此聲法！穩在士致猿到受禾陳方柴弟陳度上報傾實體嘶死至過…或望白梓場了了知們妞間跟，一西民式速盎水在對龍進', 'fghf', '2023-07-28 12:15:08'),
(1002, 'rsdfgsd', 'sdfg', '8a4f9d82-92d6-4006-806a-2989d8b937d7.png', 'dfgdgfsdgfs', '2023-08-28', 'dgfsdgfs', '女', 'sgfhghf', 47979000, 79869800, '射手座', 'B', '', '', '學士', 'yert', 'dhhd', '989849', '2023-08-04 11:41:08');

-- --------------------------------------------------------

--
-- 資料表結構 `posts`
--

CREATE TABLE `posts` (
  `post_id` int(11) NOT NULL,
  `member_id` int(11) NOT NULL,
  `content` text NOT NULL,
  `img` varchar(255) NOT NULL,
  `created_at` timestamp NOT NULL DEFAULT CURRENT_TIMESTAMP
) ENGINE=InnoDB DEFAULT CHARSET=utf8mb4;

--
-- 傾印資料表的資料 `posts`
--

INSERT INTO `posts` (`post_id`, `member_id`, `content`, `img`, `created_at`) VALUES
(3, 31, '#國外 廉價航空便宜機票攻略心得分享\n\n我只是一個朝九晚五的上班族，每個月幾乎沒有太多盈餘可以花費，但是我很愛出國旅遊，\n於是就開始研究要怎麼樣才能買到便宜機票!\n本文就單純我個人買機票的經驗分享，如果有興趣的話可以看看!\n\n搶票攻略依照順序大概分為以下幾個\n1.鎖定旅遊日期\n2.目標航班/旅遊地點\n3.關注廉價航空開賣、特價消息\n4.搶票事前準備', 'https://plus.unsplash.com/premium_photo-1684407617236-9baf926474ad?ixlib=rb-4.0.3&ixid=M3wxMjA3fDB8MHxwaG90by1wYWdlfHx8fGVufDB8fHx8fA%3D%3D&auto=format&fit=crop&w=2070&q=80', '2023-07-25 08:00:00'),
(5, 17, '有女生可以接受不用每天聊天的感情嗎？\r\n有女生可以接受\r\n男友跟妳不會每天聊天\r\n大概就是報個平安\r\n講一下要去幹嘛\r\n然後各做各自的事\r\n不用每天一定要聊天\r\n想見對方的時候見面\r\n這種模式嗎？', 'https://images.unsplash.com/photo-1573497491208-6b1acb260507?ixlib=rb-4.0.3&ixid=M3wxMjA3fDB8MHxwaG90by1wYWdlfHx8fGVufDB8fHx8fA%3D%3D&auto=format&fit=crop&w=2070&q=80', '2023-07-27 08:00:00'),
(6, 64, '這樣的人才值得我愛一輩子\r\n1.有同理心的人\r\n2.情緒穩定的人\r\n3.不會有太多成見的人\r\n4.幽默的人\r\n5.懂得表達自我的人', 'https://images.unsplash.com/photo-1506126613408-eca07ce68773?ixlib=rb-4.0.3&ixid=M3wxMjA3fDB8MHxwaG90by1wYWdlfHx8fGVufDB8fHx8fA%3D%3D&auto=format&fit=crop&w=1399&q=80', '2023-07-11 08:00:00'),
(7, 73, '致寶貝女友的一封信\r\n嘿 我不知道妳看不看得到\r\n但我想說 我開始找回當初跟妳認識的自己了\r\n分開後我想了很多 一段感情需要雙方共同成長\r\n但是我卻選擇了原地踏步 忽視自己\r\n另一半之所以是另一半不就是保有自己的同時\r\n才會稱之為另一半嗎？', 'https://images.unsplash.com/photo-1482235225574-c37692835cf3?ixlib=rb-4.0.3&ixid=M3wxMjA3fDB8MHxwaG90by1wYWdlfHx8fGVufDB8fHx8fA%3D%3D&auto=format&fit=crop&w=2071&q=80', '2023-07-25 08:00:00'),
(8, 92, '男生會不喜歡太瘦的女生嗎\r\n常常被嗆竹竿女跟骷髏\r\n我156 41\r\n但我自己蠻喜歡這樣瘦的身材可以穿很多衣服\r\n可是常常被別人嗆跟罵', 'https://images.unsplash.com/photo-1499314060091-745e1ca06f22?ixlib=rb-4.0.3&ixid=M3wxMjA3fDB8MHxwaG90by1wYWdlfHx8fGVufDB8fHx8fA%3D%3D&auto=format&fit=crop&w=987&q=80', '2023-07-23 08:00:00'),
(9, 35, '分手後擔心找不到更愛我的人\r\n跟男友算和平分手\r\n因為家庭價值觀差距實在太大\r\n男友認為他沒有能力給我幸福\r\n分手的時候交代了我好多要好好生活的話\r\n想到在一起的點點滴滴生活的回憶\r\n有男友照顧的我真的很幸福\r\n只是現實讓我們不能走到一塊\r\n覺得很感傷', 'https://images.unsplash.com/photo-1516822003754-cca485356ecb?ixlib=rb-4.0.3&ixid=M3wxMjA3fDB8MHxwaG90by1wYWdlfHx8fGVufDB8fHx8fA%3D%3D&auto=format&fit=crop&w=2070&q=80', '2023-07-21 08:00:00'),
(10, 69, '我想問大家會介意自己的另一半跟異性出去嗎?\r\n因為我的男朋友有很多異性朋友，在一起的時候他就有跟我說他的朋友誰是誰，但我男友是個喜歡認識新朋友的人，所以我們在一起一年多，他一樣認識很多新朋友(男男女女都有)。而且他其實和一般男生不太一樣吧，不知道怎麼形容，我剛認識他時，覺得他很好聊天、很健談，所以這種男生是會吸引滿多女生跟他做朋友當閨密這種，不過有可能因為他身高不高，再加上他都把那些女生當朋友，所以在我認識他之前他是母胎單身。\r\n', 'https://plus.unsplash.com/premium_photo-1663051246527-2fece938779f?ixlib=rb-4.0.3&ixid=M3wxMjA3fDB8MHxwaG90by1wYWdlfHx8fGVufDB8fHx8fA%3D%3D&auto=format&fit=crop&w=2070&q=80', '2023-07-08 08:00:00'),
(11, 49, '我堅持了十個月的感情，為什麼都遇人不淑?\r\n在一次聚會中，前男友加了我的line，\r\n沒想到聊著聊著就有好感，\r\n當時他有個交往七八年的女友，\r\n正準備要跟他分手（可能是講給我聽的）\r\n我也很明確告訴他，\r\n請先把你的感情處理好，再來談，\r\n沒多久他們分手了，\r\n我們在一起了，好一個無縫接軌，\r\n前男友媽媽得知分手訊息，\r\n非常反對，甚至要求他們復合', 'https://images.unsplash.com/photo-1627876888313-4a7cadd50055?ixlib=rb-4.0.3&ixid=M3wxMjA3fDB8MHxwaG90by1wYWdlfHx8fGVufDB8fHx8fA%3D%3D&auto=format&fit=crop&w=1926&q=80', '2023-07-11 08:00:00'),
(12, 3, '#國外 大家覺得幾個人一起出國比較好？\r\n個人是比較偏好兩個人，如果是特別要好的朋友，比較可以互相照顧，也很好討論。\r\n兩人以上的話，其中一人如果有什麼問題，就比較沒辦法被照顧到，因為要配合大家的行程。\r\n想問大家會喜歡幾個人一起出國？', 'https://images.unsplash.com/photo-1539635278303-d4002c07eae3?ixlib=rb-4.0.3&ixid=M3wxMjA3fDB8MHxwaG90by1wYWdlfHx8fGVufDB8fHx8fA%3D%3D&auto=format&fit=crop&w=2070&q=80', '2023-07-25 08:00:00'),
(13, 53, '#國外 當天來回快閃韓國會很瘋狂嗎?\r\n因為有期間限定的商品（需要本人去）\r\n想要飛韓國但公司沒辦法休那麼多假，也沒那麼多預算\r\n已經看好機票來回$6900\r\n預計不住宿當天來回，不曉得會不會很瘋狂\r\n想問有沒有人有當天快閃國外的經驗可以給個建議🤣', 'https://images.unsplash.com/photo-1517154421773-0529f29ea451?ixlib=rb-4.0.3&ixid=M3wxMjA3fDB8MHxwaG90by1wYWdlfHx8fGVufDB8fHx8fA%3D%3D&auto=format&fit=crop&w=2070&q=80', '2023-07-24 08:00:00'),
(76, 98, '這是我上禮拜去博朗大道拍的', 'http://localhost:3002/forum_pics/brownBlv.jpg', '2023-08-04 18:58:49'),
(109, 86, '誰要跟我看星星？', 'http://localhost:3002/forum_pics/starryNight.jpg', '2023-08-08 06:50:55'),
(111, 6, '三缺一，誰要加入？', 'http://localhost:3002/forum_pics/kayaking.jpg', '2023-08-08 19:23:56'),
(115, 25, '我有拿波里pizza折價卷，划完船之後一起去吃吧', 'http://localhost:3002/forum_pics/napoli-pizza-coupon.jpg', '2023-08-09 21:38:41'),
(117, 7, '我找到了素食pizza', 'http://localhost:3002/forum_pics/vegan-pizza.jpg', '2023-08-10 01:52:11'),
(122, 13, '希望在此找到有緣人', 'http://localhost:3002/forum_pics/youngLover.jpg', '2023-08-10 06:28:02'),
(128, 9, '有喜歡慢跑的朋友嗎？', 'http://localhost:3002/forum_pics/jogging4.jpg', '2023-08-10 18:50:33'),
(140, 5, '有人知道這是哪裡嗎？', 'http://localhost:3002/forum_pics/highHill.webp', '2023-08-10 20:24:13'),
(150, 19, '大家好，有人喜歡釣魚嗎？', 'http://localhost:3002/forum_pics/fishing.jpg', '2023-08-10 21:38:13'),
(154, 4, '台灣東海岸真漂亮', 'http://localhost:3002/forum_pics/taidongByTrain.jpg', '2023-08-10 22:15:11'),
(155, 4, '我家附近的拿波里現在有優惠', 'http://localhost:3002/forum_pics/napoli-pizza-coupon.jpg', '2023-08-10 22:15:32'),
(164, 3, '有人喜歡 Shabu-Shabu 嗎？', 'http://localhost:3002/forum_pics/shabu.jpg', '2023-08-10 23:08:11');

-- --------------------------------------------------------

--
-- 資料表結構 `products`
--

CREATE TABLE `products` (
  `product_id` int(11) NOT NULL,
  `product_name` varchar(255) NOT NULL,
  `product_price` decimal(10,2) NOT NULL,
  `product_brief` varchar(255) NOT NULL,
  `product_category` varchar(255) NOT NULL,
  `product_rate` int(5) NOT NULL DEFAULT '4',
  `product_launch` datetime NOT NULL,
  `product_discon` datetime NOT NULL,
  `product_main_img` varchar(255) NOT NULL,
  `product_description` text NOT NULL,
  `product_post` varchar(20) NOT NULL,
  `product_update` datetime NOT NULL,
  `product_upload` date NOT NULL
) ENGINE=InnoDB DEFAULT CHARSET=utf8;

--
-- 傾印資料表的資料 `products`
--

INSERT INTO `products` (`product_id`, `product_name`, `product_price`, `product_brief`, `product_category`, `product_rate`, `product_launch`, `product_discon`, `product_main_img`, `product_description`, `product_post`, `product_update`, `product_upload`) VALUES
(1, '冒險之旅鑰匙扣', '100.00', '一個組合的精緻鑰匙扣，有雷射雕刻紀念價值的文字一個組合包，可以分送給旅行親友，為本網站設計之精緻之作', '周邊 旅行 禮品', 3, '2023-05-18 18:04:00', '2023-05-27 02:06:00', 'p-i1.png', '一個組合的精緻鑰匙扣，由手工訂製，好握可扣在旅行包包上增加紀念價值，有雷射雕刻客製化的文字，可用於送禮、旅行時，為 FriendTrip 特別訂製款，超好用有別於市面上其他的產品。', 'GCriJDJIa', '2023-05-19 10:13:58', '2023-05-19'),
(2, '友誼地圖杯墊', '125.00', '地圖的杯墊，紀錄你的旅行', '周邊 禮品', 4, '2023-05-18 18:08:00', '2023-05-27 02:09:00', 'p-i2.png', '這款精緻杯墊以其簡約而優雅的設計脫穎而出。採用高品質材料製作，不僅能有效保護桌面，還能為您的飲品贈予舒適的基底，為日常生活增添一絲品味與風格。無論是家中、辦公室還是咖啡廳，都是理想的選擇。', 'baidein', '2023-05-19 02:10:33', '2023-05-19'),
(3, '友誼手機殼', '1200.00', 'FriendTrip 客製手機殼，保護您的手機', '周邊 禮品', 5, '2023-05-18 18:14:00', '2023-05-20 02:14:00', 'p-i3.png', '這款精緻手機殼結合時尚與保護功能，精心設計並使用優質材料製成。其創意設計不僅提供優越的保護，還能為您的手機增添個性和風格，完美展現您的品味。無論是外出還是日常使用，都是不可或缺的時尚配件。', 'coolphonecase', '2023-05-19 02:28:48', '2023-05-19'),
(4, '探索旅行筆記本', '99.00', '方便攜帶的旅行筆記本，記錄旅程和靈感', '周邊 旅行', 4, '2023-05-19 18:19:00', '2023-06-22 02:20:00', 'p-i4.png', '這款旅行用筆記本是旅行者的理想選擇。它小巧輕便，易於攜帶，讓您隨時隨地記錄旅途的美景、體驗和感想。精心設計的硬皮封面確保耐用性，內頁可以是空白、方格或行線，適應不同書寫需求。書中的口袋可存放小物件，如車票、紀念品。無論是寫遊記、畫素描，還是記下靈感，這本筆記本都是您旅行中的忠實夥伴。', 'bookGC', '2023-05-19 10:19:05', '2023-05-19'),
(5, '品牌旅行迷你相機', '22000.00', '迷你相機，輕巧便攜，捕捉精彩瞬間', '周邊 旅行', 4, '2023-05-20 18:22:00', '2023-05-29 02:22:00', 'p-i5.png', '這款旅行用迷你相機尺寸小巧，便於隨身攜帶。優質鏡頭和高解析度感測器確保捕捉清晰生動的照片和影片。多種拍攝模式，如風景、人像和夜景，能應對不同場景。內建連接功能可即時分享旅程，而耐用外殼則能承受旅途中的挑戰。無論您探索自然風光或城市街道，這款迷你相機都能紀錄您的珍貴瞬間。', 'GGrAADJIa', '2023-05-19 10:18:26', '2023-05-19'),
(6, '地圖手鍊', '99.00', '象徵愛情和羈絆之愛之手鍊，送禮的完美選擇', '禮品', 4, '2023-05-18 18:24:00', '2023-05-27 02:24:00', 'p-i6.png', '這款愛之鎖鍊是獨特的送禮選擇。鍊上掛著一個精緻的鎖型吊墜，寓意著愛情的牢固和羈絆的深厚。鍊子採用高品質材料打造，閃亮的鏈環與吊墜展現時尚感。適合情侶、親友或特別的人，是傳遞情感和祝福的美好禮物。不僅能點綴造型，更能永久鎖住珍貴的回憶與情感。', 'chaiXsdf', '2023-05-19 02:25:32', '2023-05-19'),
(7, '陽明山溫泉大飯店邀請卡', '2000.00', '陽明山五星級酒店讓您體驗豐盛美味的早晨', '旅行 票券', 4, '2023-05-18 18:25:00', '2023-05-27 02:26:00', 'p-i7.png', '這張陽明山溫泉飯店早餐券帶您進入一個美味的早晨世界。餐券包括多道豐盛早餐，從新鮮水果、烘焙點心到各式美味料理，滿足您的味蕾。飯店典雅的用餐環境與親切的服務，讓您在享受美食的同時，也能感受到獨特的休閒氛圍。無論是悠閒假日或商務出差，這張券都是您愜意旅程的完美開始。', 'ticketdadsifj', '2023-05-19 10:12:13', '2023-05-19'),
(8, '旅行保溫瓶', '670.00', '時尚簡約的保溫瓶，讓您旅行中不會口渴！', '旅行 禮品', 4, '2023-05-18 18:27:00', '2023-05-27 02:28:00', 'p-i8.png', '這款旅行用精緻保溫瓶設計精巧，適合隨身攜帶。採用優質不鏽鋼材料，保溫效果卓越，可保持飲品熱或冷多個小時。瓶蓋設計防漏，確保不會有意外的滲漏。輕盈的外觀與人體工學設計，方便攜帶並且易於使用。不論旅行、戶外活動或日常使用，都能保持您的飲品在最佳溫度。', 'drinkdadfr', '2023-05-19 02:28:28', '2023-05-19'),
(9, '旅行托特包', '980.00', '輕便易攜，滿足旅途所需', '旅行 禮品', 4, '2023-05-18 18:29:00', '2023-05-27 02:29:00', 'p-i9.png', '這款旅行托特包是您旅程的理想伴侶。輕巧的設計使其方便攜帶，充足的容量能容納旅途所需物品，如雜誌、水瓶、電子設備等。耐用的材料確保長久使用，設有多個內外袋可整理物品。無論您前往海灘、城市探險或逛街，這個托特包都能輕鬆應對各種情境。', 'adfjviD', '2023-05-19 10:18:00', '2023-05-19'),
(10, '時尚旅行水瓶', '200.00', '輕盈便攜，展現個人風格之水瓶', '周邊 旅行 禮品', 4, '2023-05-23 18:32:00', '2023-05-30 02:32:00', 'p-i10.png', '這款時尚塑膠水瓶不僅實用，還具有設計感。輕巧的外觀方便隨身攜帶，適用於辦公、運動或旅行。環保材料製作，安全無毒。特別的設計與圖案讓您在飲水時也能展現個人風格。融合時尚和功能性，這個水瓶是健康生活的完美伴侶。', 'wateradfm', '2023-05-19 10:15:30', '2023-05-19'),
(11, '冒險耳機', '500.00', '耐用防水，為冒險者帶來音樂與樂趣', '周邊 禮品', 4, '2023-05-18 18:33:00', '2023-05-23 02:34:00', 'p-i11.png', '這款冒險耳機是您在戶外探險時的最佳選擇。耳機具有耐用的防水和防汗功能，適應各種惡劣環境。無線連接技術讓您在移動中也能輕鬆享受高品質音樂。舒適的設計和適應性耳塞確保長時間佩戴的舒適感。無論您是遠足、騎行還是滑雪，這個耳機都是您的冒險夥伴，讓音樂伴您探索未知。', 'unbasdfklm', '2023-05-19 10:14:55', '2023-05-19'),
(12, '旅行文具組', '210.00', '方便攜帶，讓您隨時記錄創作', '旅行 禮品', 4, '2023-05-18 18:35:00', '2023-06-14 02:35:00', 'p-i12.png', '這款旅行文具組是旅途中的必備工具。包含筆、筆記本、貼紙、修正帶等，能讓您輕鬆記錄旅行見聞、做手工藝品或寫下靈感。精巧的設計和便攜性，使其適合放在背包或手提包中。在旅程中，您可以隨時使用這個文具組，保持創意流動，紀錄珍貴瞬間。', 'asdlkfk', '2023-05-19 02:36:17', '2023-05-19'),
(13, '旅行羊毛襪', '300.00', '旅行羊毛襪，舒適保暖，適合冒險旅程', '旅行 禮品', 4, '2023-05-18 18:36:00', '2023-05-25 02:36:00', 'p-i13.png', '這款旅行羊毛襪是您冒險旅程的理想伴侶。以高品質羊毛製成，提供極佳的保暖效果，同時具備透氣性和吸濕能力，讓您的腳部保持舒適乾爽。耐久的設計確保長時間使用，適合長途步行、徒步旅行或冬季探險。在不同氣候下，這款羊毛襪都能為您的腳部提供最佳保護和舒適感。', 'adsidkjc', '2023-05-19 02:37:19', '2023-05-19'),
(14, '圖片短袖上衣', '545.00', '時尚舒適，展現旅行風格', '周邊 禮品', 4, '2023-05-19 05:52:00', '2023-05-31 13:52:00', 'p-i14.png', '這款旅行品牌T恤融合時尚與舒適。使用優質面料，柔軟透氣。獨特的設計展現旅行元素，如地圖、標誌等，讓您在穿著中流露熱愛旅行的個性。適合城市漫遊、探險旅程，亦是展現自我獨特風格的選擇。無論何地，這件T恤都是您舒適時尚的夥伴。', 'lsjknfuiv', '2023-05-19 13:53:15', '2023-05-19'),
(15, '素面旅行上衣', '300.00', '素面簡約，展現個人之風格', '旅行', 4, '2023-05-18 18:36:00', '2023-05-25 02:36:00', 'p-i15.png', '這款素面T恤融合時尚與舒適。使用優質面料，柔軟透氣。獨特的設計展現特別版行，讓您在穿著中流露熱愛旅行的個性。適合城市漫遊、探險旅程，亦是展現自我獨特風格的選擇。無論何地，這件T恤都是您舒適時尚的夥伴。', 'ggtttttttt', '2023-05-19 02:37:19', '2023-05-19'),
(16, '送禮包裝', '300.00', '精美送禮包裝，增添禮物價值', '禮品', 4, '2023-05-18 18:36:00', '2023-05-25 02:36:00', 'p-i16.png', '這款精緻送禮包裝為您的禮物增添特別價值。精心選擇的包裝材料、設計，展現出對接收者的用心關懷。包裝內外皆可選用簡約或華麗風格，以適應不同場合和喜好。透過精美包裝，您的禮物將更顯珍貴，也能更深刻地傳達您的情感和祝福。', 'ggttttttttsadf', '2023-05-19 02:37:19', '2023-05-19'),
(17, '送禮禮物盒', '500.00', '精緻禮物盒子，裝點心意', '禮品', 4, '2023-05-18 18:33:00', '2023-05-23 02:34:00', 'p-i17.png', '這款禮物盒子展現您的心意。精心製作的外觀設計，以及質感優良的包裝材料，為您的禮物增添獨特風采。盒內可放置禮品、小物件或飾品，為受贈者帶來驚喜和喜悅。無論是節日、生日或特殊場合，這個禮物盒子都能為您的心意注入更多溫暖和特殊意義。\r\n\r\n\r\n\r\n\r\n\r\n', 'ddfadfbbbb', '2023-05-19 10:14:55', '2023-05-19'),
(18, '包裝棉線', '15.00', '禮物盒子包裝棉線，環保簡約，適合裝飾與保護', '周邊', 4, '2023-05-23 18:32:00', '2023-05-30 02:32:00', 'p-i18.png', '這款禮物盒子包裝棉線是環保且多功能的選擇。用柔軟的棉線巧妙地裝飾禮物盒，增添自然風格。同時，它可防止禮物在運送中損壞，保護禮物的完整性。這種簡約而美觀的包裝方式，為您的禮物添加一份特別的觸感，讓受贈者感受到您的用心和溫暖。', 'wateradfm23', '2023-05-19 10:15:30', '2023-05-19'),
(19, '福隆海洋音樂祭優惠券', '2000.00', '福隆海洋音樂祭即將在10/09登場！', '票券', 4, '2023-05-18 18:27:00', '2023-05-27 02:28:00', 'p-i19.png', '福隆海洋音樂祭即將在10/09登場！憑此優惠券可以兌換免費飲料和住宿！租車有9折優惠！超級超值的組合需要您立即擁有！主辦單位保留最後的解釋權，詳細請洽福隆海洋音樂祭主辦單位官方網站。', 'drinkdadf33r', '2023-05-19 02:28:28', '2023-05-19'),
(20, '玉山登山旅行套票', '5000.00', '專業嚮導帶領您探索深山之美，免費專車接送', '票券', 4, '2023-05-18 18:27:00', '2023-05-27 02:28:00', 'p-i20.png', '這些在地旅行優惠券提供各種折扣和優惠，包括景點門票、餐廳、住宿和交通。您可以在各種旅遊網站、應用程式或商家獲取。這些優惠券讓您在探索台灣的同時，享受更優惠的價格和更多活動選擇，為您的旅行增添更多樂趣。', 'drinkdadf33r4', '2023-05-19 02:28:28', '2023-05-19'),
(21, '星巴克會員專屬優惠券', '50.00', '旅行中補充體力，可免費兌換大冰美', '周邊 禮品 票券', 4, '2023-05-18 18:27:00', '2023-05-27 02:28:00', 'p-i21.png', '星巴克聯名 FriendTrip 優惠券！享受當下就來一杯大冰美！', 'drinkdadf33r5', '2023-05-19 02:28:28', '2023-05-19'),
(22, '六角餐廳沙拉兌換券', '20.00', '台北知名餐廳六角可兌換商品', '票券', 4, '2023-05-18 18:27:00', '2023-05-27 02:28:00', 'p-i22.png', '台北知名餐廳六角可兌換商品，免費凱薩沙拉！可以和朋友一起去六角一起享受美食和超好吃沙拉！保證吃超飽健康又營養。', 'drinkdadf33r6', '2023-05-19 02:28:28', '2023-05-19'),
(23, '高雄音樂祭優惠套票', '1000.00', '在高雄舉辦的在地音樂節', '票券', 4, '2023-05-18 18:27:00', '2023-05-27 02:28:00', 'p-i23.png', '在高雄舉辦的在地音樂節，擁有超優惠套票！登場的有樂手和超級天團，保證不失望！可免費兌換超級飲料和美食，停車免費！', 'drinkdadf1', '2023-05-19 02:28:28', '2023-05-19'),
(24, '全台停車優惠', '50.00', '和全台100家停車業者結合', '旅行 票券', 4, '2023-05-18 18:27:00', '2023-05-27 02:28:00', 'p-i24.png', '和全台100家停車業者結合，可停車六小時，和全台100家停車業者結合，可停車六小時，和全台100家停車業者結合，可停車六小時，和全台100家停車業者結合，可停車六小時。', 'drinkdadf33r2', '2023-05-19 02:28:28', '2023-05-19'),
(25, '大遠百購物禮券', '1000.00', '購物滿10000元即可使用！', '票券', 4, '2023-05-18 18:27:00', '2023-05-27 02:28:00', 'p-i25.png', '購物滿10000元即可使用！購物滿10000元即可使用！購物滿10000元即可使用！購物滿10000元即可使用！購物滿10000元即可使用！購物滿10000元即可使用！購物滿10000元即可使用！購物滿10000元即可使用！購物滿10000元即可使用！', 'drinkdadf33r3', '2023-05-19 02:28:28', '2023-05-19'),
(26, '澎湖旅遊振興券', '1000.00', '一起去澎湖旅遊吧，有附贈超划算機票和民宿，一起吃超級大海鮮', '旅行 票券', 4, '2023-05-18 18:27:00', '2023-05-27 02:28:00', 'p-i26.png', '一起去澎湖旅遊吧，有附贈超划算機票和民宿，一起吃超級大海鮮，海鮮有鯨魚、安康魚、吳郭魚、福壽螺。還有華航頂級商務艙乘坐，旅館位於馬公市。', 'drinkdadf33r4', '2023-05-19 02:28:28', '2023-05-19'),
(27, '公館河岸留言優惠券', '300.00', '憑票券可換免費大豬排', '票券', 4, '2023-05-18 18:27:00', '2023-05-27 02:28:00', 'p-i27.png', '公館河岸留言優惠券，這些在地旅行優惠券提供各種折扣和優惠，包括景點門票、餐廳、住宿和交通。您可以在各種旅遊網站、應用程式或商家獲取。這些優惠券讓您在探索台灣的同時，享受更優惠的價格和更多活動選擇，為您的旅行增添更多樂趣。', 'drinkdadf19', '2023-05-19 02:28:28', '2023-05-19'),
(28, '紀念明信片-黑白', '11.00', '旅行中紀念明信片，簡約時尚', '禮品', 4, '2023-05-18 18:27:00', '2023-05-27 02:28:00', 'p-i28.png', '旅行中紀念明信片，簡約時尚旅行中紀念明信片，這些在地旅行優惠券提供各種折扣和優惠，包括景點門票、餐廳、住宿和交通。您可以在各種旅遊網站、應用程式或商家獲取。這些優惠券讓您在探索台灣的同時，享受更優惠的價格和更多活動選擇，為您的旅行增添更多樂趣。', 'drinkdadf33r29', '2023-05-19 02:28:28', '2023-05-19'),
(29, '紀念明信片-手寫', '19.00', '草寫好看的名信片', '禮品', 4, '2023-05-18 18:27:00', '2023-05-27 02:28:00', 'p-i29.png', '草寫好看的名信片，很好看，這些在地旅行優惠券提供各種折扣和優惠，包括景點門票、餐廳、住宿和交通。您可以在各種旅遊網站、應用程式或商家獲取。這些優惠券讓您在探索台灣的同時，享受更優惠的價格和更多活動選擇，為您的旅行增添更多樂趣。', 'drinkdadf33r39', '2023-05-19 02:28:28', '2023-05-19'),
(30, '吉祥新年賀卡', '18.00', '恭喜發財的賀卡，慶祝雞年，金雞獨立！', '禮品', 4, '2023-05-18 18:27:00', '2023-05-27 02:28:00', 'p-i30.png', '恭喜發財的賀卡，慶祝雞年，金雞獨立！給你提供各種超值的折扣和優惠，包括景點門票、美味餐廳、舒適住宿和便捷交通。不管你在哪裡，都能在旅遊網站。', 'drinkdadf18', '2023-05-19 02:28:28', '2023-05-19'),
(31, '郵票-文青彩色', '20.00', '旅行中可以使用寄信給朋友', '周邊 旅行', 4, '2023-05-18 18:27:00', '2023-05-27 02:28:00', 'p-i31.png', '旅行中可以使用寄信給朋友。這些在地旅行優惠券真是超猛，就像一把魔法棒，能給你超多折扣和優惠！這些神奇的東西能讓你享受景點門票、美味大餐、豪華住宿和順暢交通的特權。你只需挖挖鼻孔，就能在旅遊網站、APP或商家裡找到。這些優惠券就像是你的旅行小助手，能讓你玩得更盡興、花得更聰明，絕對是旅行的最佳搭檔！', 'drinkdadf33r28', '2023-05-19 02:28:28', '2023-05-19'),
(32, '月老紅線', '20.00', '增加姻緣！來自超靈驗月老廟', '禮品', 4, '2023-05-18 18:27:00', '2023-05-27 02:28:00', 'p-i32.png', '增加姻緣！來自超靈驗月老廟。都能在旅遊網站、APP或附近的商家拿到。這些優惠券不僅讓你玩得盡興，還能省錢，為你的旅行增添更多樂趣！', 'drinkdadf33r38', '2023-05-19 02:28:28', '2023-05-19'),
(33, '笑臉紀念鈕扣', '5.00', '可愛幽默風趣的小物', '周邊 禮品', 4, '2023-05-18 18:27:00', '2023-05-27 02:28:00', 'p-i33.png', '可愛幽默風趣的小物。你只需挖挖鼻孔，就能在旅遊網站、APP或商家裡找到。這些優惠券就像是你的旅行小助手，能讓你玩得更盡興、花得更聰明，絕對是旅行的最佳搭檔！', '7drinkdadf17', '2023-05-19 02:28:28', '2023-05-19'),
(34, '紀念可愛童趣貼紙', '8.00', '充滿童趣的貼紙，可以貼在行李箱上', '周邊', 4, '2023-05-18 18:27:00', '2023-05-27 02:28:00', 'p-i34.png', '充滿童趣的貼紙，可以貼在行李箱上。這些優惠券不僅讓你玩得盡興，還能省錢，為你的旅行增添更多樂趣！', 'drinkdadf33r27', '2023-05-19 02:28:28', '2023-05-19'),
(35, '可愛眼睛風格標章', '12.00', '超可愛的大眼睛，精緻的產品，隨時別上超好看', '周邊 禮品', 4, '2023-05-18 18:27:00', '2023-05-27 02:28:00', 'p-i35.png', '超可愛的大眼睛，精緻的產品，隨時別上超好看。不管你在哪裡，都能在旅遊網站、APP或附近的商家拿到。這些優惠券不僅讓你玩得盡興，還能省錢，為你的旅行增添更多樂趣！', 'drinkdadf33r37', '2023-05-19 02:28:28', '2023-05-19'),
(36, 'You are lover 徽章', '13.00', '送給愛人的旅行徽章，有紀念性質', '周邊 禮品', 4, '2023-05-18 18:27:00', '2023-05-27 02:28:00', 'p-i36.png', '送給愛人的旅行徽章，有紀念性質。從神奇景點門票到仙境般的餐廳，還有如夢住宿。讓這些優惠券成為您旅行中的魔法法寶，帶您進入夢幻的冒險之旅。', 'drinkdadf16', '2023-05-19 02:28:28', '2023-05-19'),
(37, '笑臉托特包徽章', '12.00', '可以別在自己的包包上，好看', '周邊 禮品', 4, '2023-05-18 18:27:00', '2023-05-27 02:28:00', 'p-i37.png', '可以別在自己的包包上，好看。為您的旅程注入能量和生機。在大自然的懷抱中，優惠券成為您探索台灣美麗風景的最佳伴侶。', 'drinkdadf33r26', '2023-05-19 02:28:28', '2023-05-19'),
(38, '小怪獸便條紙', '11.00', '很可愛的貼貼，可以在旅行看書時做筆記', '周邊 禮品', 4, '2023-05-18 18:27:00', '2023-05-27 02:28:00', 'p-i38.png', '很可愛的貼貼，可以在旅行看書時做筆記。這些經典的優惠券就像是您的忠實伴侶，隨時準備為您服務。它們不僅能夠為您提供景點門票、美味餐飲，還有舒適住宿的機會，讓您的旅程變得更為完美。經典不朽，優惠券成為您旅行中的經典之選。', 'drinkdadf33r36', '2023-05-19 02:28:28', '2023-05-19'),
(39, '旅行用刷子', '120.00', '可以清除旅行時身上的灰塵', '旅行 禮品', 4, '2023-05-18 18:27:00', '2023-05-27 02:28:00', 'p-i39.png', '可以清除旅行時身上的灰塵。如同大自然的恩賜，給您提供了多樣的選擇。從景點門票到餐廳、住宿，甚至交通，它們如同大自然的元素，為您的旅程注入能量和生機。', 'drinkdadf15', '2023-05-19 02:28:28', '2023-05-19'),
(40, '旅行用木質牙刷', '135.00', '可以隨時高質感時尚的刷牙齒，保持牙齒美白，有木頭香味', '周邊 旅行 禮品', 4, '2023-05-18 18:27:00', '2023-05-27 02:28:00', 'p-i40.png', '可以隨時高質感時尚的刷牙齒，保持牙齒美白，有木頭香味。迎接夢幻的台灣在地旅行，優美的優惠券彷彿是童話故事的鑰匙，將敞開奇幻的大門。這些神奇的券讓你可以穿越各種場景，從神奇景點門票到仙境般的餐廳，還有如夢住宿。讓這些優惠券成為您旅行中的魔法法寶，帶您進入夢幻的冒險之旅。', 'drinkdadf33r25', '2023-05-19 02:28:28', '2023-05-19'),
(41, '友誼之傘', '278.00', '透明萊爾富70公分傘', '禮品', 4, '2023-05-18 18:27:00', '2023-05-27 02:28:00', 'p-i41.png', '透明萊爾富70公分傘。如同大自然的恩賜，給您提供了多樣的選擇。從景點門票到餐廳、住宿，甚至交通，它們如同大自然的元素，為您的旅程注入能量和生機。在大自然的懷抱中，優惠券成為您探索台灣美麗風景的最佳伴侶。', 'drinkdadf33r35', '2023-05-19 02:28:28', '2023-05-19'),
(42, '健康補給飲料155', '20.00', '旅行中補充體力', '票券', 4, '2023-05-18 18:27:00', '2023-05-27 02:28:00', 'p-i42.png', '超好喝的超好喝的超好喝的超好喝的超好喝的超好喝的超好喝的超好喝的超好喝的超好喝的超好喝的超好喝的超好喝的超好喝的超好喝的超好喝的超好喝的超好喝的超好喝的超好喝的超好喝的超好喝的', 'drinkdadf155', '2023-05-19 02:28:28', '2023-05-19'),
(43, '健康補給飲料255', '20.00', '旅行中補充體力', '周邊', 4, '2023-05-18 18:27:00', '2023-05-27 02:28:00', 'p-i43.png', '超好喝的超好喝的超好喝的超好喝的超好喝的超好喝的超好喝的超好喝的超好喝的超好喝的超好喝的超好喝的超好喝的超好喝的超好喝的超好喝的超好喝的超好喝的超好喝的超好喝的超好喝的超好喝的', 'drinkdadf33r255', '2023-05-19 02:28:28', '2023-05-19'),
(44, '健康補給飲料355', '20.00', '旅行中補充體力', '周邊', 4, '2023-05-18 18:27:00', '2023-05-27 02:28:00', 'p-i44.png', '超好喝的超好喝的超好喝的超好喝的超好喝的超好喝的超好喝的超好喝的超好喝的超好喝的超好喝的超好喝的超好喝的超好喝的超好喝的超好喝的超好喝的超好喝的超好喝的超好喝的超好喝的超好喝的', 'drinkdadf33r355', '2023-05-19 02:28:28', '2023-05-19'),
(45, '健康補給飲料199', '20.00', '旅行中補充體力', '票券', 4, '2023-05-18 18:27:00', '2023-05-27 02:28:00', 'p-i45.png', '超好喝的超好喝的超好喝的超好喝的超好喝的超好喝的超好喝的超好喝的超好喝的超好喝的超好喝的超好喝的超好喝的超好喝的超好喝的超好喝的超好喝的超好喝的超好喝的超好喝的超好喝的超好喝的', '999', '2023-05-19 02:28:28', '2023-05-19'),
(46, '健康補給飲料299', '20.00', '旅行中補充體力', '禮品', 4, '2023-05-18 18:27:00', '2023-05-27 02:28:00', 'p-i46.png', '超好喝的超好喝的超好喝的超好喝的超好喝的超好喝的超好喝的超好喝的超好喝的超好喝的超好喝的超好喝的超好喝的超好喝的超好喝的超好喝的超好喝的超好喝的超好喝的超好喝的超好喝的超好喝的', 'drinkdadf33r299', '2023-05-19 02:28:28', '2023-05-19'),
(47, '健康補給飲料399', '20.00', '旅行中補充體力', '票券', 4, '2023-05-18 18:27:00', '2023-05-27 02:28:00', 'p-i47.png', '超好喝的超好喝的超好喝的超好喝的超好喝的超好喝的超好喝的超好喝的超好喝的超好喝的超好喝的超好喝的超好喝的超好喝的超好喝的超好喝的超好喝的超好喝的超好喝的超好喝的超好喝的超好喝的', 'drinkdadf33r399', '2023-05-19 02:28:28', '2023-05-19'),
(48, '健康補給飲料188', '20.00', '旅行中補充體力', '周邊', 4, '2023-05-18 18:27:00', '2023-05-27 02:28:00', 'p-i48.png', '超好喝的超好喝的超好喝的超好喝的超好喝的超好喝的超好喝的超好喝的超好喝的超好喝的超好喝的超好喝的超好喝的超好喝的超好喝的超好喝的超好喝的超好喝的超好喝的超好喝的超好喝的超好喝的', 'drinkdadf188', '2023-05-19 02:28:28', '2023-05-19'),
(49, '健康補給飲料288', '20.00', '旅行中補充體力', '周邊', 4, '2023-05-18 18:27:00', '2023-05-27 02:28:00', 'p-i49.png', '超好喝的超好喝的超好喝的超好喝的超好喝的超好喝的超好喝的超好喝的超好喝的超好喝的超好喝的超好喝的超好喝的超好喝的超好喝的超好喝的超好喝的超好喝的超好喝的超好喝的超好喝的超好喝的', 'drinkdadf33r288', '2023-05-19 02:28:28', '2023-05-19'),
(50, '健康補給飲料388', '20.00', '旅行中補充體力', '禮品', 4, '2023-05-18 18:27:00', '2023-05-27 02:28:00', 'p-i50.png', '超好喝的超好喝的超好喝的超好喝的超好喝的超好喝的超好喝的超好喝的超好喝的超好喝的超好喝的超好喝的超好喝的超好喝的超好喝的超好喝的超好喝的超好喝的超好喝的超好喝的超好喝的超好喝的', 'drinkdadf33r388', '2023-05-19 02:28:28', '2023-05-19'),
(51, '健康補給飲料177', '20.00', '旅行中補充體力', '票券', 4, '2023-05-18 18:27:00', '2023-05-27 02:28:00', 'p-i51.png', '超好喝的超好喝的超好喝的超好喝的超好喝的超好喝的超好喝的超好喝的超好喝的超好喝的超好喝的超好喝的超好喝的超好喝的超好喝的超好喝的超好喝的超好喝的超好喝的超好喝的超好喝的超好喝的', 'drinkdadf177', '2023-05-19 02:28:28', '2023-05-19'),
(52, '健康補給飲料277', '20.00', '旅行中補充體力', '周邊', 4, '2023-05-18 18:27:00', '2023-05-27 02:28:00', 'p-i52.png', '超好喝的超好喝的超好喝的超好喝的超好喝的超好喝的超好喝的超好喝的超好喝的超好喝的超好喝的超好喝的超好喝的超好喝的超好喝的超好喝的超好喝的超好喝的超好喝的超好喝的超好喝的超好喝的', 'drinkdadf33r277', '2023-05-19 02:28:28', '2023-05-19'),
(53, '健康補給飲料377', '20.00', '旅行中補充體力', '周邊', 4, '2023-05-18 18:27:00', '2023-05-27 02:28:00', 'p-i53.png', '超好喝的超好喝的超好喝的超好喝的超好喝的超好喝的超好喝的超好喝的超好喝的超好喝的超好喝的超好喝的超好喝的超好喝的超好喝的超好喝的超好喝的超好喝的超好喝的超好喝的超好喝的超好喝的', 'drinkdadf33r377', '2023-05-19 02:28:28', '2023-05-19'),
(54, '冒險之旅鑰匙扣', '200.00', '跟旅伴發動剛偷來機車的神奇鑰匙跟旅伴發動剛偷來機車的神奇鑰匙跟旅伴發動剛偷來機車的神奇鑰匙跟旅伴發動剛偷來機車的神奇鑰匙跟旅伴發動剛偷來機車的神奇鑰匙跟旅伴發動剛偷來機車的神奇鑰匙跟旅伴發動剛偷來機車的神奇鑰匙', '周邊 旅行 禮品', 3, '2023-05-18 18:04:00', '2023-05-27 02:06:00', 'p-i54.png', '金央詞目澡黃像汁用幸冬加兆元久占丟「種」未雨飯幫示快和大母？歡停泉具房爪，收升了足回方沒婆鼻現！三不我乞後法這買雲很結正杯象。\r\n\r\n司福乾掃孝邊豆幼勿喝訴飽以語邊首候竹壯。抓裝讀八。手來弟亭種要教話爪實草音兄自由向。喝止陽士氣助故着叫主午升蛋唱占神？兆動因枝胡經常從還穿車因現意停哪次。言肖媽從戊壯不到。苦肉王急足哥更刀口九乙毛。', 'GCriJDJIa', '2023-05-19 10:13:58', '2023-05-19'),
(55, '彩色紀念可愛貼紙', '120.00', '充滿童趣的貼紙，可以貼在行李箱上', '周邊', 4, '2023-05-18 18:27:00', '2023-05-27 02:28:00', 'p-i34.png', '充滿童趣的貼紙，可以貼在行李箱上。這些優惠券不僅讓你玩得盡興，還能省錢，為你的旅行增添更多樂趣！', 'drinkdadf33r27', '2023-05-19 02:28:28', '2023-05-19');

-- --------------------------------------------------------

--
-- 資料表結構 `product_checking_item`
--

CREATE TABLE `product_checking_item` (
  `checking_id` int(11) NOT NULL,
  `member_id` int(11) NOT NULL,
  `product_id` int(11) NOT NULL,
  `product_num` int(11) NOT NULL,
  `checking_total` int(11) NOT NULL,
  `order_id` varchar(255) NOT NULL
) ENGINE=InnoDB DEFAULT CHARSET=utf8;

--
-- 傾印資料表的資料 `product_checking_item`
--

INSERT INTO `product_checking_item` (`checking_id`, `member_id`, `product_id`, `product_num`, `checking_total`, `order_id`) VALUES
(3, 2, 1, 6, 13800, 'u0h73wlkybofy6'),
(4, 2, 3, 11, 13800, 'u0h73wlkybofy6'),
(5, 2, 2, 6, 750, 't4nq84lkybrz16'),
(6, 2, 3, 1, 1200, 'pycx3tlkybu190'),
(8, 2, 22, 3, 60, 'v0zspsll0jwk9o'),
(9, 2, 6, 3, 7937, '61x7wsll1pbd8c'),
(10, 2, 7, 3, 7937, '61x7wsll1pbd8c'),
(11, 2, 9, 21, 7937, '61x7wsll1pbd8c'),
(12, 2, 8, 1, 7937, '61x7wsll1pbd8c'),
(13, 2, 3, 1, 7937, '61x7wsll1pbd8c'),
(14, 2, 6, 3, 7937, 'srmjq9ll1q4d4t'),
(15, 2, 9, 21, 7937, 'srmjq9ll1q4d4t'),
(16, 2, 7, 3, 7937, 'srmjq9ll1q4d4t'),
(17, 2, 8, 1, 7937, 'srmjq9ll1q4d4t'),
(18, 2, 3, 1, 7937, 'srmjq9ll1q4d4t'),
(19, 2, 6, 3, 7937, 'xh4gyzll1q7ppl'),
(20, 2, 9, 21, 7937, 'xh4gyzll1q7ppl'),
(21, 2, 7, 3, 7937, 'xh4gyzll1q7ppl'),
(22, 2, 8, 1, 7937, 'xh4gyzll1q7ppl'),
(23, 2, 3, 1, 7937, 'xh4gyzll1q7ppl'),
(24, 2, 6, 3, 7937, 'e3px05ll1qhjbi'),
(25, 2, 9, 21, 7937, 'e3px05ll1qhjbi'),
(26, 2, 7, 3, 7937, 'e3px05ll1qhjbi'),
(27, 2, 8, 1, 7937, 'e3px05ll1qhjbi'),
(28, 2, 3, 1, 7937, 'e3px05ll1qhjbi'),
(29, 2, 6, 3, 7937, 'ddzgwcll1qskon'),
(30, 2, 9, 21, 7937, 'ddzgwcll1qskon'),
(31, 2, 7, 3, 7937, 'ddzgwcll1qskon'),
(32, 2, 8, 1, 7937, 'ddzgwcll1qskon'),
(33, 2, 3, 1, 7937, 'ddzgwcll1qskon'),
(34, 2, 6, 3, 7937, 'fpmknqll1qutx4'),
(35, 2, 9, 21, 7937, 'fpmknqll1qutx4'),
(36, 2, 7, 3, 7937, 'fpmknqll1qutx4'),
(37, 2, 8, 1, 7937, 'fpmknqll1qutx4'),
(38, 2, 3, 1, 7937, 'fpmknqll1qutx4'),
(39, 2, 6, 3, 7937, 'c6srhgll1qxblu'),
(40, 2, 9, 21, 7937, 'c6srhgll1qxblu'),
(41, 2, 7, 3, 7937, 'c6srhgll1qxblu'),
(42, 2, 8, 1, 7937, 'c6srhgll1qxblu'),
(43, 2, 3, 1, 7937, 'c6srhgll1qxblu'),
(44, 2, 9, 21, 7937, 'n65m8dll1qyz83'),
(45, 2, 6, 3, 7937, 'n65m8dll1qyz83'),
(46, 2, 7, 3, 7937, 'n65m8dll1qyz83'),
(47, 2, 3, 1, 7937, 'n65m8dll1qyz83'),
(48, 2, 8, 1, 7937, 'n65m8dll1qyz83'),
(49, 2, 6, 3, 7937, 'nz9apvll1r2xr9'),
(50, 2, 9, 21, 7937, 'nz9apvll1r2xr9'),
(51, 2, 7, 3, 7937, 'nz9apvll1r2xr9'),
(52, 2, 8, 1, 7937, 'nz9apvll1r2xr9'),
(53, 2, 3, 1, 7937, 'nz9apvll1r2xr9'),
(54, 2, 6, 3, 7937, '3msqerll1rctrd'),
(55, 2, 9, 21, 7937, '3msqerll1rctrd'),
(56, 2, 7, 3, 7937, '3msqerll1rctrd'),
(57, 2, 8, 1, 7937, '3msqerll1rctrd'),
(58, 2, 3, 1, 7937, '3msqerll1rctrd'),
(59, 2, 6, 3, 7937, 'egtk1gll1rsqb5'),
(60, 2, 9, 21, 7937, 'egtk1gll1rsqb5'),
(61, 2, 8, 1, 7937, 'egtk1gll1rsqb5'),
(62, 2, 3, 1, 7937, 'egtk1gll1rsqb5'),
(63, 2, 7, 3, 7937, 'egtk1gll1rsqb5'),
(69, 2, 6, 3, 7937, 'fpj9oall1rxavx'),
(70, 2, 9, 21, 7937, 'fpj9oall1rxavx'),
(71, 2, 7, 3, 7937, 'fpj9oall1rxavx'),
(72, 2, 8, 1, 7937, 'fpj9oall1rxavx'),
(73, 2, 3, 1, 7937, 'fpj9oall1rxavx'),
(74, 2, 6, 3, 7937, 'dbzc36ll1ugguj'),
(75, 2, 9, 21, 7937, 'dbzc36ll1ugguj'),
(76, 2, 7, 3, 7937, 'dbzc36ll1ugguj'),
(77, 2, 8, 1, 7937, 'dbzc36ll1ugguj'),
(78, 2, 3, 1, 7937, 'dbzc36ll1ugguj'),
(84, 2, 6, 3, 7937, 'egfl71ll1vb9vo'),
(85, 2, 9, 21, 7937, 'egfl71ll1vb9vo'),
(86, 2, 7, 3, 7937, 'egfl71ll1vb9vo'),
(87, 2, 8, 1, 7937, 'egfl71ll1vb9vo'),
(88, 2, 3, 1, 7937, 'egfl71ll1vb9vo'),
(89, 2, 6, 3, 7937, 'd3alywll1vdxwq'),
(90, 2, 9, 21, 7937, 'd3alywll1vdxwq'),
(91, 2, 7, 3, 7937, 'd3alywll1vdxwq'),
(92, 2, 8, 1, 7937, 'd3alywll1vdxwq'),
(93, 2, 3, 1, 7937, 'd3alywll1vdxwq'),
(94, 2, 6, 3, 7937, 'lvpg4zll1wtnu7'),
(95, 2, 9, 21, 7937, 'lvpg4zll1wtnu7'),
(96, 2, 7, 3, 7937, 'lvpg4zll1wtnu7'),
(97, 2, 8, 1, 7937, 'lvpg4zll1wtnu7'),
(98, 2, 3, 1, 7937, 'lvpg4zll1wtnu7'),
(99, 2, 8, 1, 20, 'z65505ll1wwpyn'),
(100, 2, 8, 1, 120, '9thhp4ll2dzi0c'),
(101, 2, 1, 1, 120, '9thhp4ll2dzi0c'),
(104, 2, 3, 2, 8617, 'i4ya5all4uv60m'),
(105, 2, 9, 4, 8617, 'i4ya5all4uv60m'),
(106, 2, 7, 1, 8617, 'i4ya5all4uv60m'),
(107, 2, 4, 3, 8617, 'i4ya5all4uv60m'),
(108, 2, 3, 2, 8617, 'lrdliill4v0e8a'),
(109, 2, 9, 4, 8617, 'lrdliill4v0e8a'),
(110, 2, 7, 1, 8617, 'lrdliill4v0e8a'),
(111, 2, 4, 3, 8617, 'lrdliill4v0e8a'),
(116, 15, 41, 2, 5556, '6k62b2ll4w79j8'),
(117, 15, 20, 1, 5556, '6k62b2ll4w79j8'),
(118, 15, 41, 4, 1237, 'kowf6dll4wa7lg'),
(119, 15, 2, 1, 1237, 'kowf6dll4wa7lg'),
(120, 17, 1, 4, 400, 'vt5ln3ll4xadh2'),
(121, 22, 5, 3, 66600, '9fx4wmll50sq7n'),
(122, 22, 1, 6, 66600, '9fx4wmll50sq7n'),
(123, 23, 1, 1, 100, 'r67mfgll51iq3u'),
(125, 23, 1, 1, 100, 'l2r512ll51jfbw');

-- --------------------------------------------------------

--
-- 資料表結構 `product_collection`
--

CREATE TABLE `product_collection` (
  `collection_id` int(11) NOT NULL,
  `member_id` int(11) NOT NULL,
  `product_id` int(11) NOT NULL
) ENGINE=InnoDB DEFAULT CHARSET=utf8;

--
-- 傾印資料表的資料 `product_collection`
--

INSERT INTO `product_collection` (`collection_id`, `member_id`, `product_id`) VALUES
(14, 1, 4),
(15, 1, 5),
(42, 2, 8),
(51, 1, 1),
(52, 1, 2),
(53, 1, 3),
(60, 2, 1),
(63, 2, 4),
(64, 2, 5),
(75, 15, 20),
(76, 23, 4),
(77, 23, 5);

-- --------------------------------------------------------

--
-- 資料表結構 `product_comment`
--

CREATE TABLE `product_comment` (
  `comment_id` int(255) NOT NULL,
  `member_id` int(255) NOT NULL,
  `product_id` int(255) NOT NULL,
  `order_id` varchar(255) NOT NULL,
  `comment_content` varchar(255) NOT NULL,
  `comment_rating` int(11) NOT NULL,
  `comment_time` datetime NOT NULL DEFAULT CURRENT_TIMESTAMP
) ENGINE=InnoDB DEFAULT CHARSET=utf8;

--
-- 傾印資料表的資料 `product_comment`
--

INSERT INTO `product_comment` (`comment_id`, `member_id`, `product_id`, `order_id`, `comment_content`, `comment_rating`, `comment_time`) VALUES
(1, 15, 41, '6k62b2ll4w79j8', 'dgfdsgdfsg', 5, '2023-08-10 16:24:54'),
(2, 15, 20, '6k62b2ll4w79j8', 'dfgdfgdfsg', 5, '2023-08-10 16:24:54'),
(3, 23, 1, 'l2r512ll51jfbw', 'dfdsgfas', 5, '2023-08-10 18:53:29');

-- --------------------------------------------------------

--
-- 資料表結構 `product_order`
--

CREATE TABLE `product_order` (
  `order_id` varchar(255) NOT NULL,
  `member_id` int(11) NOT NULL,
  `receiver_gender` varchar(11) NOT NULL,
  `receiver_name` varchar(11) NOT NULL,
  `receiver_tel` varchar(20) NOT NULL,
  `receiver_address` varchar(255) NOT NULL,
  `receiver_email` varchar(255) NOT NULL,
  `order_note` varchar(255) DEFAULT NULL,
  `ad` tinyint(1) DEFAULT '0',
  `payment_method` varchar(255) NOT NULL,
  `order_time` datetime DEFAULT CURRENT_TIMESTAMP,
  `order_complete` tinyint(1) DEFAULT '0',
  `complete_time` datetime DEFAULT CURRENT_TIMESTAMP,
  `order_status` varchar(255) DEFAULT '訂單成立',
  `order_comment` tinyint(1) NOT NULL DEFAULT '0'
) ENGINE=InnoDB DEFAULT CHARSET=utf8;

--
-- 傾印資料表的資料 `product_order`
--

INSERT INTO `product_order` (`order_id`, `member_id`, `receiver_gender`, `receiver_name`, `receiver_tel`, `receiver_address`, `receiver_email`, `order_note`, `ad`, `payment_method`, `order_time`, `order_complete`, `complete_time`, `order_status`, `order_comment`) VALUES
('6k62b2ll4w79j8', 15, 'male', '孟品蓁', '0911598088', '基隆市暖暖區', 'mail827520@test.com', '', 0, '信用卡', '2023-08-10 16:24:17', 0, '2023-08-10 16:24:43', '訂單完成', 1),
('9fx4wmll50sq7n', 22, 'male', '關珮慈', '0911337692', '新北市蘆洲區', 'mail428623@test.com', '', 0, '信用卡', '2023-08-10 18:32:32', 0, '2023-08-10 18:32:32', '訂單成立', 0),
('kowf6dll4wa7lg', 15, 'female', '孟品蓁', '0911598088', '基隆市暖暖區', 'mail827520@test.com', '', 0, '信用卡', '2023-08-10 16:26:22', 0, '2023-08-10 16:26:49', '訂單完成', 0),
('l2r512ll51jfbw', 23, 'female', '牛凱傑', '0911815045', '新北市貢寮區', 'mail430922@test.com', '', 0, '信用卡', '2023-08-10 18:53:18', 0, '2023-08-10 18:53:23', '訂單完成', 1),
('lvpg4zll1wtnu7', 2, 'female', '陽芊妤', '0911953355', '新北市瑞芳區', 'mail431272@test.com', '123', 0, '信用卡', '2023-08-08 14:18:26', 0, '2023-08-08 23:02:24', '訂單完成', 0),
('pycx3tlkybu190', 2, 'female', '陽芊妤', '0911953355', '新北市瑞芳區', 'mail431272@test.com', '2', 0, '信用卡', '2023-08-06 02:07:14', 0, '2023-08-08 14:18:26', '訂單完成', 0),
('t4nq84lkybrz16', 2, 'female', '陽芊妤', '0911953355', '新北市瑞芳區', 'mail431272@test.com', '333', 0, '信用卡', '2023-08-06 02:05:35', 0, '2023-08-08 14:18:26', '訂單完成', 0),
('u0h73wlkybofy6', 2, 'female', '陽芊妤', '0911953355', '新北市瑞芳區', 'mail431272@test.com', '123', 0, '信用卡', '2023-08-06 02:03:04', 0, '2023-08-08 14:18:26', '訂單完成', 0),
('v0zspsll0jwk9o', 2, 'female', '陽芊妤', '0911953355', '新北市瑞芳區', 'mail431272@test.com', '123', 0, '信用卡', '2023-08-07 15:28:38', 0, '2023-08-09 01:56:01', '訂單完成', 0),
('vt5ln3ll4xadh2', 17, 'female', '韋彥均', '0911628374', '新北市林口區', 'mail942764@test.com', '', 0, '信用卡', '2023-08-10 16:54:19', 0, '2023-08-10 16:54:28', '訂單完成', 0);

-- --------------------------------------------------------

--
-- 資料表結構 `product_order_credit`
--

CREATE TABLE `product_order_credit` (
  `credit_id` int(11) NOT NULL,
  `order_id` varchar(50) NOT NULL,
  `credit_number` varchar(20) NOT NULL,
  `credit_security` varchar(10) NOT NULL,
  `credit_name` varchar(50) NOT NULL,
  `credit_ex` varchar(10) NOT NULL
) ENGINE=InnoDB DEFAULT CHARSET=utf8;

--
-- 傾印資料表的資料 `product_order_credit`
--

INSERT INTO `product_order_credit` (`credit_id`, `order_id`, `credit_number`, `credit_security`, `credit_name`, `credit_ex`) VALUES
(1, 'u0h73wlkybofy6', '1111111111111111', '11', '1111', '11111'),
(2, 't4nq84lkybrz16', '', '11', '111', '1111'),
(3, 'pycx3tlkybu190', '2222222222222222', '22', '222', '22222'),
(4, 'v0zspsll0jwk9o', '1111111111111111', '123', '123', '123'),
(5, 'lvpg4zll1wtnu7', '1111111111111111', '111', '111', '111'),
(6, '6k62b2ll4w79j8', '1111111111111111', '11111', '11111', '11111'),
(7, 'kowf6dll4wa7lg', '2222222222222222', '2222222', '22222', '222222'),
(8, 'vt5ln3ll4xadh2', '', '', '', ''),
(9, '9fx4wmll50sq7n', '', '', '', ''),
(10, 'l2r512ll51jfbw', '', '', '', '');

-- --------------------------------------------------------

--
-- 資料表結構 `public_itinerary`
--

CREATE TABLE `public_itinerary` (
  `sid` int(11) NOT NULL,
  `member_id` int(11) NOT NULL,
  `itin_id` int(11) NOT NULL,
  `create_at` datetime NOT NULL
) ENGINE=InnoDB DEFAULT CHARSET=utf8;

--
-- 傾印資料表的資料 `public_itinerary`
--

INSERT INTO `public_itinerary` (`sid`, `member_id`, `itin_id`, `create_at`) VALUES
(15, 2, 159, '2023-08-10 14:20:35'),
(16, 2, 152, '2023-08-10 14:21:12'),
(17, 9, 150, '2023-08-10 15:55:58'),
(18, 12, 157, '2023-08-10 15:58:05'),
(19, 17, 148, '2023-08-10 16:44:19'),
(20, 23, 148, '2023-08-10 18:53:39');

-- --------------------------------------------------------

--
-- 資料表結構 `reserve`
--

CREATE TABLE `reserve` (
  `reserveId` int(11) NOT NULL,
  `reserve_member_id` int(11) DEFAULT NULL,
  `rest_id` int(11) DEFAULT NULL,
  `reserve_date` date DEFAULT NULL,
  `reserve_time` time DEFAULT NULL,
  `reserve_people` int(11) DEFAULT NULL,
  `state` tinyint(1) NOT NULL,
  `created_time` timestamp NOT NULL DEFAULT CURRENT_TIMESTAMP ON UPDATE CURRENT_TIMESTAMP
) ENGINE=InnoDB DEFAULT CHARSET=utf8;

--
-- 傾印資料表的資料 `reserve`
--

INSERT INTO `reserve` (`reserveId`, `reserve_member_id`, `rest_id`, `reserve_date`, `reserve_time`, `reserve_people`, `state`, `created_time`) VALUES
(2, 3, 3, '2023-04-05', '00:00:00', 7, 0, '2023-05-17 10:02:44'),
(3, 3, 1, '2023-05-01', '00:00:00', 1, 0, '2023-05-17 04:23:27'),
(4, 5, 3, '2023-05-01', '00:00:00', 5, 0, '2023-05-18 09:52:07'),
(5, 4, 1, '2023-05-01', '00:00:00', 1, 0, '2023-05-17 04:23:27'),
(6, 4, 3, '2023-05-01', '00:00:00', 1, 0, '2023-05-19 01:15:45'),
(7, 56, 16, '2023-05-01', '00:00:00', 1, 0, '2023-05-17 04:23:27'),
(8, 78, 1, '2023-05-01', '00:00:00', 1, 0, '2023-05-17 04:23:27'),
(9, 24, 16, '2023-05-01', '00:00:00', 1, 0, '2023-05-17 04:23:27'),
(10, 24, 2, '2023-05-01', '00:00:00', 1, 0, '2023-05-17 04:23:27'),
(11, 6, 11, '2023-05-01', '00:00:00', 1, 0, '2023-05-17 04:23:27'),
(12, 24, 1, '2023-05-01', '00:00:00', 3, 0, '2023-05-17 04:23:27'),
(13, 5, 3, '2023-05-26', '00:00:00', 11, 0, '2023-05-17 04:23:27'),
(14, 2, 23, '2023-05-27', '00:00:00', 11, 0, '2023-05-17 04:23:27'),
(15, 5, 46, '2023-05-31', '00:00:00', 2, 0, '2023-05-17 04:23:27'),
(16, 2, 3, '2023-05-17', '00:00:00', 2, 0, '2023-05-19 01:16:11'),
(17, 2, 3, '2023-05-17', '00:00:00', 1, 0, '2023-05-17 04:23:27'),
(18, 2, 3, '2023-05-05', '00:00:00', 2, 0, '2023-05-17 04:23:27'),
(19, 5, 3, '2023-05-18', '00:00:00', 2, 0, '2023-05-17 04:23:27'),
(20, 5, 2, '2023-05-16', '00:00:00', 2, 0, '2023-05-17 04:23:27'),
(21, 2, 47, '2023-05-26', '00:00:00', 4, 0, '2023-05-17 04:23:27'),
(22, 5, 2, '2023-05-27', '13:51:00', 4, 0, '2023-05-17 04:23:27'),
(23, 11, 47, '2023-05-31', '19:32:00', 2, 0, '2023-05-17 04:23:27'),
(24, 5, 3, '2023-05-03', '09:05:00', 13, 0, '2023-05-17 09:59:59'),
(25, 2, 1, '2023-05-25', '20:12:00', 1, 0, '2023-05-17 12:10:02'),
(26, 10, 64, '2023-05-27', '12:29:00', 2, 0, '2023-05-18 16:29:25'),
(27, 13, 59, '2023-05-22', '14:30:00', 2, 0, '2023-05-18 16:30:59'),
(28, 17, 59, '2023-05-15', '17:32:00', 3, 0, '2023-05-18 16:32:12'),
(29, 24, 4, '2023-05-29', '13:33:00', 3, 0, '2023-05-18 16:33:16'),
(30, 3, 5, '2023-07-28', '11:48:25', 2, 0, '2023-07-19 03:49:16'),
(31, NULL, NULL, NULL, NULL, NULL, 0, '2023-07-19 04:09:58'),
(32, NULL, NULL, NULL, NULL, NULL, 0, '2023-07-19 04:14:20'),
(33, NULL, NULL, NULL, NULL, NULL, 0, '2023-07-19 04:58:17'),
(34, NULL, NULL, NULL, NULL, NULL, 0, '2023-07-19 05:00:04'),
(35, NULL, NULL, NULL, NULL, NULL, 0, '2023-07-19 05:17:32'),
(36, NULL, NULL, NULL, NULL, NULL, 0, '2023-07-19 05:34:41'),
(37, NULL, NULL, NULL, NULL, NULL, 0, '2023-07-19 05:48:07'),
(38, NULL, NULL, NULL, NULL, NULL, 0, '2023-07-19 06:34:13'),
(39, NULL, NULL, NULL, NULL, NULL, 0, '2023-07-19 06:41:15'),
(40, NULL, NULL, NULL, NULL, NULL, 0, '2023-07-19 06:48:03'),
(41, NULL, NULL, '2023-07-27', '12:30:00', 3, 0, '2023-07-19 06:49:20'),
(42, NULL, NULL, '2023-07-21', '12:30:00', 3, 0, '2023-07-19 08:14:52'),
(43, 1, 5, '2023-07-31', '12:30:00', 4, 0, '2023-07-19 08:20:06'),
(44, 1, 5, '2023-08-05', '13:30:00', 3, 0, '2023-07-19 08:39:52'),
(45, NULL, NULL, NULL, NULL, NULL, 0, '2023-07-19 08:43:56'),
(46, 1, 5, '2023-07-30', '12:30:00', 4, 0, '2023-07-19 08:49:49'),
(47, 1, 1, '2023-07-30', '12:30:00', 1, 0, '2023-07-19 09:10:25'),
(48, 1, 1, '2023-07-26', '12:30:00', 1, 0, '2023-07-19 09:11:37'),
(49, 1, 2, '2023-07-30', '13:30:00', 3, 0, '2023-07-20 01:26:50'),
(50, 1, 2, '2023-07-29', '12:30:00', 4, 0, '2023-07-20 03:33:19'),
(51, 1, 1, '2023-07-22', '12:30:00', 4, 0, '2023-07-20 04:11:16'),
(52, 1, 1, '2023-07-22', '13:30:00', 4, 0, '2023-07-20 04:12:09'),
(53, 1, 2, '2023-08-01', '13:30:00', 4, 0, '2023-07-20 04:12:47'),
(54, 1, 1, '2023-07-29', '12:30:00', 3, 0, '2023-07-20 07:37:07'),
(55, 1, 1, '2023-07-28', '13:30:00', 4, 0, '2023-07-21 04:20:59'),
(56, 1, 1, '2023-07-28', '12:30:00', 4, 0, '2023-07-21 07:15:42'),
(57, 1, 1, '2023-07-28', '13:30:00', 4, 0, '2023-07-21 07:22:57'),
(58, 1, 1, '2023-07-29', '13:30:00', 3, 0, '2023-07-21 07:25:54'),
(59, 1, 1, '2023-07-26', '12:30:00', 3, 0, '2023-07-21 07:53:21'),
(60, 1, 1, '2023-08-20', '13:30:00', 3, 0, '2023-07-21 07:55:51'),
(61, 1, 1, '2023-07-28', '12:30:00', 1, 0, '2023-07-21 08:26:20'),
(62, 1, 1, '2023-07-31', '12:30:00', 4, 0, '2023-07-21 09:18:31'),
(63, 1, 1, '2023-08-01', '13:30:00', 3, 0, '2023-07-21 09:25:36'),
(64, 1, 1, '2023-08-01', '13:30:00', 3, 0, '2023-07-21 09:25:52'),
(65, 1, 1, '2023-07-31', '13:30:00', 2, 0, '2023-07-21 09:27:28'),
(66, 1, 1, '2023-07-31', '11:30:00', 2, 0, '2023-07-21 09:27:50'),
(67, 1, 2, '2023-07-31', '11:30:00', 3, 0, '2023-07-21 09:34:47'),
(68, 1, 6, '2023-08-05', NULL, 3, 0, '2023-07-24 09:00:45'),
(69, 1, 10, '2023-08-24', NULL, 2, 0, '2023-07-25 05:09:04'),
(70, 1, 9, '2023-07-29', '12:30:00', 1, 0, '2023-07-25 05:14:13'),
(71, 1, 6, '2023-08-05', NULL, 4, 0, '2023-07-25 05:15:20'),
(72, 1, 4, '2023-07-29', NULL, 3, 0, '2023-07-25 05:16:38'),
(73, 1, 6, '2023-07-28', NULL, 3, 0, '2023-07-25 05:18:00'),
(74, 1, 6, '2023-07-28', NULL, 3, 0, '2023-07-25 05:18:08'),
(75, 1, 5, '2023-07-27', '12:30:00', 2, 0, '2023-07-25 05:18:44'),
(76, 1, 2, '2023-07-29', NULL, 2, 0, '2023-07-25 05:19:29'),
(77, 1, 2, '2023-07-29', NULL, 3, 0, '2023-07-25 05:22:36'),
(78, 1, 2, '2023-07-27', NULL, 1, 0, '2023-07-25 05:23:06'),
(79, 1, 2, '2023-07-28', NULL, 1, 0, '2023-07-25 05:24:36'),
(80, 1, 2, '2023-07-28', NULL, 2, 0, '2023-07-25 05:24:42'),
(81, 1, 2, '2023-07-28', NULL, 3, 0, '2023-07-25 05:24:46'),
(82, 1, 2, '2023-08-03', NULL, 3, 0, '2023-07-25 05:24:56'),
(83, 1, 1, '2023-07-27', '11:30:00', 2, 0, '2023-07-25 05:25:06'),
(84, 1, 2, '2023-07-28', NULL, 2, 0, '2023-07-25 05:25:22'),
(85, 1, 4, '2023-08-04', NULL, 4, 0, '2023-07-25 05:27:44'),
(86, 1, 4, '2023-07-28', NULL, 1, 0, '2023-07-25 05:28:08'),
(87, 1, 4, '2023-07-27', NULL, 2, 0, '2023-07-25 05:28:22'),
(88, 1, 4, '2023-07-27', NULL, 2, 0, '2023-07-25 05:28:25'),
(89, 1, 4, '2023-07-27', NULL, 2, 0, '2023-07-25 05:28:28'),
(90, 1, 4, '2023-07-29', NULL, 2, 0, '2023-07-25 05:28:31'),
(91, 1, 3, '2023-08-05', '12:30:25', 2, 0, '2023-07-25 05:28:46'),
(92, 1, 2, '2023-08-22', NULL, 1, 0, '2023-07-25 05:29:15'),
(93, 1, 2, '2023-08-22', NULL, 2, 0, '2023-07-25 05:29:18'),
(94, 1, 2, '2023-08-22', NULL, 2, 0, '2023-07-25 05:29:20'),
(95, 1, 2, '2023-08-05', NULL, 1, 0, '2023-07-25 05:29:30'),
(96, 1, 2, '2023-08-05', NULL, 2, 0, '2023-07-25 05:29:33'),
(97, 1, 1, '2023-08-05', '12:30:25', 2, 0, '2023-07-25 05:29:44'),
(98, 1, 4, '2023-08-12', NULL, 3, 0, '2023-07-25 05:30:13'),
(99, 1, 4, '2023-08-05', NULL, 2, 0, '2023-07-25 05:30:32'),
(100, 1, 2, '2023-08-05', NULL, 2, 0, '2023-07-25 05:30:50'),
(101, 1, 2, '2023-08-05', NULL, 2, 0, '2023-07-25 05:30:55'),
(102, 1, 2, '2023-08-05', NULL, 2, 0, '2023-07-25 05:30:59'),
(103, 1, 2, '2023-08-05', NULL, 3, 0, '2023-07-25 05:31:01'),
(104, 1, 5, '2023-07-28', '13:30:15', 3, 0, '2023-07-25 05:31:38'),
(105, 1, 5, '2023-07-28', '13:30:15', 4, 0, '2023-07-25 05:31:43'),
(106, 1, 5, '2023-07-28', '12:30:25', 4, 0, '2023-07-25 05:31:47'),
(107, 1, 5, '2023-07-26', '12:30:25', 4, 0, '2023-07-25 05:31:50'),
(108, 1, 5, '2023-07-26', '12:30:25', 4, 0, '2023-07-25 05:31:51'),
(109, 1, 5, '2023-07-26', '11:30:30', 3, 0, '2023-07-25 05:32:02'),
(110, 1, 5, '2023-07-26', '13:30:15', 3, 0, '2023-07-25 05:32:09'),
(111, 1, 1, '2023-07-28', '12:30:25', 1, 0, '2023-07-25 05:32:37'),
(112, 1, 1, '2023-07-28', '13:30:15', 1, 0, '2023-07-25 05:32:43'),
(113, 1, 1, '2023-07-28', '13:30:15', 3, 0, '2023-07-25 05:32:48'),
(114, 1, 1, '2023-08-03', '13:30:15', 3, 0, '2023-07-25 05:32:51'),
(115, 1, 1, '2023-08-03', '12:30:25', 3, 0, '2023-07-25 05:32:53'),
(116, 1, 1, '2023-08-03', '11:30:30', 3, 0, '2023-07-25 05:32:55'),
(117, 1, 2, '2023-07-28', NULL, 1, 0, '2023-07-25 05:33:05'),
(118, 1, 2, '2023-07-28', NULL, 3, 0, '2023-07-25 05:33:13'),
(119, 1, 2, '2023-07-28', NULL, 3, 0, '2023-07-25 05:33:13'),
(120, 1, 2, '2023-07-28', NULL, 3, 0, '2023-07-25 05:33:14'),
(121, 1, 2, '2023-07-28', NULL, 3, 0, '2023-07-25 05:33:14'),
(122, 1, 2, '2023-07-28', NULL, 3, 0, '2023-07-25 05:33:14'),
(123, 1, 2, '2023-07-28', NULL, 3, 0, '2023-07-25 05:33:16'),
(124, 1, 2, '2023-08-05', NULL, 1, 0, '2023-07-25 05:33:42'),
(125, 1, 2, '2023-08-05', NULL, 1, 0, '2023-07-25 05:33:43'),
(126, 1, 2, '2023-08-05', NULL, 1, 0, '2023-07-25 05:33:43'),
(127, 1, 2, '2023-08-05', NULL, 1, 0, '2023-07-25 05:33:46'),
(128, 1, 2, '2023-08-05', NULL, 1, 0, '2023-07-25 05:33:49'),
(129, 1, 2, '2023-08-05', NULL, 3, 0, '2023-07-25 05:33:52'),
(130, 1, 2, '2023-08-05', NULL, 3, 0, '2023-07-25 05:33:52'),
(131, 1, 2, '2023-08-05', NULL, 3, 0, '2023-07-25 05:33:52'),
(132, 1, 1, '2023-07-28', '12:30:25', 1, 0, '2023-07-25 05:34:06'),
(133, 1, 3, '2023-07-28', '12:30:25', 3, 0, '2023-07-25 05:34:24'),
(134, 1, 4, '2023-07-29', NULL, 4, 0, '2023-07-25 05:34:47'),
(135, 1, 1, '2023-07-29', '12:30:25', 3, 0, '2023-07-25 05:35:36'),
(136, 1, 1, '2023-07-29', '12:30:25', 4, 0, '2023-07-25 05:35:41'),
(137, 1, 1, '2023-07-29', '11:30:30', 4, 0, '2023-07-25 05:35:44'),
(138, 1, 2, '2023-08-05', NULL, 3, 0, '2023-07-25 05:35:55'),
(139, 1, 2, '2023-08-05', NULL, 3, 0, '2023-07-25 05:35:57'),
(140, 1, 3, '2023-08-17', NULL, 2, 0, '2023-07-25 05:36:09'),
(141, 1, 5, '2023-08-23', '13:30:15', 2, 0, '2023-07-25 05:36:32'),
(142, 1, 5, '2023-08-23', '13:30:15', 2, 0, '2023-07-25 05:36:34'),
(143, 1, 5, '2023-08-23', '11:30:30', 2, 0, '2023-07-25 05:36:39'),
(144, 1, 6, '2023-08-03', NULL, 2, 0, '2023-07-25 05:36:47'),
(145, 1, 7, '2023-07-31', NULL, 3, 0, '2023-07-25 05:36:57'),
(146, 1, 4, '2023-08-05', NULL, 2, 0, '2023-07-25 05:38:46'),
(147, 1, 1, '2023-08-05', '13:30:15', 3, 0, '2023-07-25 05:39:07'),
(148, 1, 2, '2023-08-21', NULL, 2, 0, '2023-07-25 05:41:17'),
(149, 1, 1, '2023-08-19', '13:30:15', 3, 0, '2023-07-25 05:41:52'),
(150, 1, 2, '2023-08-05', '11:30:00', 3, 0, '2023-07-25 05:47:36'),
(151, 1, 2, '2023-08-05', '12:30:00', 4, 0, '2023-07-25 05:48:18'),
(152, 1, 7, '2023-08-22', '11:30:00', 2, 0, '2023-07-25 05:48:49'),
(153, 1, 2, '2023-08-12', NULL, 2, 0, '2023-07-25 05:55:47'),
(154, 1, 4, '2023-08-05', NULL, 3, 0, '2023-07-25 05:58:30'),
(155, 1, 4, '2023-08-04', '12:30:00', 3, 0, '2023-07-25 05:58:52'),
(156, 1, 4, '2023-07-31', '12:30:00', 2, 0, '2023-07-25 06:00:57'),
(157, 1, 4, '2023-07-31', NULL, 2, 0, '2023-07-25 06:02:41'),
(158, 1, 1, '2023-07-31', '12:30:25', 2, 0, '2023-07-25 06:06:22'),
(159, 1, 2, '2023-07-31', NULL, 3, 0, '2023-07-25 06:06:47'),
(160, 1, 2, '2023-08-01', '11:30:00', 3, 0, '2023-07-25 06:07:54'),
(161, 1, 3, '2023-08-04', '00:00:00', 2, 0, '2023-07-25 06:24:55'),
(162, 1, 2, '2023-07-29', NULL, 2, 0, '2023-07-25 06:35:10'),
(163, 4, 1, '2023-08-05', '13:30:15', 2, 0, '2023-07-25 06:57:50'),
(164, 25, 9, '2023-07-29', '12:30:25', 3, 0, '2023-07-25 06:59:49'),
(165, 25, 1, '2023-07-29', '13:30:15', 2, 0, '2023-07-25 07:52:46'),
(166, 25, 2, '2023-08-05', NULL, 2, 0, '2023-07-25 07:53:22'),
(167, 25, 1, '2023-07-29', '11:30:30', 1, 0, '2023-07-25 08:01:22'),
(168, 25, 2, '2023-08-05', NULL, 1, 0, '2023-07-25 08:02:07'),
(169, 25, 2, '2023-08-05', NULL, 1, 0, '2023-07-25 08:02:29'),
(170, 25, 4, '2023-08-05', '12:30:25', 4, 0, '2023-07-27 02:39:16'),
(171, 25, 3, '2023-08-01', '12:30:25', 3, 0, '2023-07-27 02:50:06'),
(172, 25, 6, '2023-08-04', '12:30:25', 3, 0, '2023-07-27 05:58:25'),
(173, 25, 3, '2023-05-07', '11:30:30', 4, 0, '2023-07-31 03:04:28'),
(174, 25, 4, '2023-08-03', '12:30:25', 1, 0, '2023-07-31 03:41:03'),
(175, 25, 6, '2023-08-04', NULL, 2, 0, '2023-07-31 08:20:14'),
(176, 2, 2, '2023-08-16', NULL, 2, 0, '2023-08-04 03:25:00'),
(177, 2, 1, '2023-08-26', '13:30:15', 3, 0, '2023-08-04 03:27:01'),
(178, 3, 6, '2023-08-18', '12:30:25', 2, 0, '2023-08-04 07:47:42'),
(179, 2, 6, '2023-09-01', '12:30:25', 3, 0, '2023-08-04 07:50:07'),
(180, 2, 1, '2023-08-25', '12:30:00', 2, 0, '2023-08-07 02:44:42'),
(181, 2, 1, '2023-08-16', '12:30:00', 1, 0, '2023-08-07 04:03:26'),
(182, 2, 1, '2023-08-17', '12:30:00', 1, 0, '2023-08-07 04:04:19'),
(183, 2, 1, '2023-08-11', '12:30:00', 2, 0, '2023-08-07 04:14:39'),
(184, 9, 3, '2023-08-17', NULL, 4, 0, '2023-08-07 06:45:42'),
(185, 9, 1, '2023-08-23', '12:30:25', 3, 0, '2023-08-07 06:54:32'),
(186, 9, 2, '2023-08-24', NULL, 1, 0, '2023-08-07 06:54:49'),
(187, 9, 2, '2023-08-11', NULL, 3, 0, '2023-08-07 07:09:26'),
(188, 9, 5, '2023-08-29', '12:30:25', 3, 0, '2023-08-07 07:26:59'),
(189, 9, 1, '2023-08-18', '12:50:00', 2, 0, '2023-08-07 07:36:37'),
(190, 9, 1, '2023-08-10', '11:30:00', 4, 0, '2023-08-07 07:45:48'),
(191, 9, 2, '2023-08-09', '11:30:00', 3, 0, '2023-08-07 07:47:47'),
(192, 9, 1, '2023-08-10', '12:30:00', 3, 0, '2023-08-07 07:50:10'),
(193, 9, 4, '2023-08-10', '12:30:00', 4, 0, '2023-08-07 07:53:19'),
(194, 9, 3, '2023-08-24', '11:30:00', 3, 0, '2023-08-07 07:53:59'),
(195, 9, 7, '2023-08-09', '12:30:00', 4, 0, '2023-08-07 07:54:45'),
(196, 9, 8, '2023-08-11', '12:30:00', 3, 0, '2023-08-07 07:55:19'),
(197, NULL, NULL, NULL, NULL, NULL, 0, '2023-08-07 08:03:21'),
(198, 9, 2, '2023-08-16', '12:30:00', 3, 0, '2023-08-07 08:05:26'),
(199, 9, 6, '2023-08-10', '12:30:25', 4, 0, '2023-08-07 08:29:38'),
(200, 9, 2, '2023-08-16', '12:30:00', 4, 0, '2023-08-08 01:29:52'),
(201, 9, 1, '2023-08-09', '12:30:00', 2, 0, '2023-08-08 07:46:35'),
(202, 9, 1, '2023-08-10', '13:30:00', 3, 1, '2023-08-08 01:41:19'),
(203, 9, 3, '2023-08-11', '12:30:00', 4, 0, '2023-08-08 03:34:45'),
(204, 9, 1, '2023-08-10', '12:30:00', 3, 0, '2023-08-08 06:27:09'),
(205, 9, 5, '2023-08-20', '13:30:00', 3, 0, '2023-08-08 06:14:38'),
(206, 9, 5, '2023-08-24', '13:30:00', 3, 1, '2023-08-09 04:40:16'),
(207, 9, 1, '2023-08-17', '12:30:00', 2, 1, '2023-08-09 04:52:20'),
(208, 9, 2, '2023-08-17', '13:30:00', 2, 1, '2023-08-09 04:55:05'),
(209, 9, 2, '2023-08-18', '13:30:00', 2, 1, '2023-08-09 04:57:52'),
(210, 9, 6, '2023-08-25', '13:30:00', 2, 1, '2023-08-09 04:58:22'),
(211, 9, 5, '2023-08-18', '13:30:00', 2, 1, '2023-08-09 05:01:23'),
(212, 9, 6, '2023-08-18', '13:30:00', 2, 1, '2023-08-09 05:01:54'),
(213, 9, 10, '2023-08-18', '13:30:00', 2, 1, '2023-08-09 05:02:40'),
(214, 9, 9, '2023-09-01', '13:30:00', 3, 1, '2023-08-09 05:03:21'),
(215, 9, 10, '2023-08-24', '12:30:00', 2, 1, '2023-08-09 05:08:24'),
(216, 9, 1, '2023-08-07', '11:30:00', 3, 1, '2023-08-09 07:49:21'),
(217, 9, 1, '2023-08-08', '12:30:00', 1, 0, '2023-08-09 07:49:05'),
(218, 9, 1, '2023-08-30', '12:30:00', 4, 1, '2023-08-10 02:21:51'),
(219, 9, 1, '2023-08-16', '12:30:00', 3, 1, '2023-08-10 02:40:16'),
(220, 9, 1, '2023-08-01', '13:30:00', 3, 1, '2023-08-10 05:07:56'),
(221, 9, 5, '2023-08-11', '12:30:00', 2, 1, '2023-08-10 05:16:57'),
(222, 9, 2, '2023-08-23', '13:30:00', 1, 1, '2023-08-10 05:16:12'),
(223, 17, 4, '2023-08-10', '13:30:00', 888888, 0, '2023-08-10 08:51:07'),
(224, 17, 2, '2023-08-01', '12:30:00', 3, 1, '2023-08-10 08:52:08'),
(225, 23, 5, '2023-08-15', '13:30:00', 4, 1, '2023-08-10 10:55:21');

-- --------------------------------------------------------

--
-- 資料表結構 `restaurant`
--

CREATE TABLE `restaurant` (
  `RestID` int(2) NOT NULL,
  `RestName` varchar(9) DEFAULT NULL,
  `RestArea` varchar(3) DEFAULT NULL,
  `RestPhone` varchar(11) DEFAULT NULL,
  `RestAdress` varchar(16) DEFAULT NULL,
  `RestLon` decimal(8,5) DEFAULT NULL,
  `RestLat` decimal(7,5) DEFAULT NULL,
  `RestTime` varchar(46) DEFAULT NULL,
  `RestIntro` varchar(245) DEFAULT NULL,
  `RestClass` varchar(4) DEFAULT NULL,
  `RestMeal` varchar(2) DEFAULT NULL,
  `RestPrice` varchar(10) DEFAULT NULL,
  `RestImg` varchar(6) DEFAULT NULL
) ENGINE=InnoDB DEFAULT CHARSET=utf8;

--
-- 傾印資料表的資料 `restaurant`
--

INSERT INTO `restaurant` (`RestID`, `RestName`, `RestArea`, `RestPhone`, `RestAdress`, `RestLon`, `RestLat`, `RestTime`, `RestIntro`, `RestClass`, `RestMeal`, `RestPrice`, `RestImg`) VALUES
(1, '長角96', '新北市', '02-26362592', '新北市三芝區新庄子96號', '121.51526', '25.27485', '週一~週日 11:30-22:00(供餐至21:00)', '肉質鮮美厚實的牛排，配上特製的墨西哥辣豆，再來一杯長角生啤酒，難忘的滋味讓人回味無窮。', '牛排', '美式', '', '1a.jpg'),
(2, '狸小路燒肉專賣店', '基隆市', '02-24255252', '基隆市仁愛區愛五路34號2樓', '121.74606', '25.12889', '11:00-01:00', '本店之調醬由札榥名師傳承，再經由台灣名廚以最適合本地的口味來調製。本店秉持三大堅持：「好吃是應該的」、「衛生是應該的」、「價格合理是應該的」。狸小路不只要您品嚐美食，更期盼在您用餐的過程中一起感受到我們真誠的服務。', '特色美食', '日式', '', '2a.jpg'),
(3, '樂品喜塘咖啡廳', '基隆市', '02-24621681', '基隆市中正區平一路360號', '121.76385', '25.16063', '5-10月11:00-19:00、11-4月10:00-18:00', '樂品喜塘，2018年落腳和平島公園遊客中心3樓，從第一杯飲料開始，始終不曾脫離「打造在地品牌」的營運核心價值，店內提供的不只是天生自帶的海景，也提供專業職人的咖啡品味，從世界咖啡大師賽冠軍咖啡豆所變化出的經典花式咖啡，到自家烘焙的精品咖啡，還有融入基隆潮間帶意象的獨家糕點-石蓴生乳酪蛋糕、石蓴黑糖海鹽脆餅；2022年更將「生態飲食」定為永續發展理念，以「台灣香氣」為引，以「環境及歷史」為軸，研發更接近天然、且能為基隆說故事的飲品及糕點，期許樂品喜塘能讓遊客在旅程的回憶中多一份”回味”。', '下午茶', '', '', '3a.jpg'),
(4, '小白屋燒烤海鮮餐廳', '基隆市', '09-55857566', '基隆市安樂區湖海路二段158號', '121.70630', '25.16606', '13:30-22:00', '本店位於基隆市外木山沙灘上，坐享無敵優美海景。店內以現撈海鮮及生蠔燒烤等精美便宜高CP值料理為主，在地漁船捕獲有小卷、透抽等海鮮，價格便宜，食材新鮮，搭配海景、落日、微風等優質感受，來上一杯小白屋生啤酒，適合約會、聚餐、聯誼等活動，給客人身處北台灣卻有在墾丁的感覺。', '海鮮', '台式', '', '4a.jpg'),
(5, '八斗邀友善餐廳', '基隆市', '09-28066052', '基隆市中正區八斗街35號', '121.79665', '25.14128', '預約制', '八斗邀友善餐廳立足在八斗子，不過我們不想把自己定位只是餐廳，要做與在地生活超連結的共創空間，一個對環境認同有意義的場域。主要從事三級體驗服務與預約式特色餐飲。餐廳使用材料包含稻米、柚子、生鮮漁產與部分肉品與農漁村社區進行契作，辦理漁村導覽、特色DIY如油漬小卷、切割酒瓶等，另外協助販售當地特色物產，包含風味啤酒、飛魚軟香腸與泡泡冰等。不使用一次性的餐具，堅持食材預約制。傳遞友善是唯一理念，相信對待身處的環境友善，大地也會回報給予優良且營養的糧食作物。', '特色美食', '日式', '', '1a.jpg'),
(6, '小峨嵋川菜館', '基隆市', '02-24243048', '基隆市中正區義一路58號1、2樓', '121.74584', '25.13306', '11:00-14:00，17:00-21:00', '創立於1956年，坐落於基隆市中心鄰近市政府以及文化中心，用餐空間有一二樓層。承襲四川料理的菜色與精華，融入台灣在地口味而呈現出的台式川味，在基隆當地已經飄香60餘年。老闆理念是希望將川菜的文化與精神，以台灣味的方式傳達給每位顧客，並且堅持使用新鮮的食材製作餐點，風味最佳。', '特色美食', '中式', '', '2a.jpg'),
(7, '私人島嶼', '基隆市', '02-24286978', '基隆市中山區湖海路一段37號', '121.72570', '25.16330', '平日11:00-21:00，週五-週六11:00-21:00，暑假期間11:00-24:00', '建築以充滿了地中海風味的藍白色調為主，自窗邊或是頂樓的露天座位還可以眺望蔚藍海洋和基隆嶼。此外，店內的餐點一應具全，從各式西餐、海鮮、火鍋到下午茶、甜點等通通都有，一邊品嘗美食、一邊欣賞風景，讓人頓時忘了時間的流逝和一切煩惱。', '特色美食', '義式', '', '3a.jpg'),
(8, '聖托里尼海景餐廳', '基隆市', '02-24226663', '基隆市中山區湖海路一段18號2樓', '121.72536', '25.16398', '11:00-22:00', '聖托里尼景餐廳位於基隆外木山步道旁，白色的外牆、地中海式的建築讓您猶如置身在希臘，本餐廳提供最經濟實惠的餐點，應著海景享用著精緻西式料理、義大利麵、午茶時光研製優質的茶飲、點心，全天候供餐。帶給顧客相當的便利性，每道佳餚都是廚師精心製作，堅持給客人最新鮮的食材以及最親切的服務。', '特色美食', '義式', '', '4a.jpg'),
(9, '猫町珈琲', '基隆市', '02-24272300', '基隆市中正區義二路2巷4號', '121.74283', '25.12904', '10:00~18:00，每週二公休', '猫町珈琲於2014年創立以自家烘焙咖啡豆及外帶式咖啡為主，最初於基隆市署立醫院商圈附近以攤車式型態販售高品質自家烘焙咖啡豆，於2017年搬遷至基隆廟口商圈並開設實體店面後，店內增添多元化輕食甜點，將基隆特色小吃吉古拉（手工竹輪）融入西方飲食文化的熱狗堡做為店內創意特色輕食『吉古堡』與『吉古串』，並搭配每日手作甜點與咖啡飲品享用，將基隆在地特色美食文化融合成為在地人文特色咖啡館。', '下午茶', '', '', '1a.jpg'),
(10, '1915海洋咖啡館', '基隆市', '02-24288807', '基隆市仁愛區港西街4號', '121.74010', '25.13267', '10:00~21:00(除夕休息)', '位於基隆火車站前的陽明海洋文化藝術館內，由基隆著名的國際西餐廳進駐，結合了美食與藝術文化，激發出特有的美食文化，提供消費者平價優質的餐飲服務，除了各式排餐外、咖啡飲料外，也提供精緻的客製化的餐飲服務，並可配合活動外燴。', '下午茶', '', '', '2a.jpg'),
(11, '狸小路燒肉專賣店2', '基隆市', '02-24255252', '基隆市仁愛區愛五路34號2樓', '121.74606', '25.12889', '11:00-01:00', '本店之調醬由札榥名師傳承，再經由台灣名廚以最適合本地的口味來調製。本店秉持三大堅持：「好吃是應該的」、「衛生是應該的」、「價格合理是應該的」。狸小路不只要您品嚐美食，更期盼在您用餐的過程中一起感受到我們真誠的服務。', '特色美食', '日式', '', '2a.jpg');

-- --------------------------------------------------------

--
-- 資料表結構 `restaurants_img`
--

CREATE TABLE `restaurants_img` (
  `RestImgID` int(2) DEFAULT NULL,
  `RestID` int(1) DEFAULT NULL,
  `RestImg` varchar(6) DEFAULT NULL
) ENGINE=InnoDB DEFAULT CHARSET=utf8;

--
-- 傾印資料表的資料 `restaurants_img`
--

INSERT INTO `restaurants_img` (`RestImgID`, `RestID`, `RestImg`) VALUES
(1, 1, '1a.jpg'),
(2, 1, '1b.jpg'),
(3, 1, '1c.jpg'),
(4, 1, '1d.jpg'),
(5, 2, '2a.jpg'),
(6, 2, '2b.jpg'),
(7, 2, '2c.jpg'),
(8, 2, '2d.jpg'),
(9, 3, '3a.jpg'),
(10, 3, '3b.jpg'),
(11, 3, '3c.jpg'),
(12, 3, '3d.jpg'),
(13, 4, '4a.jpg'),
(14, 4, '4b.jpg'),
(15, 4, '4c.jpg'),
(16, 4, '4d.jpg'),
(17, 5, '5a.jpg'),
(18, 5, '5b.jpg'),
(19, 5, '5c.jpg'),
(20, 5, '5d.jpg'),
(21, 6, '6a.jpg'),
(22, 6, '6b.jpg'),
(23, 6, '6c.jpg'),
(24, 6, '6d.jpg'),
(25, 7, '7a.jpg'),
(26, 7, '7b.jpg'),
(27, 7, '7c.jpg'),
(28, 7, '7d.jpg');

-- --------------------------------------------------------

--
-- 資料表結構 `restaurant_meal`
--

CREATE TABLE `restaurant_meal` (
  `rest_class_id` int(10) UNSIGNED NOT NULL,
  `rest_meal` varchar(10) CHARACTER SET utf8mb4 COLLATE utf8mb4_unicode_ci NOT NULL
) ENGINE=InnoDB DEFAULT CHARSET=utf8;

--
-- 傾印資料表的資料 `restaurant_meal`
--

INSERT INTO `restaurant_meal` (`rest_class_id`, `rest_meal`) VALUES
(1, '早午餐'),
(2, '下午茶'),
(3, '晚餐'),
(4, '日式'),
(6, '泰式'),
(7, '韓式'),
(8, '台式'),
(9, '中式'),
(10, '義式'),
(11, '韓式料理'),
(12, '美式餐廳'),
(13, '歐陸料理');

-- --------------------------------------------------------

--
-- 資料表結構 `restcommment`
--

CREATE TABLE `restcommment` (
  `ResComtID` int(11) NOT NULL,
  `ComtRestId` int(11) NOT NULL,
  `comtMemberId` int(11) NOT NULL,
  `rating` int(11) NOT NULL,
  `ComtText` varchar(225) CHARACTER SET utf8mb4 COLLATE utf8mb4_unicode_ci NOT NULL,
  `created_time` timestamp NOT NULL DEFAULT CURRENT_TIMESTAMP ON UPDATE CURRENT_TIMESTAMP
) ENGINE=InnoDB DEFAULT CHARSET=utf8;

--
-- 傾印資料表的資料 `restcommment`
--

INSERT INTO `restcommment` (`ResComtID`, `ComtRestId`, `comtMemberId`, `rating`, `ComtText`, `created_time`) VALUES
(1, 1, 6, 5, 'afadsfv', '2023-08-08 21:04:55'),
(2, 1, 6, 2, 'dvadsvsfv', '2023-08-08 22:07:27'),
(3, 1, 6, 4, 'dvadsvfsvfvfvvFve', '2023-08-09 02:09:53'),
(4, 1, 6, 1, 'dadsvvsv', '2023-08-08 22:08:36'),
(5, 5, 9, 1, '超級好吃', '2023-08-09 04:09:50'),
(6, 1, 9, 1, '', '2023-08-09 06:17:40'),
(7, 5, 9, 4, 'abc', '2023-08-09 08:39:48'),
(8, 1, 9, 3, '好好吃', '2023-08-10 05:17:59'),
(9, 1, 9, 5, '超棒的', '2023-08-10 06:06:42'),
(10, 2, 17, 1, 'fffff', '2023-08-10 08:52:26');

-- --------------------------------------------------------

--
-- 資料表結構 `sessions`
--

CREATE TABLE `sessions` (
  `session_id` varchar(128) CHARACTER SET utf8mb4 COLLATE utf8mb4_bin NOT NULL,
  `expires` int(11) UNSIGNED NOT NULL,
  `data` mediumtext CHARACTER SET utf8mb4 COLLATE utf8mb4_bin
) ENGINE=InnoDB DEFAULT CHARSET=utf8;

-- --------------------------------------------------------

--
-- 資料表結構 `test`
--

CREATE TABLE `test` (
  `member_id` int(11) NOT NULL,
  `email` varchar(100) NOT NULL,
  `height` int(11) NOT NULL,
  `create_at` timestamp NOT NULL DEFAULT CURRENT_TIMESTAMP ON UPDATE CURRENT_TIMESTAMP
) ENGINE=InnoDB DEFAULT CHARSET=utf8;

--
-- 傾印資料表的資料 `test`
--

INSERT INTO `test` (`member_id`, `email`, `height`, `create_at`) VALUES
(1, 'fdsfsagg', 123, '2023-07-27 04:41:11'),
(2, 'ming@gg.com', 123, '2023-07-27 04:53:52'),
(3, 'dfsdfgjs@gmail.com', 165, '2023-07-27 04:54:18'),
(4, '111ming@gg.com', 156, '2023-07-27 04:55:22'),
(5, 'ming@gg.com', 546, '2023-07-28 04:12:20');

-- --------------------------------------------------------

--
-- 資料表結構 `users`
--

CREATE TABLE `users` (
  `user_id` int(11) NOT NULL,
  `username` varchar(50) NOT NULL,
  `email` varchar(100) NOT NULL,
  `created_at` timestamp NOT NULL DEFAULT CURRENT_TIMESTAMP
) ENGINE=InnoDB DEFAULT CHARSET=utf8mb4;

--
-- 傾印資料表的資料 `users`
--

INSERT INTO `users` (`user_id`, `username`, `email`, `created_at`) VALUES
(1, 'Thomas', 'thomasniu@gmail.com', '2023-07-25 23:16:53'),
(2, 'Jackson', 'jackson@yahoo.com', '2023-07-27 19:56:37'),
(3, 'Peter', 'peter@gamil.com', '2023-07-20 19:56:54'),
(4, 'Maria', 'maria@yahoo.com', '2023-07-11 19:57:52'),
(5, 'Susan', 'susan@gmail.com', '2023-07-09 19:58:30');

--
-- 已傾印資料表的索引
--

--
-- 資料表索引 `address_book`
--
ALTER TABLE `address_book`
  ADD PRIMARY KEY (`sid`);

--
-- 資料表索引 `area_list`
--
ALTER TABLE `area_list`
  ADD PRIMARY KEY (`area_id`);

--
-- 資料表索引 `cart`
--
ALTER TABLE `cart`
  ADD PRIMARY KEY (`cart_id`);

--
-- 資料表索引 `comments`
--
ALTER TABLE `comments`
  ADD PRIMARY KEY (`comment_id`);

--
-- 資料表索引 `datings`
--
ALTER TABLE `datings`
  ADD PRIMARY KEY (`member_id`);

--
-- 資料表索引 `example`
--
ALTER TABLE `example`
  ADD PRIMARY KEY (`sid`),
  ADD KEY `category_sid` (`category_sid`);

--
-- 資料表索引 `friends`
--
ALTER TABLE `friends`
  ADD PRIMARY KEY (`memberId`,`FriendId`),
  ADD KEY `FriendId` (`FriendId`);

--
-- 資料表索引 `invite_member`
--
ALTER TABLE `invite_member`
  ADD PRIMARY KEY (`invite_id`);

--
-- 資料表索引 `itinerary`
--
ALTER TABLE `itinerary`
  ADD PRIMARY KEY (`itin_id`);

--
-- 資料表索引 `itinerary_details`
--
ALTER TABLE `itinerary_details`
  ADD PRIMARY KEY (`sid`);

--
-- 資料表索引 `member`
--
ALTER TABLE `member`
  ADD PRIMARY KEY (`member_id`);

--
-- 資料表索引 `posts`
--
ALTER TABLE `posts`
  ADD PRIMARY KEY (`post_id`);

--
-- 資料表索引 `products`
--
ALTER TABLE `products`
  ADD PRIMARY KEY (`product_id`);

--
-- 資料表索引 `product_checking_item`
--
ALTER TABLE `product_checking_item`
  ADD PRIMARY KEY (`checking_id`);

--
-- 資料表索引 `product_collection`
--
ALTER TABLE `product_collection`
  ADD PRIMARY KEY (`collection_id`);

--
-- 資料表索引 `product_comment`
--
ALTER TABLE `product_comment`
  ADD PRIMARY KEY (`comment_id`);

--
-- 資料表索引 `product_order`
--
ALTER TABLE `product_order`
  ADD PRIMARY KEY (`order_id`);

--
-- 資料表索引 `product_order_credit`
--
ALTER TABLE `product_order_credit`
  ADD PRIMARY KEY (`credit_id`);

--
-- 資料表索引 `public_itinerary`
--
ALTER TABLE `public_itinerary`
  ADD PRIMARY KEY (`sid`);

--
-- 資料表索引 `reserve`
--
ALTER TABLE `reserve`
  ADD PRIMARY KEY (`reserveId`),
  ADD KEY `rest_id` (`rest_id`),
  ADD KEY `meber_id` (`reserve_member_id`);

--
-- 資料表索引 `restaurant`
--
ALTER TABLE `restaurant`
  ADD UNIQUE KEY `RestID` (`RestID`);

--
-- 資料表索引 `restaurant_meal`
--
ALTER TABLE `restaurant_meal`
  ADD PRIMARY KEY (`rest_class_id`);

--
-- 資料表索引 `restcommment`
--
ALTER TABLE `restcommment`
  ADD PRIMARY KEY (`ResComtID`);

--
-- 資料表索引 `sessions`
--
ALTER TABLE `sessions`
  ADD PRIMARY KEY (`session_id`);

--
-- 資料表索引 `test`
--
ALTER TABLE `test`
  ADD PRIMARY KEY (`member_id`);

--
-- 資料表索引 `users`
--
ALTER TABLE `users`
  ADD PRIMARY KEY (`user_id`);

--
-- 在傾印的資料表使用自動遞增(AUTO_INCREMENT)
--

--
-- 使用資料表自動遞增(AUTO_INCREMENT) `address_book`
--
ALTER TABLE `address_book`
  MODIFY `sid` int(11) NOT NULL AUTO_INCREMENT, AUTO_INCREMENT=61;

--
-- 使用資料表自動遞增(AUTO_INCREMENT) `area_list`
--
ALTER TABLE `area_list`
  MODIFY `area_id` int(11) NOT NULL AUTO_INCREMENT, AUTO_INCREMENT=7;

--
-- 使用資料表自動遞增(AUTO_INCREMENT) `cart`
--
ALTER TABLE `cart`
  MODIFY `cart_id` int(11) NOT NULL AUTO_INCREMENT, AUTO_INCREMENT=16;

--
-- 使用資料表自動遞增(AUTO_INCREMENT) `comments`
--
ALTER TABLE `comments`
  MODIFY `comment_id` int(11) NOT NULL AUTO_INCREMENT, AUTO_INCREMENT=95;

--
-- 使用資料表自動遞增(AUTO_INCREMENT) `datings`
--
ALTER TABLE `datings`
  MODIFY `member_id` int(10) NOT NULL AUTO_INCREMENT, AUTO_INCREMENT=1001;

--
-- 使用資料表自動遞增(AUTO_INCREMENT) `example`
--
ALTER TABLE `example`
  MODIFY `sid` int(11) NOT NULL AUTO_INCREMENT, AUTO_INCREMENT=24;

--
-- 使用資料表自動遞增(AUTO_INCREMENT) `invite_member`
--
ALTER TABLE `invite_member`
  MODIFY `invite_id` int(11) NOT NULL AUTO_INCREMENT, AUTO_INCREMENT=164;

--
-- 使用資料表自動遞增(AUTO_INCREMENT) `itinerary`
--
ALTER TABLE `itinerary`
  MODIFY `itin_id` int(50) NOT NULL AUTO_INCREMENT, AUTO_INCREMENT=184;

--
-- 使用資料表自動遞增(AUTO_INCREMENT) `itinerary_details`
--
ALTER TABLE `itinerary_details`
  MODIFY `sid` int(11) NOT NULL AUTO_INCREMENT, AUTO_INCREMENT=377;

--
-- 使用資料表自動遞增(AUTO_INCREMENT) `member`
--
ALTER TABLE `member`
  MODIFY `member_id` int(10) NOT NULL AUTO_INCREMENT, AUTO_INCREMENT=1003;

--
-- 使用資料表自動遞增(AUTO_INCREMENT) `posts`
--
ALTER TABLE `posts`
  MODIFY `post_id` int(11) NOT NULL AUTO_INCREMENT, AUTO_INCREMENT=169;

--
-- 使用資料表自動遞增(AUTO_INCREMENT) `products`
--
ALTER TABLE `products`
  MODIFY `product_id` int(11) NOT NULL AUTO_INCREMENT, AUTO_INCREMENT=56;

--
-- 使用資料表自動遞增(AUTO_INCREMENT) `product_checking_item`
--
ALTER TABLE `product_checking_item`
  MODIFY `checking_id` int(11) NOT NULL AUTO_INCREMENT, AUTO_INCREMENT=126;

--
-- 使用資料表自動遞增(AUTO_INCREMENT) `product_collection`
--
ALTER TABLE `product_collection`
  MODIFY `collection_id` int(11) NOT NULL AUTO_INCREMENT, AUTO_INCREMENT=78;

--
-- 使用資料表自動遞增(AUTO_INCREMENT) `product_comment`
--
ALTER TABLE `product_comment`
  MODIFY `comment_id` int(255) NOT NULL AUTO_INCREMENT, AUTO_INCREMENT=4;

--
-- 使用資料表自動遞增(AUTO_INCREMENT) `product_order_credit`
--
ALTER TABLE `product_order_credit`
  MODIFY `credit_id` int(11) NOT NULL AUTO_INCREMENT, AUTO_INCREMENT=11;

--
-- 使用資料表自動遞增(AUTO_INCREMENT) `public_itinerary`
--
ALTER TABLE `public_itinerary`
  MODIFY `sid` int(11) NOT NULL AUTO_INCREMENT, AUTO_INCREMENT=21;

--
-- 使用資料表自動遞增(AUTO_INCREMENT) `reserve`
--
ALTER TABLE `reserve`
  MODIFY `reserveId` int(11) NOT NULL AUTO_INCREMENT, AUTO_INCREMENT=226;

--
-- 使用資料表自動遞增(AUTO_INCREMENT) `restaurant_meal`
--
ALTER TABLE `restaurant_meal`
  MODIFY `rest_class_id` int(10) UNSIGNED NOT NULL AUTO_INCREMENT, AUTO_INCREMENT=14;

--
-- 使用資料表自動遞增(AUTO_INCREMENT) `restcommment`
--
ALTER TABLE `restcommment`
  MODIFY `ResComtID` int(11) NOT NULL AUTO_INCREMENT, AUTO_INCREMENT=11;

--
-- 使用資料表自動遞增(AUTO_INCREMENT) `test`
--
ALTER TABLE `test`
  MODIFY `member_id` int(11) NOT NULL AUTO_INCREMENT, AUTO_INCREMENT=6;

--
-- 使用資料表自動遞增(AUTO_INCREMENT) `users`
--
ALTER TABLE `users`
  MODIFY `user_id` int(11) NOT NULL AUTO_INCREMENT, AUTO_INCREMENT=6;

--
-- 已傾印資料表的限制式
--

--
-- 資料表的限制式 `friends`
--
ALTER TABLE `friends`
  ADD CONSTRAINT `friends_ibfk_1` FOREIGN KEY (`memberId`) REFERENCES `member` (`member_id`),
  ADD CONSTRAINT `friends_ibfk_2` FOREIGN KEY (`FriendId`) REFERENCES `member` (`member_id`);
COMMIT;

/*!40101 SET CHARACTER_SET_CLIENT=@OLD_CHARACTER_SET_CLIENT */;
/*!40101 SET CHARACTER_SET_RESULTS=@OLD_CHARACTER_SET_RESULTS */;
/*!40101 SET COLLATION_CONNECTION=@OLD_COLLATION_CONNECTION */;
