-- phpMyAdmin SQL Dump
-- version 5.1.2
-- https://www.phpmyadmin.net/
--
-- 主機： localhost:3306
-- 產生時間： 2023-05-19 12:33:42
-- 伺服器版本： 5.7.24
-- PHP 版本： 8.0.1

SET SQL_MODE = "NO_AUTO_VALUE_ON_ZERO";
START TRANSACTION;
SET time_zone = "+00:00";


/*!40101 SET @OLD_CHARACTER_SET_CLIENT=@@CHARACTER_SET_CLIENT */;
/*!40101 SET @OLD_CHARACTER_SET_RESULTS=@@CHARACTER_SET_RESULTS */;
/*!40101 SET @OLD_COLLATION_CONNECTION=@@COLLATION_CONNECTION */;
/*!40101 SET NAMES utf8mb4 */;

--
-- 資料庫: `friendtrip`
--

-- --------------------------------------------------------

--
-- 資料表結構 `area_list`
--

CREATE TABLE `area_list` (
  `area_id` int(11) NOT NULL,
  `area_name` varchar(10) CHARACTER SET utf8mb4 COLLATE utf8mb4_unicode_ci NOT NULL
) ENGINE=InnoDB DEFAULT CHARSET=utf8;

--
-- 傾印資料表的資料 `area_list`
--

INSERT INTO `area_list` (`area_id`, `area_name`) VALUES
(1, '基隆市'),
(2, '台北市'),
(3, '新北市'),
(4, '高雄市');

-- --------------------------------------------------------

--
-- 資料表結構 `attractions`
--

CREATE TABLE `attractions` (
  `id` int(11) NOT NULL,
  `city` varchar(50) DEFAULT NULL,
  `area` varchar(50) DEFAULT NULL,
  `address` varchar(150) NOT NULL,
  `name` varchar(150) NOT NULL,
  `typ_id` int(11) DEFAULT NULL,
  `description` text,
  `open_time` varchar(255) DEFAULT NULL,
  `tel` varchar(50) NOT NULL,
  `lat` double DEFAULT NULL,
  `lng` double DEFAULT NULL
) ENGINE=InnoDB DEFAULT CHARSET=utf8mb4;

--
-- 傾印資料表的資料 `attractions`
--

INSERT INTO `attractions` (`id`, `city`, `area`, `address`, `name`, `typ_id`, `description`, `open_time`, `tel`, `lat`, `lng`) VALUES
(1, '台北市', '內湖區', '臺北市內湖區碧山路26-7號', '碧山露營場', 2, '內湖「碧山露營場」位於內湖區大崙尾山麓之碧溪產業道路上，是一處可容納250人露宿的露營場，是臺北市僅有的2處露營場地之一，也是全國少有的免費露營場。碧山露營場大致分為三個區域：森林步道、露營區和遊憩活動區。碧山露營場森林步道區內，有長約1公里的棧道，來回行程約半小時，徜徉在碧山蒼翠的樹林內漫步，閒雲野鶴的樂趣，是一大幸福。碧山露營場因山區光害少，是臺北觀星最好的地方，山上夜景更是美麗，可遠望觀音山及士林北投夜色。內行人和一些鐵馬族多利用通往此區之金龍產業道路騎遊，一面賞景一面涼風吹來，是一趟美麗的路程」', '場地開放參觀時間為上午9點至晚上5點', '02-27593001', 25.1047, 121.57887),
(2, '台北市', '士林區', '臺北市士林區至善路三段370巷29號', '擎天崗系_坪頂古圳步道', 6, '坪頂為士林平等里的舊地名，位於平等里有兩條古圳以坪頂為名，一是坪頂古圳，一是坪頂新圳，兩處古圳都是超過150年的引水設施，肩負灌溉、飲水、運水三種功能，至今仍是平等里居民所仰賴的民生用水來源。坪頂古圳步道這條親山步道自平等里平菁街95巷起登，沿途上坡、下坡地面佈滿青苔，首先抵達設置打印台的清風亭，這時古圳口就在不遠處了，抵達水道口可見有坪頂古圳的大紅題字，一旁還簡述古圳的開鑿史。步道與水圳並行最後才抵圳道尾端的水渠石洞，其旁讓人目不暇給的水中生態與水域環境，讓山友瞧見圳道處處迷人的風采。', '開放空間', '02-27593001', 25.13429, 121.58673),
(3, '台北市', '士林區', '臺北市士林區菁山路131巷', '菁礐古圳', 2, '位於台北市士林區內雙溪上游的菁礐(ㄑㄩㄝˋ)溪長約2.1公里，流域面積450公頃，溪流豐沛、水質清澈，生態多樣，流域行經士林區菁山、平等、公館及溪山等四個里，是士林區的水源頭，菁礐溪從菁礐橋至竹篙嶺橋間，沿線溪岸景色怡人，溪流生態多樣，向來是溯溪愛好者尋幽景點。', '', '02-27593001', 25.14443, 121.56662),
(4, '台北市', '大同區', '臺北市大同區寧夏路(位於南京西路與民生西路間)', '寧夏觀光夜市', 3, '以「千歲宴」打響國際名聲，且獲得眾多美食雜誌和網路爭相報導的寧夏觀光夜市，包含民生西路、南京西路與重慶北路中間的路段，以臺灣傳統小吃為主，其中以大同區圓環附近令人懷念的古早味，最讓老臺北人津津樂道。', '每日18:00~24:00', '02-25505220', 25.05554, 121.51526),
(5, '台北市', '士林區', '臺北市士林區仰德大道四段175巷32號', '花卉試驗中心', 2, '臺北市政府工務局公園路燈工程管理處花卉試驗中心座落於陽明山區，位於中國文化大學旁，有臺北後花園之稱，主園區佔地廣闊，因為鄰近陽明山國家公園，所以會常時態的配合陽明山花季的活動，是許多對新郎新娘拍攝婚紗照的場所，更是家人、親子休閒活動賞花的好去處，非常適合親子同遊', '', '02-28616361', 25.13497, 121.54443),
(6, '台北市', '士林區', '臺北市士林區中正路與志成街交叉口', '志成公園', 2, '位於士林中正路，曾有陳前總統墨寶長相思，志成公園巧妙地設置了中國庭園式隔牆，層層相映，極為賞目！公園內到處綠蔭欣欣向榮，且園內有小巧水池、環牆小曲流，是台北新興公園中不錯的休憩處！下次經過中正路時，不妨到此歇歇腳，體會一下鬧中取靜的悠哉吧！遊罷志成公園，可順至對面福林公園，再到福林公園對面的士林官邸，經過綠色奇蹟的洗禮，保證令你神清氣爽！', '', '02-28812512', 25.09661, 121.53086),
(7, '台北市', '中山區', '臺北市中山區遼寧街(位於長安東路與朱崙街間)', '遼寧街夜市', 3, '早期因福聚宮的廟會活動帶來相當多的人潮， 進而吸引許多攤販聚集，漸漸形成夜市，而現在遼寧街夜市是一個以餐飲為主的小型夜市，大部分都是三、四十年以上的老字號小吃，有燙魷魚、海鮮熱炒、鵝肉、麻油腰子、擔仔麵、蚵仔煎、紅心粉圓、麻糬等，不僅是復興北路與南京東路周邊上班族一個熱門的聚餐場所，也是許多饕客與觀光客可以大快朵頤的好地方！', '每日18:00~24:00', '02-25505220', 25.0491, 121.54216),
(8, '台北市', '萬華區', '臺北市萬華區梧州街(和平西路三段、桂林路間)', '梧州街觀光夜市', 3, '想喝青蛙湯嗎？來梧州街夜市準沒錯！搭乘捷運到龍山寺站，再步行10分鐘就到了。\r\n\r\n在和平西路三段附近，這裡的夜市，以傳統小吃為主，約70公尺的短短距離，卻有非常多家臺灣美味小吃，「家鄉味香茹豬腳」還得到臺北傳統美食嘉年華競賽獎。', '每日18:00~24:00', '02-25505220', 25.0361, 121.49759),
(9, '台北市', '萬華區', '臺北市萬華區廣州街(位於西園路至環河南路間)', '廣州街觀光夜市', 3, '熱鬧的廣州街，從西園路至環河南路間，光是夜市攤販就有3區，長達150公尺。廣州街觀光夜市，因為很早開發，有許多的傳統的臺灣小吃，街道兩邊長長的雜貨攤，各種購物、美食、玩樂的商品，應有盡有，令人眼花撩亂，熱鬧非凡。', '每日18:00~24:00', '02-25505220', 25.03673, 121.49761),
(10, '台北市', '中正區', '臺北市中正區中華路二段307巷至315巷間', '南機場夜市', 3, '「南機場」這個名稱是由日治時代所遺留下來的老地名，當初日軍在此地設有軍用機場，後來時間變遷則改建成眷村及國宅，而後由於來往此地的人口眾多，漸漸發展成現在我們所熟悉的「南機場夜市」夜市內有多道米其林推薦小吃，像是山內雞肉飯、燒餅、臭豆腐、麻油雞...等，另外還有具有中英日文菜單的筒仔米糕、現包現煎的生煎包、外酥內嫩的蚵嗲、豆花冰品等......絕對不能錯過的夜市美食！！', '05:00-24:00', '02-25505220', 25.02916, 121.50591),
(11, '台北市', '中山區', '臺北市中山區雙城街(農安街至雙城街13巷間)', '雙城街夜市', 3, '雙城街夜市幾乎都是老字號的攤位，賣了30多年的小吃比比皆是，因為實在太美味了，一傳十十傳百，即使刮風下雨，許多舊雨新知都會自動來報到。夜市的規模雖然不大，整齊劃一的橘紅色招牌，井然有序，成為臺北市第一個區域性示範夜市，加上這附近也有蠻多pub，所以有些國際友人也會來這裡，這些攤位的生意好的不得了，不去不知道，無論如何非得來嚐鮮不可。', '日攤：08:00~16:00；夜攤：17:00~24:00', '02-25505220', 25.06422, 121.52436),
(12, '台北市', '大安區', '臺北市大安區臨江街40巷1弄', '臨江街觀光夜市', 3, '具有客家文化的臨江街夜市，在大安區的住宅區裡，是臺北市少數合法掛牌設立的夜市，約有8年的歷史，近200個攤位的各種美食小吃，讓許多臺北人流連忘返，附近上班族幾乎天天在這裡吃晚飯，既省錢又美味。有名的小吃多到數不清，古早味的乾伴麵加肉羹湯、香滑順口的蚵仔麵線、好吃的臺式蚵仔煎、香噴噴的烤香腸、入味不油的狀元滷味、灑了滿滿花生粉的豬血糕、石家刈包香香軟軟的魯肉、清香好喝的米粉湯、小朋友最愛的雞蛋糕等等，各式美食應有盡有 ，就這麼邊逛邊吃，真是太滿足了！沿著文昌街走下去，還有流行時尚的中、西式家具店，各式新穎獨特的造型，也是快活。', '每日18:00~24:00', '02-25505220', 25.0302, 121.55424),
(13, '台北市', '士林區', '臺北市士林區延平北路7段106巷358號', '社子島迎星碼頭', 4, '位於社子大橋旁的迎星碼頭是近年來喜愛衝浪朋友的最愛，利用特殊的遊艇製造人工浪，在城市中即可享受滑水、衝浪的快感，不用再到海邊！另外，蔚為亞洲區滑水界的一大賽事-「臺灣盃國際滑水賽」，2017年將迎星碼頭選為比賽場地，吸引大批國際滑水好手前來臺灣比試交流，讓喜愛水上運動的民眾，多了滑水體驗的好去處。\r\n\r\n\r\n(圖片滑水協會提供)', '', '02-27208889', 25.10852, 121.49551),
(14, '台北市', '內湖區', '臺北市內湖區潭美街587號', '內湖復育園區', 2, '園區北面七星山，南臨基隆河，東起南湖大橋，西至安美街佔地約10公頃，包含平坦區及一座約40公尺的小山丘，小山丘當初在清除工程時規劃保留下來，讓民眾親身體驗全國第一座垃圾山如今已化身為美麗的復育園區，一顆重生的都市之肺，更讓基隆河恢復一抹清淨。\r\n\r\n園區分為復育林區、遊憩區及高灘地，其中遊憩區內規劃有陽光草坪、活動廣場、景觀廣場、願景相框及觀景台等，光是陽光草坪面積就達一萬多平方公尺，相當於一點五個足球場大小，民眾可在這放空仰望藍天、奔馳遊樂。園區內植物已有多達162種、動物41種以上，自然生態豐富，喬木、灌木如山黃麻、水麻，吸引成群鳥類擇內湖復育園區棲息。循著生態步道沿途欣賞風景，登上觀景平台後更可眺望世界指標臺北101大樓，臺北美景盡收眼底。', '開放空間', '02-27208889', 25.061, 121.60327),
(15, '台北市', '士林區', '臺北市士林區中山北路五段82號之1', '圓山水神社', 2, '圓山水神社位在捷運劍潭站對面，自來水公司事業處陽明分處旁邊，循著水泥階梯走，來到貯水池旁即可見到圓山水神社，其留有最初建造時的石燈籠、社名碑、手水缽，及一對鎮守神社的狛犬。\r\n\r\n這是一座日據時期遺留下來的神社，格局大致保存完整，且位處交通便利的捷運站附近，不過因為較少人知道，所以鮮少有遊客來訪。裡面還有一挑高處是「圓山貯水池」，是「草山水道系統」的一個重要水利節點。儘管圓山水神社只與士林商圈相隔一條路，但卻是一片靜謐之地，散發出古樸、神秘而自在的氛圍。', '全天開放', '02-87335678', 25.08435, 121.52722),
(16, '台北市', '中正區', '臺北市中正區南海路53號', '臺北植物園', 2, '植物園是日據時代研究植物的重要場所，占地約8公頃，保留了當時從臺灣、日本、中國大陸、東南亞引進來的試驗研究植物種，至今園區內的建築與植物種類已遠超過以往盛況，蒐羅之植物多達約2000種。\r\n\r\n臺北植物園依植物分類系統與習性分區，每個區域以不同的主題呈現，並且設有解說牌介紹奇花異卉，例如荷花池、十二生肖區、多肉植物區、蕨類植物區、詩經植物區、民俗植物區、棕櫚科區等。隨著季節不同，植物林相會跟著變化，每個季節都有獨特味道，若在午後進入，光線與溫度則讓人有更舒服的感受。', '週一至週日 5:30-22:00\r\n', '', 25.031, 121.50866),
(17, '台北市', '士林區', '臺北市士林區至善路三段150巷27號', '內雙溪自然中心', 2, '位於士林區東南角之內雙溪自然中心，占地104公頃，為臺北市最大的森林自然公園，以豐富的生態與地形等特色，媲美溪頭的風貌，所以又稱『臺北小溪頭』。臺北市政府大地工程處斥資整建，規劃並建置登山步道、觀景台和產業道路，串連起內湖及士林兩區的內雙溪山區，並整合內雙溪森林、自然公園、碧山露營場、白石湖農村社區及周邊景觀生態等資源。', '', '02-27593001', 25.1145025, 121.5778242),
(18, '台北市', '內湖區', '臺北市內湖區碧山路24號', '白石湖吊橋', 2, '白石湖吊橋位於內湖白石湖休閒農業區內，吊橋入口位於碧山巖開漳聖王廟的停車場旁，全長116公尺，為臺北市第一座大跨距吊橋。特別採龍骨意象塑造，從東邊「龍船岩」連接白石湖山、大崙頭山、忠勇山、鯉魚山，至圓覺瀑布而止，從空中俯瞰，就像是一條巨龍盤據，守護著白石湖地區。\r\n\r\n有別於一般吊橋的高聳橋台設計，特別採直路式設計，打造成一座無懸吊纜繩的隱形吊橋，融入當地的田園美景。通過吊橋後為白石湖社區，百公尺長的春秋步道，可見精心開闢的花卉專業種植區，及當地豐富的農村特色、景觀生態等資源。\r\n\r\n白石湖社區也稱為最浪漫的社區，社區內的「同心湖」、「永結亭」、「夫妻樹」象徵著永結同心，充滿著戀愛的氣氛；碧山路上有非常多家農莊及草莓園，每年12~5月是草莓盛開的季節，適合親子、家庭、情侶或朋友聚會一日遊。\r\n\r\n白石湖吊橋串連起周邊山寺、果園、森林步道、溼地湖泊，置身其中可欣賞到美麗花卉及悅耳的叢林鳥叫聲，為民眾休閒遊憩的好去處。', '全天開放', '02-27593001', 25.09917, 121.58711),
(19, '台北市', '中山區', '臺北市中山區新生北路三段105號', '新生公園_玫瑰園', 2, '新生公園於民國67年開闢完成，地處新生高架橋、民族東路、松江路、濱江街交界，占地近20公頃。園內設有多樣設施，包括新生溫水游泳池、棒球場、籃球場，還有一個結合環保理念的「迷宮花園」，近年更新闢了「地球旅行遊戲場」，提供大人小孩一個玩樂休憩運動的好去處。公園內還有九座大小不同的雕像散佈公園各角落，分別命名為「悠遊歲月」、「祥和遍大地」、「鶴群」、「希望」、「欣欣向榮」、「友愛和平」、「阿爸的話」、「春天的走向」及「團結」，為公園增添豐富的人文氣息。每年3月的臺北玫瑰展更是不容錯過，來自世界各地的玫瑰品種聚集在此，展區內也會有各式造景及裝置藝術，非常適合情侶、夫妻、家庭一同來此賞花，享受被玫瑰包圍的浪漫氣氛。', '全天開放', '02-25850192', 25.06844, 121.5291),
(20, '台北市', '萬華區', '臺北市萬華區萬大路底華中橋旁', '華中河濱公園', 1, '從空中鳥瞰，新店溪在華中河濱公園這裡轉了個彎，形成大面積的氾濫平原，彎彎的地形，像極了一抹弦月，更像支迴力刀，滿眼寬闊平坦的綠草地，最適合舉辦大型活動；這裡也是觀看夕陽、賞鳥的最佳場所：公園裡生態豐富，河裡有魚群迴流覓食，隨處可見野鳥在樹間跳躍。', '全天開放', '02-27258149', 25.0154, 121.49476),
(21, '台北市', '萬華區', '臺北市萬華區水源路及青年路口', '馬場町河濱公園', 1, '騎著鐵馬，沿著新店溪，穿過溪流兩岸參差高樓護持的一片綠草如茵，行經馬場町自行車道後，就可以轉進「馬場町河濱公園」，這個位於新店溪畔、與青年公園為鄰的園區。「馬場町河濱公園」原為軍用地，後來臺北市政府透過多方交涉，和附近的華江雁鴨公園，以及中正河濱公園連成一氣，為萬華區提供一大片休憩遊園的好去處。\r\n\r\n馬場町的清晨，有股清新的美。河岸邊長長的階梯，是個適合坐著觀看日出的看台，視野寬闊，溪中倒影可見；天氣好的時候，可見到朝陽從遠方101大樓旁慢慢升起的模樣，偶而從雲間透出的陽光灑落新店溪，只見河面閃亮著一片金黃，煞是美麗。', '開放空間', '02-27258149', 25.01886, 121.50391),
(22, '台北市', '北投區', '臺北市北投區秀山路45號', '北投社三層崎公園', 2, '北投社三層崎公園坐落於北投區市郊，為108年開闢之坡地公園，過去曾是臺灣的陶瓷產業原料供給區，具有豐富人文歷史價值，後來臺北市政府工務局公園處利用了公園內的特殊山坡地形交錯種植了一片又一片由一串紅、四季海棠及銀葉菊組成的多層次花海景觀。仿照北海道富良野視覺感的花海，使不少喜歡拍照的民眾慕名前往這美麗的網美打卡景點。北投社三層崎公園的最佳賞花期間為每年一月中旬至二月下旬，千萬不要錯過！\r\n\r\n欣賞完美麗花海後可順道至鄰近的貴子坑水土保護區來趟結合當地自然生態、歷史人文與景觀藝術的一日寓教於樂親子行唷！', '開放空間', '02-28832130', 25.14462, 121.49199),
(23, '台北市', '內湖區', '臺北市內湖區內湖路二段175號', '碧湖公園', 2, '於捷運大湖線文德站下車後，沿著文德路101巷轉入，前進約200公尺，即可看見被翠山環繞的大湖湖泊，這裡就是碧湖公園。碧湖公園位於臺北市內湖區內湖路2段175號，鄰近國立臺灣戲曲學院，面積13餘公頃，園中的「大陂湖」面積約8公頃，為昔日農業灌溉用水的來源。\r\n\r\n隱身在內湖區的碧湖公園，除了是內湖居民的後花園，也是臺北市唯二擁有大湖泊的水景公園，本公園依山傍水，有山巒疊翠的環境，前擁湖水，與公園景色渾然一體，其空間靜態之美往往讓來訪遊客留下深刻的印象。', '全天開放', '02-23815132', 25.08263, 121.58301),
(24, '台北市', '內湖區', '臺北市內湖區成功路五段31號', '大湖公園', 2, '大湖公園湖泊因白鷺成群又名白鷺湖，毗鄰白鷺山，遙指五指山、忠勇山等，佔地約13公頃餘。民國68年仿中國園林興建，大湖湖泊面積約10公頃餘，屬區域性公園。\r\n\r\n公園內有各式植物，落羽松、阿勃勒、台灣欒樹、杜鵑花等會按時序開花，為園區各空間抹上不同色彩。湖邊則時常會看到白鷺鷥、夜鷺、鴨子等，甚至有季節性鳥類，蒼鷺、大白鷺等，豐富的生態吸引許多遊客帶著一家大小來到公園享受大自然。\r\n', '全天開放', '02-23815132', 25.08228, 121.60445),
(25, '台北市', '北投區', '臺北市北投區竹子湖路1-20號(陽明山國家公園管理處)', '陽明山國家公園', 2, '陽明山國家公園是臺灣離都會區最近的一座國家公園，這裡地貌多變、生態豐富，孕育了許多珍貴的保育類動物，幸運的話，可以在這裏發現臺灣特有種鳥類－臺灣藍鵲的蹤跡。\r\n\r\n公園內種滿了梅、櫻、桃、李、杜鵑、茶花等各式花卉，每年春天櫻花盛開，總是吸引眾多人潮上山賞花。櫻花季過後，大約三月中旬竹子湖的海芋接著盛開，到田裡體驗採花的趣味，帶著一束海芋回家，成了遊客的必備行程。\r\n\r\n公園內最具代表的是一座由各式當季花卉組成的花鐘，來到陽明山，你一定要來這邊拍張照！除了花鐘，陽明山還有小油坑、陽明書屋、冷水坑、擎天崗等熱門景點，如果你喜歡登山踏青，這些景點千萬不能錯過。\r\n\r\n此外，陽明山一帶擁有豐富的地熱資源，各處溫泉的泉質又有不同，北投地區行義路一帶的溫泉餐廳林立，若你旅經此處，別忘了享受這裡特有的硫磺溫泉！\r\n\r\n春天賞花，夏天避暑，秋天有芒花與楓葉、冬天泡溫泉，陽明山的四季都有不同的美景、樂趣，等著你來發掘喔！', '開放空間', '02-28613601', 25.15574, 121.54762),
(26, '台北市', '信義區', '臺北市信義區福德街251巷慈惠堂登山口或福德街221巷進入至真光禪寺登山口', '南港山系_虎山親山步道', 6, '虎山為四獸山市民森林區內之淺山之一，連接區後南港山系構成臺北市東南側的屏障，海拔140公尺，地質屬海相地層之單面山地形，西高東低、視野遼闊，山頂設有一座日晷，可以觀日計時，步道由塊狀砂岩與頁岩交疊而成，因虎山溪流經，山澗型的生態環境同時也是孕育螢火蟲、小綠蛙及蕨類等多元生態的最佳地點，溪岸經整修鞏固及完善水土保持後，虎山溪沿線成為觀賞溼地生態的最佳去處，步道沿線並設置解說牌及路線指標，是郊山健行又可觀賞生態的好去處。尋幽賞螢親子樂\r\n\r\n虎山溪步道沿途鋪設石階，溪畔設置鏤花小欄杆，與小溪景緻相映成趣。如今虎山溪的水域、林間充滿了旺盛的生命力，4、5月以後，甚至可以觀賞螢火蟲。除了「原住民」陸生螢黑翅螢、紅胸黑翅螢，野放的水棲黃緣螢幼蟲已成功繁殖到第9代。\r\n\r\n結伴出遊，夜間賞螢充滿樂趣，而且不必遠赴外地，提著小燈籠找尋配偶的螢火蟲就隱身在台北市區～魅力無窮的虎山親山步道。', '開放空間', '02-27593001', 25.03202, 121.58749),
(27, '台北市', '南港區', '臺北市南港區成福路211巷底北興宮登山口', '南港山系_麗山橋口親山步道', 6, '麗山橋口親山步道位於南港公園的南方，這裡曾是依山傍水的灌溉水源之地，南港區的三大舊埤塘(後山埤、東新埤、三重埤)即位於此地，如今古埤塘不再引水，反而成為池畔垂釣、賞景、環湖散步、單車騎乘的遊山玩水之地。步道前段為北興宮步道，後段才是古意盎然的麗山橋口步道。\r\n\r\n蛇牧群林\r\n此步道已有百年的歷史，曾是先民挑運米茶、來往松山(錫口)和四分子（研究院路四段)之間的捷徑，走在林間小徑、深山古道中，只見罕見的蛇木林筆筒樹及滿地的泛黃落葉，此地人煙較少，步道幽靜的氣氛讓人體會自然原始的美妙。', '開放空間', '02-27593001', 25.02496, 121.59948),
(28, '台北市', '內湖區', '臺北市內湖區環山路一段136巷', '五指山系_金面山親山步道', 6, '金面山為五指山系之西南稜，分金面山與小金面山，這座山地質忠的安山砂岩含有石英，因此當太陽照射時遠望山頂閃閃發光，當地人便稱之為金面山。剪刀石山,金面山位於內湖金龍產業道路西邊，因從碧山巖方向看過來，山頂巨石形貌有如鳥嘴般尖銳，因此又名剪刀石山，海拔雖僅258公尺卻獨具高山氣勢，山谷曾是清代時期臺北建城時，所用石材的大石之地，巨岩錯落起伏、崢嶸並立，如今仍留有開採痕跡，置身山頂可以遠眺內湖大埤及臺北街景，視野開闊、景致優美。', '開放空間', '02-27593001', 25.08867, 121.56795),
(29, '台北市', '中山區', '臺北市中山區中山北路四段71巷2弄69號(公車劍潭站旁)', '五指山系_劍潭山親山步道', 6, '劍潭山海拔153公尺，位於臺北市士林區圓山風景區，是圓山飯店後山的北稜，也是臺北市最接近市中心的小山，沿著稜脊步道緩緩前行可抵達其他山岳，走起來幾乎是輕鬆自在，在交通便捷上佔有極大之優勢。劍潭山親山步道\r\n登山口位於中山北路四段公車劍潭站旁，這裡曾是軍事管制區與保安林地，因此自然林相與生態植物保存的相當完整；步道兩旁許多人工栽種植被與經濟植物，讓步道充滿盎然的綠色魅力。步道沿途可以欣賞圓山飯店、基隆河河濱公園等景致。', '開放空間', '02-27593001', 25.079128523357, 121.52493998408),
(30, '台北市', '內湖區', '臺北市內湖區碧山路26-6號(大崙頭尾山步道拓印亭)', '五指山系_大崙頭尾山親山步道', 6, '大崙頭山與大崙尾山位於五指山系西伸的主稜上，自東北向西南延伸，大崙尾山海拔451公尺，巨岩羅列、聳立成峰，大崙頭山海拔475公尺，是內湖地區最高的山脈，山頂平台視野廣闊，登高遠望風光極佳，兩山並列，氣勢懾人，成為士林中央社區重要的地標。', '開放空間', '02-27593001', 25.10564, 121.57766),
(31, '台北市', '士林區', '臺北市士林區中山北路7段232巷', '七星山系_天母古道親山步道', 6, '天母古道親山步道穿越士林華岡地區的西北山坡，也是紗帽山南邊的鞍部，屬於早年魚路古道的後段，涵蓋華岡至天母間的數條步道，沿著大水管構築，潺潺溪水、原始林相，步行其間，讓人倍覺涼爽舒適。步道還可順遊經翠峰瀑布至猴洞產業道路的「翠峰步道」，夾峙在山間林蔭中，走起來特別涼爽舒適。', '', '02-27593001', 25.12764, 121.53367),
(32, '台北市', '大同區', '臺北市大同區大稻埕碼頭', '大稻埕碼頭_大稻埕碼頭貨櫃市集', 4, '大稻埕原是平埔族的居住地，因萬華（艋舺）同安人發生激烈的械鬥，造成族人移至大稻埕定居，開始大稻埕淡水河旁商店和房屋的興建，淡水港開放後，大稻埕在劉銘傳的治理下成為臺北城最繁華的物資集散中心，當中以茶葉、布料為主要貿易交易，當時的延平北路及貴德街一帶便是商業活動的重心，也讓大稻埕早年的歷史多采多姿、令人回味。\r\n\r\n', '平常日以團體預約包船為主，例假日行駛固定航次，請洽詢各船公司。\r\n強烈季風、漲退潮水位差影響航行及靠泊安全，當日實際航班得由現場公告或網站預告調整。\r\n\r\n', '02-27208889', 25.0564, 121.50761),
(33, '台北市', '士林區', '臺北市士林區菁山路101巷170號', '陽明山國家公園_冷水坑', 2, '冷水坑溫泉位在七星山與麻瘋山（七股山）間的東側谷地，原是一標準的爆裂口，後遭天然侵蝕及人為開墾，僅剩下不明顯的凹谷外形，主要的岩石為凝灰石角礫岩及紫蘇輝石角閃石安山岩，泉源附近岩質大部分受熱液換質作用，呈黏土化。\r\n\r\n冷水坑地底湧出的泉水約在攝氏40度左右，遠低於其它溫泉區水溫因而得名。這裡也是台灣唯一的沉澱硫磺礦床，泉水呈現乳白色，因而被稱為牛奶池。\r\n\r\n冷水坑溫泉是地下水間接傳導加熱而成的，有中性碳酸氫鹽泉及弱酸性硫酸鹽泉兩種不同泉質。\r\n\r\n附近的涓絲瀑布與夢幻湖生態保護區也是熱門景點之一，在這麼天然的環境中，常常會碰上自然界的朋友，常見的有長腳赤蛙、尖鼻赤蛙（叫聲如鳥鳴的斯文豪氏赤蛙），以及滿身痔瘤的盤古蟾蜍，和一些蛇類和爬蟲類，在顧慮安全之餘外，基於尊重環境，也請不要去打擾它們喔。', '\r\n\r\n', '02-28610036', 25.16559, 121.56401),
(34, '台北市', '士林區', '臺北市士林區社子島自行車道', '社子島環島與二重疏洪道自行車道', 1, '社子島位於基隆河與淡水河之交匯處，地質為沙洲型態，該地區處處可見稻田橫亙，菜園綠茵，展現老農村民風純樸的美麗景緻。該地區利用堤頂建設自行車道，吸引許多自行車愛好者前往，社子島沙洲沙尾可以看見基隆河與淡水河交匯波濤澎湃的景象，每當夕陽西下，金黃色落日餘暉揮灑在河面上閃閃動人，遠眺大屯山及觀音山綿延天邊的景緻，教人美不勝收。\r\n\r\n往南還可銜接百齡橋左岸自行車，這裡有許多大型的各式球場，而且經常可以看見國內外著名的球隊在此練球，騎乘之餘欣賞開闊的運動廣場人群，既充實又熱鬧。二重疏洪道環狀自行車道全長24公里，穿越堤頂道路進入公園區域，不同主題的河濱綠地，可以花上很多時間去探險。', '開放空間', '02-27258149', 25.10985, 121.46606),
(35, '台北市', '文山區', '臺北市文山區景美溪左右岸 道南河濱公園', '景美溪河濱自行車道', 1, '有青山綠水相伴的景美溪河濱自行車道，沿線有動物園，政大球場及青草綠茵，溪流常有魚群穿梭，適合攜家帶眷全家出遊的路線。\r\n\r\n沿線的景觀相當豐富，翠綠草地，清澈溪流讓人感覺非常舒適，此外，於道南河濱公園內還設有各式各樣的運動場所，如籃球場、溜冰場、羽球場等，每到傍晚便可看到許多人或走或騎自行車到這兒來進行各種運動，是一個充滿活力的自行車道。', '開放空間', '02-27258149', 24.98135, 121.56629),
(36, '台北市', '中正區', '臺北市中正區八德路一段1號', '華山1914文化創意產業園區', 2, '華山1914文化創意產業園區前身是台北酒廠，由日本人於1914年創建，早期是日本生產清酒的廠房，後為台北酒廠，現為臺北市市定古蹟之一。華山文創園區所在地的名稱由來，在清朝時期原稱三板橋庄大竹圍，至西元1922年，日治時期臺灣總督府廢臺北舊有街庄名，改稱「樺山町」。園區內也有多間餐廳、店舖、藝廊等商業設施，至今已舉辦多次藝文展演活動，也將舊建築物翻新、設置裝置藝術，吸引民眾前來參觀、拍照；園區後方也有一整片的大草皮區，提供大家野餐玩樂。', '週日-週四09:30-21:00、週五-週六09:30-22:00 \r\n借問站服務時間：每日09:30-21:00', '02-23581914', 25.04413, 121.5294),
(37, '台北市', '松山區', '臺北市松山區八德路四段與松河街間且與之平行的饒河街上', '饒河街觀光夜市', 3, '饒河街觀光夜市是臺北市最早的觀光夜市，規模並不大，攤位非常集中，只要是常來的熟客，很快就可以找到自己想吃的攤位，非常方便。饒河街夜市有兩個入口，入口處皆有金碧輝煌的牌樓，以及象徵夜市吉祥物的貓頭鷹圖騰。一處位於塔悠街及饒河街交叉路口，佇立著一座貓頭鷹銅像；另一處則在八德路四段及饒河街交叉口，即位於松山慈佑宮旁。', '', '02-25505220', 25.05091, 121.57754),
(38, '台北市', '中正區', '臺北市中正區北平東路30號前', '中央藝文公園_華山大草原遊戲場', 2, '華山大草原遊戲場從入口處的火車造型牆作為開端，遊戲場以鐵軌和火車隧道等意象串連而成。其中，火車隧道的2個牆面，一面為舉辦工作坊時孩童留下的夢想泡泡，一面為華山車站歷史的展現。遊戲場中最具代表性的是結合山坡地景綠樹中的「煙囪遊戲塔」，其煙囪外型與華山酒廠大煙囪呼應，利用高低層次的遊戲塔，創造不同的遊戲高度體驗，場內更設有「水沙世界」、「極限滑索」、「飛天鞦韆」、「大坡面溜滑梯」等設施環繞，提供多樣的機能與挑戰。', '開放空間', '02-23032451', 25.04612, 121.52683),
(39, '台北市', '北投區', '臺北市北投區秀山路159巷', '大屯山系_貴子坑親山步道', 6, '位於北投稻香里的貴子坑園區佔地約10,000坪，原為瓷土礦場，後因山坡地闢建為休閒活動場而引來人潮。\r\n\r\n市府所規劃的第一條親山步道，便是串連捷運復興崗站的貴子坑親山步道，其中還包括捷運綠廊步道直通往貴子坑園區。\r\n\r\n貴子坑露營場\r\n\r\n貴子坑是個有特殊地質景觀的小山谷、五指山層的古老地層。早期因開採過度，導致水土失衡，因此當時被稱『鬼子坑』。經整治規劃，現在貴子坑區擁有露營場、水土保持教學園區及環山步道，是一座最佳的戶外地質教室。', '開放空間', '02-27593001', 25.15278, 121.49051),
(40, '台北市', '士林區', '臺北市士林區雙溪河濱公園', '雙溪生活水岸自行車道', 1, '從陽明山國家公園發源的雙溪，流經東吳大學之後，轉往公路北側，河濱綠地公園也由此綿延展開，河濱自行車道順勢闢建於左右兩岸，成為臺北市河川單車路網中，最貼近住宅區也維護得極為完善的短小精緻路徑。\r\n\r\n景色優美的雙溪河畔，引領平日生活繁忙的都市人，找到一條解放疲憊身心的綠色隧道，由雙溪左岸在銜接百齡橋右岸自行車道，百齡橋右岸河濱公園是玩橄欖球愛好者聚集之處，也常見足球隊伍相互較勁，單車族群也可加入這片青青草原，一路踏騎到承德橋下，順路造訪臺北市最後舢舨碼頭「三腳渡」。', '開放空間', '02-27258149', 25.09992, 121.52802),
(41, '台北市', '士林區', '臺北市士林區福林路307號', '雙溪公園', 2, '雙溪公園因外雙溪與內雙溪從北向南延流，並在士林匯流而得名，地處於福林路與至善路的交叉口，是士林往陽明山、故宮及內、外雙溪的必經之地，民國63年闢建完成，開放區域約2公頃，是一座自然山水景觀的園林。\r\n\r\n園內地形平坦，呈三角形，仿照中國庭園格局佈置，呈現自然風貌，園內迴廊與池中心之涼亭、水榭、石洞、九曲橋、假山瀑布相互連結，雙溪公園不僅俱有現代的美感又保有古樸之美，是鬧中取靜值得一遊的公園。', '', '', 25.0985, 121.5361),
(42, '台北市', '士林區', '臺北市士林區至誠路一段雨聲街', '芝山公園', 2, '位於士林區至誠路一段與雨聲街交叉口，偎依雙溪河畔，是座充滿綠色生態與文化史蹟的大型自然公園。\r\n\r\n其名稱由來為清康熙年間，福建漳州移民於淡北、士林一帶墾居，因公園地形與福建漳州境內芝山形勢相當因而得名。該公園至少包含大坌坑文化、芝山岩文化、圓山文化、植物園文化等史前文化，及清代、日治及國民政府時期等歷史文化，人文史蹟豐富。', '', '02-28832130', 25.10435, 121.53188),
(43, '台北市', '內湖區', '臺北市內湖區康樂街61巷73弄34號', '內溝溪生態步道', 6, '內溝溪為基隆河支流，全長約5.5公里，流域面積約7平方公里。以內溝溪為界以西為臺北市，以東為新北市，為東湖地區民眾散步、休憩、話家常的好去處，同時亦為東湖地區接近自然的最佳場所。\r\n\r\n自民國102年開始在東湖內溝溪中游段進行整體景觀改造，並從上游延續將近長約1公里的親水步道，藉由景觀橋與水岸步道之設置，串聯原先被內溝溪所分隔於左右兩岸之臺北與新北兩市之漫遊路徑，清除淤積土壤的同時，恢復五分埤水域環境，營造不同深度之生態棲息環境，打造不分日夜皆可親山、親水、親自然並創造可停留體驗之生態教育空間；以提升居民親近使用之意願，進而認知、了解與共同保育，亦可讓原本存在當地耆老腦海中的美好回憶，得以再次重現。', '開放空間', '02-27258149', 25.07028, 121.62098),
(44, '台北市', '士林區', '臺北市士林區延平北路九段 ', '社子島島頭濕地', 2, '社子島島頭濕地顧名思義即位於基隆河與淡水河交會的島頭之處，面積雖僅1公頃，但是名副其實，大有看「頭」！此島頭乃是臺北市政府利用基隆河疏濬的土方所填出來的灘地，灘地上綠草如茵，並闢建出石板路與木棧道，方便民眾親近觀景平台。\r\n\r\n觀景平台總是擠滿了垂釣客，這裡也是觀賞基隆河與淡水河交會及入海的絕佳地點，放眼望去，是270度的壯闊河景，朝右望去有香火鼎盛的關渡宮、氣勢如「紅」的關渡大橋，往左看遠方有巍峨雍容的觀音山，其間不時有小白鷺飛掠點綴，好一幅寫意的山水畫！平台左手邊是茂密的紅樹林濕地，與對岸的關渡自然公園濕地相呼應，退潮後的濕地還可看到探出頭的招潮蟹，共譜一曲紅樹林生態交響曲。', '全天開放', '02-23815132', 25.10985, 121.46606),
(45, '台北市', '信義區', '臺北市信義區信義路5段150巷', '象山公園', 2, '象山公園前身為中強公園，因依傍象山而興闢，將其更名為「象山公園」，更符合地理環境特色及民眾期待。而公園中棲息著唯一以臺北命名的保育類動物「台北樹蛙」，如此珍貴的生態資源值得人們細心呵護，進而由其中學習與自然和諧共處。\r\n\r\n因此，公園中許多設施的設計均融入台北樹蛙的語彙或顏色，如鑲嵌於地面的樹蛙腳印，象徵自然生命的跳躍；公園內的園燈上也有樹蛙剪影和樹蔭相映成趣，座椅扶手的顏色、公共廁所的牆面、天花板等，均呼應象山公園特有之生態資源', '全天', '02-27853819', 25.03042, 121.57011),
(46, '台北市', '士林區', '臺北市士林區光華路61巷4弄(文化大學後山)', '陽明山夜景', 2, '陽明山的夜景在臺北市頗負盛名，隨著仰德大道直上，沿路都可欣賞到臺北市夜晚燦爛星空與閃爍燈海相映的景象，觀賞夜景的好地方還包括白雲山莊、竹子湖觀景台、永公路前、林語堂故居，及繞過陽明山公園往頂湖或北投地區之處。另外，二子坪遊憩區、擎天崗由於視野遼闊，一望無際，也十分適合觀星賞月。極具代表性的則是文化大學後山，因為離臺北盆地近，加上角度夠陡，如同俯身看夜景般，有種讓人瞬間就墜入萬家燈火夢境裡的感覺。', '全天開放', '02-28613601', 25.13351, 121.5381),
(47, '台北市', '中山區', '臺北市中山區中山北路三段181號', '花博公園_花之隧道', 2, '花之隧道位於花博公園內，分為「光影森活」、「綠築小徑」兩個部分，自行車及行人皆可通過，樹狀架構的花之隧道除了獨特的造型外，還有藤蔓植披包裹著四周，陽光灑落穿透花之隧道的景象十分美麗，吸引不少遊客到此拍照，沿著隧道往後走可到達太陽能板發電的太陽橋及迷宮花園等景點。', '', '02-21828886', 25.07259, 121.52485),
(48, '台北市', '文山區', '臺北市文山區景興路243巷', '二格山系_仙跡岩親山步道', 6, '仙跡岩位於景美地區，亦稱溪子口山，周邊視野景觀良好，傳說八仙中的呂洞賓曾至此留下足跡，使得仙跡岩聲名大噪，常吸引目睹神跡的好奇者前來遊賞，這裡也是附近居民健行運動的最佳去處。仙跡岩與七星山一樣，擁有一顆一等衛星控制點，自景美景興路243巷牌樓拾級而上，經過78階的長壽梯與100階的登仙坡後，就是濃蔭密佈的綠色步道，沿途種類繁多的綠色植被、山頂的仙跡岩大石上、健康步道及仙岩廟皆可遠眺臺北盆地街景，景色幽靜而宜人。\r\n\r\n山不在高 小而美就好\r\n仙跡岩位在景美地區，這山自然別名「景美山」，再因為地處景美溪匯入新店溪的溪口附近，所以也有個「溪子口山」的小名。', '開放空間', '02-27593001', 24.99097, 121.54353),
(49, '台北市', '中山區', '臺北市中山區基隆河基16號水門', '美堤碼頭', 4, '位於基隆河16號水門外、美堤疏散門前方的美堤碼頭，是藍色公路水運網絡的港口之一，格局與大佳碼頭相似，目前主要是讓藍色公路航線營業用交通船停靠。美堤碼頭延伸了藍色公路航線至內湖地區，讓基隆河從點而線成為一條與美麗華商圈相結合的水上旅遊帶，附近有故宮、忠烈祠、摩天輪等景點，也有內湖科學園區週邊各大購物中心、量販店等商場等逛街好去處。另外，碼頭所在的美堤河濱公園視野遼闊，除可遠觀北市地標101大樓與松山機場的飛機起降以外，也是市民親近河岸、休閒散步或騎自行車運動的良好去處。', '全天開放', '02-27258149', 25.0754, 121.55655),
(50, '台北市', '中山區', '臺北市中山區玉門街1號', '花博公園', 2, '花博公園為2010臺北國際花卉博覽會會場，目前轉型為都市公園。園區包含圓山園區、美術園區與新生園區，規劃作為一般的公園使用，並利用原花博展覽館，提供各項活動場地使用。博覽會後保留了立體植栽花牆、造型花牆、七道彩虹、特展區、地景花海、精緻花卉及果樹園區等展示區域，也規劃種植多年生觀花觀葉植物、草皮為主，以期保留部分花博意象與豐富度，留予民眾開闊且綠意盎然的視覺空間，同時還可提升休憩環境品質，更因鄰近捷運圓山站享地利之便，適合作為活動展覽用地。', '全天開放', '02-21828886', 25.06986, 121.52123),
(51, '台北市', '內湖區', '臺北市內湖區潭美街', '成美右岸河濱公園', 1, '成美右岸河濱公園位於基隆河成功橋至麥帥一橋間(內湖側)，每到假日隔幾公尺就有一群各自聚精會神調弄手裡器具的人，仔細看看有電動遙控車、數位單眼相機&hellip;等，而且是大人玩得比小孩還起勁！串聯成美左、右岸公園的「彩虹橋」，橋身鮮紅，造型獨特，宛如一道彩虹橫跨在河道上。橋下自行車道寬敞，河堤護牆爬滿綠藤，牆基也呈現波浪狀，與彩虹橋呼應。彩虹橋兩端設有電梯直上堤頂，方便肢障者、老人家及嬰兒車等不必勞累攀爬，無障礙的設計相當貼心，樓梯中間設有自行車牽引道，讓騎士們也可輕鬆通行兩端。\r\n\r\n在成美右岸河濱公園還可以拍到101大樓全景，藍天白雲；入夜之後，基隆河水色波光粼粼，畫面和諧，是許多攝影愛好者聚集的地方。', '', '02-27258149', 25.0556, 121.586),
(52, '台北市', '北投區', '臺北市北投區中山路', '地熱谷_地獄谷_鬼湖', 2, '地熱谷位在北投溫泉公園旁邊，是北投溫泉的源頭之一，因為終年瀰漫著硫磺煙霧，讓人聯想到恐怖的地獄，所以又被稱為「地獄谷」或「鬼湖」。這裡的溫泉是大屯山火山群內水溫最高的溫泉，硫磺煙霧濔漫的景色，如夢似幻，有如仙境一般，是日治時代臺灣八景十二勝之一。', '', '02-28912105', 25.13776, 121.51162),
(53, '台北市', '北投區', '臺北市北投區關渡水岸腳踏車道', '關渡_金色水岸_八里左岸自行車道', 1, '基隆河匯入淡水河之前，繞著社子島轉出一個美麗的弧彎，在其北岸與磺港溪以西地帶，保留了都會臺北極其珍貴的稻香田園，連結起河口紅樹林自然保護區，讓人得以在很短的距離內隔絕塵囂嘈雜，單車踩踏其間，尤其能夠體會早年農村氛圍的樸素簡單、踏實自在。夕照裡堤道漫步，河風微微、鳥鳴吱吱，關渡自然保護區生機盎然中，獨有浪漫閒適的野趣滿點。', '開放空間', '02-27258149', 25.11382, 121.48003),
(54, '台北市', '大同區', '臺北市大同區大龍街(位於酒泉街至民族西路間)', '大龍街夜市', 3, '位於孔廟、保安宮等歷史古蹟旁的大龍街夜市，早晚皆有不同的美味小吃，早晨有多家販售燒餅豆漿、炸蛋餅及飯、麵、粥等各種臺式早餐的攤販商家，到了夜晚，則有許多傳統特色老店，有得過獎的滷肉飯、香濃不甜膩的甜品、大排長龍的鵝肉，以及肉圓、鹹酥雞、炒飯等人氣小吃，來一趟大龍峒歷史城區，探訪歷史古蹟之餘，順便享受夜市小吃的獨到魅力吧！', '每日18:00~24:00', '02-25981918', 25.07145, 121.5159),
(55, '台北市', '中山區', '臺北市中山區基隆河中山橋和大直橋之間', '大佳河濱公園', 2, '大佳河濱公園位於中山區中山橋和大直橋之間，是基隆河截彎取直後，經市政府開發建設而成的都會型綠化公園。面積廣大，進入園區映入眼簾的就是一大片一望無際的廣闊草園，還可以遙望美麗華的摩天輪，景色優美。', '開放空間', '02-27126390', 25.07464, 121.54089),
(56, '台北市', '士林區', '臺北市士林區平菁街10巷13號', '台北奧萬大', 2, '陽明山上的奧萬大\r\n\r\n喜愛楓紅的人，不必大老遠的跑到加拿大或日本，近在咫尺的『台北奧萬大』將提供您優美的視覺享受。\r\n\r\n來此賞楓，不必苦等秋冬的季節，在春天三月～四月，您就可以欣賞到滿園楓紅景緻，園內各類植栽包括松、櫻、柏、楓樹、茶花類，皆由苗木開始栽培，因此各類造型獨特，其中又以黑松及楓樹最為大宗，也是台北奧萬大最具代表性的植栽。\r\n\r\n一般遊客對台北奧萬大印象最深的莫過於每年楓紅，一般賞楓的季節在秋冬，而且要寒流過境才能見到楓紅。\r\n\r\n而台北奧萬大不但秋冬有楓紅，最棒的賞楓季是在3月～4月份，主要是因為台北奧萬大楓樹皆嫁接日本品種。\r\n\r\n由於品種特性，其嫩芽期有一個多月的時間是紅色新芽，後因氣溫逐漸變熱與降雨影響，葉綠素變化，由紅漸綠，此外亦有多品種顏色各異。\r\n\r\n', '【平日10:00-20:00】\r\n【星期六日及國定假日9:00～22:00】\r\n【全年無休】遇氣候或其他因素調整，將於Fb 粉絲團及園區門口另行公告。', '02-28619862', 25.14247, 121.57068),
(57, '台北市', '北投區', '臺北市北投區湖山路二段26號', '陽明公園', 2, '陽明公園位在臺北市的北邊，距離市區大概17公里；日據時代這裡遍地茅草，因此叫做草山。臺灣光復後，為了紀念王陽明先生，1950年時，將「草山」改為「陽明山」，並設立陽明山管理局來開闢陽明公園。這座屬於大屯山群區，海拔445公尺的公園，後有七星山，左有紗帽山，右近大屯山，遠望觀音山層巒疊岫；氣候溫暖、濕潤，而且夏季涼爽，是個絕佳的避暑勝地，也是臺灣唯一有死火山地勢、硫磺氣孔跟溫泉自然景觀的地方。\r\n&nbsp;\r\n\r\n公園內種滿了梅、櫻、桃、李、杜鵑、茶花等各種花卉，每年春天櫻花盛開時，總吸引很多人上山賞花；加上一座由各式當季花卉組成的花鐘；如果您來到這，別忘了跟陽明山最具代表性的花鐘拍照留念。\r\n&nbsp;\r\n\r\n來陽明公園，可以春天賞花，夏天避暑，秋天觀賞芒花跟楓葉、冬天泡溫泉；陽明山四季不同的美景、樂趣，就等著您來挖寶！', '全天開放', '02-28616361', 25.15921, 121.54013),
(58, '台北市', '內湖區', '臺北市內湖區碧山路38號', '白石湖休閒農業區', 2, '白石湖－地名的由來\r\n說到「白石湖」，我們一定要先知道其地名的由來！據說早年先民將山區中相對低點開闊處，自然形成之山坳地勢，稱之為「湖」，同時當地盛產潔白的白色砂岩，「白石湖」這地名由此而生，所以「白石湖」，其實不是一座湖唷！清末光緒年間，在內湖山區設立了採石場，當時興建臺北府城牆即取材自此地，又因地勢險要，在清乾隆52(西元1787) 年3月期間，白石湖曾是林爽文抗清同黨人林小文與清軍作戰的古戰場，也曾為凱達格蘭里族社所居住。', '', '0975-638765', 25.10045, 121.58831),
(59, '台北市', '北投區', '臺北市北投區知行路360號', '關渡水岸公園', 1, '關渡地名來自於西班牙語的「Casidor」，只因日本人發音省去「S」所以變成今日的「關渡」。關渡在古老的時代中曾經是硫磺產地和出口中心，1895年時曾為軍事要塞，設有砲台，也曾遭受過隕石的攻擊，至今仍遺留疑似殞石的殘骸在關渡國小自強分校內。\r\n\r\n關渡水岸公園佔地遼闊，有人行步道、自行車道外，關渡碼頭也是「藍色公路」的乘船地點之一，分別駛向臺北大稻埕碼頭、淡水老街、八里左岸及漁人碼頭四條路線；從關渡河濱的自行車道，亦可北上淡水漁人碼頭，南下基隆河至社子島，串聯成一路美麗的風景。\r\n\r\n在這裡，有豐富的潮間帶生態可供觀察研究，午後、黃昏、夜晚，也各有許多不同的樣貌與景緻，尤其是淡水河的沿岸風光，和八里觀音山的黃昏美景，以及入夜後碼頭上炫目的景觀燈。', '', '02-27258149', 25.11735, 121.46322),
(60, '台北市', '內湖區', '臺北市內湖區大湖山莊街底號', '大溝溪生態治水園區', 2, '位於內湖區大湖山莊街底的大溝溪，是一條屬於自然型態的溪溝，從標高485公尺的白石湖山往下流，上游段兩岸大部分區域為次生林林相，下游段經圓覺瀑布流至住宅區排水系統，經過大湖山莊街的箱涵下水道匯入大湖公園，全區流域長約3,500公尺，集水面積340公頃。\r\n\r\n為兼顧安全及保育，內湖區大溝溪的整治，採用多孔隙的近自然工法設計施工，提供動植物生長棲息地，目前已孕育豐富的生態資源，根據大地工程處調查有台灣藍鵲、面天樹蛙、中國樹蟾、台灣黑星小灰蝶、端紫斑蝶、玉帶蔭蝶、拉都希氏赤蛙、小白鷺、五色鳥、黃斑鐘蟋蟀等，是一處絕佳戶外生態教室。', '', '02-27208889', 25.0889162, 121.5984903),
(61, '台北市', '大安區', '臺北市大安區新生南路二段1號', '大安森林公園', 2, '大安森林公園位於大安區，地處市中心，面積25.9293公頃，擁有「都市之肺」的美稱。\r\n\r\n園內主出入口廣場內花壇密植草花、觀葉植物，並結合佛像雕塑區及往南之竹林區(植有葫蘆竹、綠竹、金絲竹、桂竹及四方竹)連成具特色園景。公園西北側有一座自然水池，面積達0.7公頃，水池周圍及水中小島植有金露華、紅葉鐵莧、美人蕉、軟枝黃蟬，並飾以薜荔懸攀島內石壁，池中錦鯉魚游嬉其間，常常吸引遊人駐足池邊欣賞良久。', '全天開放', '02-27003830', 25.03244, 121.5349),
(62, '台北市', '士林區', '臺北市士林區中山北路與福林路交叉口', '福林公園', 2, '福林公園園內綠草如茵，走在蒼翠的林間，有如置身於山野田園，在繁華的都會，如此景色已漸成絕響，邀請您來趟視覺景觀之旅吧！', '', '02-28812512', 25.09481, 121.52904),
(63, '台北市', '士林區', '臺北市士林區菁山路101巷246 號', '擎天崗', 2, '擎天崗又稱太陽谷，其位於大屯山群彙的中央，及竹子山、七股山與頂山，磺嘴山之中間按部，地勢平坦，源於竹篙山熔岩所形成的階地。擎天崗地勢平坦，又有連綿的草原，綠草如茵，是觀察草原景觀最佳的自然教室。青綠綿延的草坡與渾圓矮生的樹叢步道是令人印象深刻，也成為陽明山國家公園中最受民眾歡迎的踏青去處。', '開放空間', '02-28615404', 25.16727, 121.57419),
(64, '台北市', '北投區', '臺北市北投區軍艦岩', '大屯山系_軍艦岩親山步道', 6, '軍艦岩位於石牌榮民總醫院正北方山區，海拔185.6公尺，登山步道約3公里，全線約5.7公里，步行時間約2小時7分鐘，為大屯山系的著名山嶺。嶺上突出的巨岩聳立在層層山巒間，乍看之下如同海上艦艇，因此得名軍艦岩。360度展望視野將台北盆地和環山景觀盡收眼底，除了士林、北投、石牌、天母等市區近景，放眼望去，關渡平原、觀音山、大屯山群峰、紗帽山、五指山等山巒美景，真是美不勝收。站在岩頂眺望，果真如登上「山中鐵達尼」--勁風一波波迎面襲來，還有四望無際的遼闊視界。', '開放空間', '02-27593001', 25.12731, 121.51872),
(65, '台北市', '中正區', '臺北市中正區汀州路三段2號', '臺北市客家文化主題公園', 5, '「臺北市客家文化主題公園」為臺北市民認識客家文化的據點與休憩場所，並提供臺北都會客家人一處群聚交流、展現生活記憶之處。園區內的「跨堤平台」設有人行步道及自行車引道，串連108公頃河濱綠地、臺大公館商圈、臺大水源校區、自來水園區、寶藏巖共生藝棧等區域，營造出公館水岸親水觀光軸帶，提供市民多元的休閒活動空間，體驗親水生活。', '週二至週日9:00 - 18:00，週一休館(其他休館日請參照館方公告)', '02-23691198', 25.02026, 121.52535),
(66, '台北市', '內湖區', '臺北市內湖區圓覺瀑布', '圓覺瀑布', 2, '圓覺瀑布', '', '02-27593001', 25.09755, 121.59459),
(67, '台北市', '大同區', '臺北市大同區歸綏街243號', '大稻埕公園', 2, '大稻埕公園位於歸綏街216號對面，鄰近為迪化街年貨大街，逢年過節時，有著濃厚之過節氣氛，平日也有豐富之南北雜貨飄香氣味；係因鄰近李臨秋先生故居，故文化局於園內設置李臨秋先生生平簡介播放機組，提供來往民眾觀看。', '開放空間', '02-27208889', 25.05836, 121.51052),
(68, '台北市', '文山區', '臺北市文山區景美街(景華街與景美街一帶，鄰近景美國小)', '景美夜市', 3, '多達數百家攤販的景美夜市，有30多年歷史，也是典型的傳統小吃，價格便宜。為了便於管理，將攤位全部集中在方形區域內。另一邊的『景美公有市場』，也是夜市的一部份，除了吃的，還有販賣服飾、CD、五金百貨等等，叫賣聲炒熱了市集的氣氛，隨意走走逛逛，就是一個悠閒的夜晚。', '每日18:00~24:00', '02-25505220', 24.99148, 121.54189),
(69, '台北市', '中正區', '臺北市中正區懷寧街、襄陽路、公園路、凱達格蘭大道口', '二二八和平公園', 5, '二二八和平公園位於臺北市公園路、襄陽路、懷寧街與凱達格蘭大道所圍成的街廓內，古典風格的都會公園，園內有日本庭園式造景池塘、拱橋、綠地步道及露天音樂臺，而台北二二八紀念館和紀念碑也設立在園區內。', '', '02-23897228', 25.04132, 121.51516),
(70, '台北市', '萬華區', '臺北市萬華區華中二疏散門入口', '新店溪河濱自行車道', 1, '這段由大稻埕碼頭沿著延平河濱公園所興建的自行車道，在遊騎之餘還可以走訪相鄰的文化古蹟，在動靜相宜的休閒活動中，既可強身還可陶醉於文化洗禮。周邊著名的文化觀光景點，如迪化街、霞海城隍廟、林柳新紀念偶戲博物館、酒泉街方向的臺北孔廟、保安宮等景點，從中體驗文化饗宴。', '開放空間', '02-27258149', 25.01641, 121.4953),
(71, '台北市', '內湖區', '臺北市內湖區內湖路三段60巷12弄與大湖街131巷間', '碧湖步道', 6, '位於大湖街131巷與內湖路三段60巷之間，碧湖步道是一條隱身社區住宅間的美麗步道，因生態豐富、具歷史產業意涵，便規劃為具教育與休憩功能的親山步道，周圍連接了大溝溪溪畔步道、圓覺寺步道與鯉魚山步道，交通方便，適合各個年齡層的遊客前來。大湖街131巷的步道口，有一座寫實的礦坑意象，有仿古的礦坑、鐵軌、煤車，就像到了真正的礦坑。', '', '02-27593001', 25.08943, 121.59299),
(72, '台北市', '士林區', '臺北市士林區平菁街42巷', '平等里櫻花', 2, '臺灣北部賞櫻地點幾乎都由陽明山平菁街的櫻花開始。每年1-2月間，可由士林區至善路3段71巷左轉進入陽明山，沿途可以欣賞到山櫻花開放，櫻花坐落於陽明山寧靜的巷弄內，而平等里內，有許多休閒觀光農園、有咖啡、茶點，可觀賞農作，可以吃農家菜，是休閒好去處。\r\n\r\n&nbsp;\r\n\r\n陽明山的櫻花種類有：緋寒櫻（山櫻花）、重瓣緋寒櫻（八重櫻）、吉野櫻、昭和櫻、大島櫻等。\r\n\r\n&nbsp;', '開放空間', '02-27593001', 25.12955, 121.5713),
(73, '台北市', '信義區', '臺北市信義區松山路657號', '永春陂生態濕地公園', 2, '永春陂公園原為軍方使用之永春陂營區，民國89年部隊移防至新店後閒置多年，並於民國105年變更為公園用地，後由臺北市政府工務局大地工程處規劃設計成為現在的永春陂生態濕地公園。', '', '02-27853819', 25.03253, 121.58007),
(74, '台北市', '中正區', '臺北市中正區永福橋至中正橋間', '古亭河濱公園', 2, '古亭河濱公園位於永福橋至中正橋間，公園面積約27.3公頃，綠地廣闊。單車從思源街沿著自來水博物館方向騎到底就可進入園區內，斜坡道種植灌木排列出「古亭河濱公園」字樣別具巧思。', '', '02-27258149', 25.02015, 121.52256),
(75, '台北市', '士林區', '臺北市士林區至善路2段221號旁', '原住民文化主題公園', 5, '臺北市外雙溪故宮博物院鄰近的公園，特別地規劃呈現原住民文化意象的主題風格，打造更有味道的原住民文化主題公園，包括各族人像石牌、少年與狗石像搗米人像、手紋像、人紋像、及大熊像、梅花鹿像、母與子石像等作品等，讓市民在臺北市內就可以接近原住民的生活；公園入口廣場寬闊氣勢擎天，向內沿著滿佈圖騰的圖騰地磚園路步行，進到湖畔水木棧廊道區，水邊種植落羽松群及多種水生植物如野薑花及睡蓮等，沿路以石板製成的石椅、石牆及各式圖騰地磚，配合生長的爛漫恣意的各式原生植物，營造一個含有豐富生態及展現原住民生活的意象', '', '02-28812512', 25.1016, 121.55077),
(76, '台北市', '松山區', '臺北市松山區連結饒河街與內湖區新明路', '彩虹橋', 2, '彩虹橋全長167公尺，是連接內湖區及松山區，橫跨基隆河的一座橋樑。造型特殊，由橋中央的四條主要鋼纜吊索支撐，橋的結構為S型的曲線橋體，鮮紅色鋼肋拱型梁結構，附屬設施為木質欄杆、粉紅及淡藍色地磚，為一座新穎的地標性公共設施。不論是白天還是夜晚，彩虹橋皆有不同的美。尤其是入夜後，彩虹橋上燈影投射，為臺北的夜景增添不少美麗，成為不少攝影愛好者捕捉臺北夜景的好題材。另外彩虹橋亦設置藍色公路終點站碼頭，吸引更多遊河觀光人潮，成為臺北市另一個觀光新地標。', '開放空間', '02-27258149', 25.05215, 121.57665),
(77, '台北市', '信義區', '臺北市信義區信義路五段150巷22弄', '南港山系_象山親山步道', 6, '象山海拔183公尺，步道全長1450公尺，全程約需1小時40分。因外形似象頭而得名，位於臺北盆地東南方的信義區，與虎山地質相同主要由砂岩組成，因造山作用步道中可見黃褐色陡峭的岩壁與巨石，加上自然環境生物、鳥類種類繁多，使得整座山如同一座天然生態樂園般，成為民眾接近淺山、享受戶外綠林悠閒時光的好去處。', '開放空間', '02-27593001', 25.0274, 121.57082),
(78, '台北市', '中正區', '臺北市中正區汀州路三段230巷14弄2號', '寶藏巖國際藝術村', 5, '位於公館水岸旁的「寶藏巖國際藝術村」其歷史軸線除了包含市定古蹟的寶藏巖寺，更泛指從此廟附近延伸出的歷史聚落，此聚落主要由60及70年代所興建的違章建築所形成。這些建築依山傍水而建，蜿蜒錯落且複雜，呈現臺灣特殊的聚落樣貌。\r\n\r\n2004年，寶藏巖正式被登錄為歷史建築，以聚落活化的形態保存下來。', '台北國際藝術村\r\n週二至週日 11:00 A.M. – 9:00 P.M.\r\n1F村落咖啡：週二至週日 11:00 a.m.-11:00 p.m.\r\n週一休館，週二至週日展覽僅開放至21:00\r\n開放時間僅限藝術村公共空間及展覽空間。', '02-23645313', 25.01073, 121.53225),
(79, '台北市', '中山區', '臺北市中山區濱江街7號水門', '迎風河濱公園', 1, '位於基隆河大直橋至中山高速公路間，面積約273,387平方公尺。 園區最大的特色就是設有專為狗兒們所設置的「迎風狗運動公園」，佔地約1公頃，以體重9公斤作為分野，分為大狗區和小狗區，並設置不鏽鋼圍欄、雙層門作為人犬防護措施，還有狗便清潔便利設施，以及8座休憩座椅和4座洗手足台，方便在一番玩鬧之後，讓主人洗手和狗狗洗腳之用。', '全天開放', '02-27258149', 25.07435, 121.54574),
(80, '台北市', '文山區', '臺北市文山區老泉街45巷29號', '樟山寺', 5, '興建於1931年的樟山寺，外觀樸實而穩重，寺內供奉觀世音菩薩，相傳民國初年時，一位住在樟湖附近的居民，在無意間發現一尊形似觀音菩薩的石像，於是便誠心供奉，後因祈福靈驗而信徒廣增，便由信徒斥資建廟，經過多次修建始成今貌。寺廟居高臨下，前方寬闊的廣場是眺望大台北市區的絕佳地點。附近有三條登山步道，每逢假日，登山客與香客絡繹不絕，是木柵茶區最著名的寺廟。\r\n\r\n二格山系著名寺廟除了指南宮外，就屬樟山寺最為出名，該寺埸視野極佳，台北盆地盡入眼簾，經常吸引登山健行遊客駐足遠眺，而且附近茶園遍佈，品茶遊客不斷，已成為民眾遊憩重要據點。', '開放空間', '02-29398966', 24.97299, 121.57938),
(81, '台北市', '內湖區', '臺北市內湖區堤頂大道一段', '彩虹河濱公園', 1, '彩虹河濱公園位於基隆河中山高速公路至麥帥一橋之間，彩虹橋橫跨於成美左、右岸河濱公園，紅色悠美的S型橋體是許多攝影者愛好的拍攝地點。\r\n\r\n在彩虹橋下的河濱廣場有情人們設計一系列的愛情主題造景，包括標示12種「我愛你」語文的情人步道、情人座椅、LOVE立體文字雕塑、愛情鎖等，歡迎情人們前來感受水岸浪漫氛圍。', '', '02-27258149', 25.05996, 121.57231),
(82, '台北市', '北投區', '臺北市北投區中山路2號', '北投公園', 2, '「北投」總是給人說不完的人文、傳說及故事，下了新北投捷運站，跟著裊裊的溫泉煙霧前行，前方滿是綠意的溫泉鄉美景，就是北投公園。首先映入眼簾的，是98年度完工的入口跳泉，每日固定時間隨著音樂，有著燈光及水泉飛舞，為北投這個具有豐富文化的老臺北地區，重新注入一股新生的活力，沿著光明路側，途經白千層及魯花樹等珍稀老樹，為即將滿百歲的北投公園見證他豐富的歷史。', '全天開放', '02-28832130', 25.13631, 121.50628),
(83, '台北市', '中山區', '臺北市中山區大佳碼頭', '大佳碼頭', 4, '大佳碼頭位於圓山基隆河左岸，圓山昔稱圓仔山，是大龍峒地形上的龍頭之地，由於基隆河流經，過去曾是海水進出的湖沼地區，經過開挖發掘的圓山遺址及貝塚，證明當時先民生活的位址。緊依著圓山的劍潭之地，因國姓爺鄭成功插劍水潭取水而得名，日據時期日人曾於今圓山飯店旁忠烈祠西側之地，興建臺灣神社及神宮外苑花園，由此可見其地理位置之重要性。\r\n\r\n\r\n\r\n', '開放空間', '02-27208889', 25.07588, 121.53742),
(84, '台北市', '南港區', '臺北市南港區研究院路四段', '麗山農民廣場_麗山公園', 2, '麗山農民廣場，對面即是封溪護魚有成的四分溪，大家也可順道漫步在雙心造型跳石及溪畔步道，一邊聆聽溪水潺潺，一邊欣賞落羽松美景，適合休閒假日安排前往，感受落羽松秘境及雙心跳石浪漫的氛圍，如果對四分溪封溪護魚的故事感到興趣，也歡迎聯繫久如社區發展協會安排一場生態導覽，感受自然的氣息與寓教於樂小旅行', '開放空間', '02-27593001', 25.02242, 121.59585),
(85, '台北市', '信義區', '臺北市信義區吳興街600巷100弄底', '糶米古道', 6, '糶（ㄊㄧㄠˋ）米古道的「糶」字，發音「ㄊ一ㄠˋ」，是「出售穀物」的意思。「糶米」，就是「賣米」的意思。清道光年間，三張犁地區的農民，為了節省運送時間與體力的保留，決定不走遠的平地道路，便開闢了這條山中小徑，總共五百個石階這條小徑的開拓，讓南港、木柵、深坑、景美等地米糧得以快速運送，也增加貿易之用', '全天', '02-27593001', 25.0152, 121.57312),
(86, '台北市', '南港區', '臺北市南港區研究院路三段245號', '南港山系_南港山縱走親山步道', 6, '南港山位於臺北盆地東郊，因與四獸山等支稜相連，而成為熱門的登山健行路線。從象山親山步道入口的靈雲宮牌樓進入，沿途石階完備平整，並有步道指引圖，沿線景觀以相思林為主，步道旁多處早覺會闢建的涼亭及坐椅設施，供山友休憩使用，可串連象山、虎山及麗山橋口親山步道同走。', '開放空間', '02-27593001', 25.03306, 121.60977),
(87, '台北市', '大安區', '臺北市大安區富陽街底、聯勤彈葯庫舊址', '富陽自然生態公園', 2, '富陽自然生態公園位於臺北市大安區富陽街底，離捷運麟光站僅5分鐘路程，由於公園受到長久軍事管制，隔絕人為干擾之故，整個山谷維持幾乎與百年多前同樣的生態景觀。園內林相豐富、蟲鳴鳥叫，保留低海拔森林及溪流等自然資源，是城市中難得的生態樂園。', '全天開放', '02-23032451', 25.01672, 121.5575),
(88, '台北市', '中山區', '臺北市中山區樂群一路基隆河基16號水門', '美堤河濱公園', 1, '位於基隆河大直橋至中山高速公路間，面積約456,163平方公尺。在這裡，白天可以遠眺大直橋及圓山飯店，不時還可以感受飛機的震撼，晚上大直橋及河岸的燈火雅緻迷人，漫步其間頗富情趣，是大直地區欣賞臺北市夜景和夜遊的最好去處。\r\n\r\n公園還規劃出一片「自然親水灣區」，除可增加物種的多樣性，亦可透過植物的吸附達到淨化水質的功能。提供市民一處可以生態教育，亦可以欣賞自然景觀之桃花源，有別於其他河濱公園的設備。', '', '02-25702330', 25.07538, 121.56087),
(89, '台北市', '南港區', '臺北市南港區經貿二路106巷', '三重世貿公園', 2, '公園內種植樟樹、苦楝、魚木、楓香、烏桕、青楓、杜英、鳳凰花、盾柱木、阿勃勒、光臘樹、山櫻花、昭和櫻、八重櫻等多種喬木，散發出多量的芬多精，彷彿置身於森林浴中，提供遊園民眾&ldquo;森呼吸&rdquo;。繁忙緊湊生活的步調下，不論您是附近上班族，或是特別來此一遊的民眾，都可得到視覺及聽覺心靈享受，保證不虛此行喔！', '全天開放', '02-27853819', 25.05791, 121.61528),
(90, '台北市', '松山區', '臺北市松山區基隆河左岸成美河濱公園內(松河街旁4號水門進入)', '錫口(彩虹)碼頭', 4, '松山地區於乾隆年間，古名為「錫口」。位於松河街四號水門處之錫口渡口，自古以來即為南北通商、貨物集散之地，曾繁華鼎盛為松山地區錫口文化發展精華之起始港口。\r\n\r\n民國98年臺北市政府為延伸藍色公路航線，於12月15日完成錫口碼頭之興建，並整修周邊護岸及親水步道整體景觀，並串連錫口碼頭與基4號疏散門間之人行步道。且錫口碼頭鄰近彩虹橋、松山慈祐宮、饒河觀光夜市等特色景點，有吃有玩將成為您心中另一個觀光新地標。', '全天開放', '02-27258149', 25.05151, 121.57648),
(91, '台北市', '北投區', '臺北市北投區竹子湖路69號', '陽明山溫泉區_小油坑', 2, '小油坑為一處後火山活動地質景觀區，由陽金公路的小觀音站右轉可達觀景步道，以「後火山作用」所形成之噴氣孔、硫磺結晶、溫泉及壯觀的崩塌地形最具特色。\r\n\r\n而在這裡的眺望平台還可遠眺竹子山、大屯山、七星山與小觀音山等火山錐體，以及金山海岸、停車場等。喜歡觀察植物的遊客，還可以用十幾分鐘的時間，一遊附近的箭竹林步道，觀察箭竹林、芒草原和火山植物。&nbsp;', '各旅館營業時間不同。', '02-28617024', 25.17669, 121.54683),
(92, '台北市', '內湖區', '臺北市內湖區金湖路268號', '五指山系_白鷺鷥山_康樂山_明舉山親山步道', 6, '白鷺鷥山、康樂山、明舉山這三座山在大湖公園與老樹的簇擁下，形成三段串連的親山步道，也是內湖區居民經常運動、健身、聚會的地方。\r\n\r\n白鷺鷥山親山步道\r\n白鷺鷥山親山步道為內湖大湖公園旁，這條步道因左彎右拐、蜿蜒繞行而上，因此又叫五十彎步道，通常走至半途就已分不清東西南北方向了，所以指北針在這時是相當好用的。', '開放空間', '02-27593001', 25.07526, 121.60137),
(93, '台北市', '內湖區', '臺北市內湖區同心池', '白石湖同心池', 2, '據說這裡是自然地形產生的湧泉，它內圈的土域及外圈的水域，水土齊心，象徵著情人永結同心，環繞生態濕地及親水平台，也強調水土保持的重要性。\r\n\r\n白石湖社區當初是以「找到幸福」為主題，將原本只是一處荒廢的湧泉，透過畫龍點睛的設計改造成雙心造型生態濕地湧泉的「同心池」，以及池畔休憩涼亭「永結亭」，讓生態濕地與親水平臺相互環繞，將水域及土域巧妙搭配，象徵水土齊心、情人「永結同心」，情人攜手來此浪漫出遊，必能為幸福加分。)\r\n\r\n', '', '02-27593001', 25.10054, 121.58904),
(94, '台北市', '南港區', '臺北市南港區南深路37 號', '山水綠生態公園', 2, '山水綠生態公園為南港的山豬窟垃圾衛生掩埋場掩埋區復育之公園，於民國102年10月27日開幕，公園面積達21公頃，是南港區第一大的公園綠地，也是市民休憩的好去處，為南港注入新的活力。園區內展望台在白天可遠眺南港市區及內湖山區，夜間則可欣賞國道3號及5號高速公路車行夜景，是全家大小親近自然、體驗生態的最佳休憩場所。', '每日上午六時至晚上十時', '02-26511434', 25.0296, 121.62131),
(95, '台北市', '北投區', '臺北市北投區關渡碼頭', '關渡碼頭', 4, '關渡原名甘豆門，因背倚觀音山和大屯山，面向淡水河，成為一處地勢險要的港口，早年先民由關渡碼頭進入移居臺灣北部開墾，因此關渡的開發甚早，後因兩河(基隆河、淡水河)河口泥沙淤積，水運才逐漸沒落。\r\n\r\n關渡碼頭位於關渡自然公園及關渡宮旁，每當假日或夜晚均可見遊客駐足關渡碼頭週邊散步休息，亦有許多單車族由八里經關渡大橋前來，或由淡水前來，沿途風光明媚，是一處極佳的賞景地點。\r\n\r\n\r\n\r\n\r\n\r\n\r\n', '開放空間', '02-27208889', 25.12093, 121.46192),
(96, '台北市', '中山區', '臺北市中山區玉門街33號', '圓山自然景觀公園', 2, '圓山自然景觀公園原為兒童育樂中心，於2014年關閉後經整建改名圓山自然景觀公園，目前該公園仍保留摩天輪及旋轉木馬，讓兒童育樂中心的回憶永遠存在民眾心中。', '', '02-25850192', 25.07255, 121.52073),
(97, '台北市', '大同區', '臺北市大同區堤外道路', '延平河濱公園', 2, '大稻埕碼頭(五號水門)設置了藍色公路乘船碼頭、咖啡廣場、唐山帆船，乘著自行車沿河北行，一路伴隨著陽明山景、淡水河夕照；對比著數座跨河大橋上的車陣川流，眼下的悠閒顯得格外難得。騎士們還可沿路走訪相鄰文化古蹟，包括大稻埕、迪化街、霞海城隍廟、臺北孔廟、大龍峒保安宮、永樂市場等景點，大稻埕昔日的繁華，也就能略窺一二。', '全天開放', '02-27258149', 25.05412, 121.50707),
(98, '台北市', '北投區', '臺北市北投區竹子湖', '竹子湖海芋季', 2, '海芋原產於南非，因為它的苞片盛開時有如倒立的馬蹄，而植株又如同蓮花般生長在水中因此被稱為「馬蹄蓮」。海芋花期自每年元月至五月，花量最盛期在三至四月。竹子湖海芋以白色海芋為主，白色部分形姿優雅的「佛焰苞」並非其花，苞片中央黃色的肉穗花序上開滿了許多毫不起眼的小花，雌雄分隔，井然有序。', '海芋季期間（以官方網站公告為主），逢假日（含週休二日）', '02-28924185', 25.1755, 121.53678),
(99, '台北市', '北投區', '臺北市北投區復興三路（白宮山莊旁）', '復興三路櫻花隧道', 2, '北投區大屯里復興三路著名的「櫻花隧道」，沿線緋豔花海，為早期北投區公所規劃栽種，經過多年的培育照顧及里辦公處、地方居民大力支持，形成今日絕美景緻，沿著復興三路直上白宮山莊，道路兩側於櫻花盛開時，浪漫綺麗、美景絕倫，走在落櫻繽紛的路上，香氛繚繞、觸目柔美絢麗，徜佯於櫻花緋紛下。', '開放空間', '02-27593001', 25.14896, 121.50449),
(100, '台北市', '士林區', '臺北市士林區大東路、大南路、文林路、基河路間與週邊', '士林觀光夜市', 3, '士林夜市是臺北市範圍最大的夜市，也是國外觀光客造訪臺北必遊的觀光夜市。', '', '02-25505220', 25.08787, 121.52408),
(101, '台北市', '萬華區', '臺北市萬華區西昌街189號', '西昌街觀光夜市', 3, '2010年電影「艋舺」許多場景都在龍山寺、青草巷、剝皮寮附近拍攝，進而帶動週邊的觀光熱潮，而西昌街夜市就位在龍山寺旁，這裡早期商業活動頻繁，近年經市府重新規劃攤位，將攤販集中於道路中央，靠近廣州街的攤販以販售服、百貨為主，而飲食小吃攤則集中在靠近桂林路的西昌街上，週邊知名小吃有豆花、青草茶、油飯、鍋貼等，到龍山寺拜拜祈福，不妨走一趟西昌街吧！', '每日18:00~24:00', '02-25505220', 25.03838, 121.5006),
(102, '台北市', '北投區', '臺北市北投區夢幻湖生態保護區', '夢幻湖', 2, '夢幻湖位於七星山東南麓，標高約870公尺，形成原因尚未明確，可能是火口湖，也可能是噴氣孔造成的凹地積水，或是火山間窪地所造成。湖中生長著一種稀有的水生蕨類-台灣水韭，是世界上水韭生長緯度很低的地區，此種植物極為稀有，為了保護這種國寶級的水生蕨類，所以將夢幻湖劃設為生態保護區。\r\n\r\n一般遊客禁止進入湖區，湖旁設有平台供觀景展望。此處秋冬少雨、湖面常見乾涸，春夏霪雨霏霏，當雨季或豪雨過後，可見湖水滿溢，如遇山嵐霧氣籠罩，湖色山影雲霧縹緲，景緻如夢似幻。', '', '02-28613601', 25.16699, 121.55956),
(103, '台北市', '中山區', '臺北市中山區林安泰疏散門', '基隆河河濱自行車道', 1, '大佳河濱公園是屬河床填土後的新生地，放眼望去盡是綠野草皮，靠西之地建設成都會型綠化公園，其中以中山橋到大直橋間段的親水公園最具特色，地標「希望之泉」的噴泉設計，高達25層樓高的扇形噴泉水幕，精采的水舞、夜晚亮麗的五彩霓虹燈光，整個河濱之地瞬間成為繽紛亮麗，背景在圓山飯店古典輝煌的紅色建築陪襯下，景致格外好看、令人難忘，可以說是市區閤家老少、戀愛男女朋友約會的最佳去處。', '全天開放', '02-27258149', 25.07301, 121.52956),
(104, '台北市', '北投區', '臺北市北投區竹子湖路52號', '竹子湖', 2, '竹子湖位於陽明山國家公園核心區，海拔約650-670公尺，其北側為小觀音山、東依著七星山、西靠臨大屯山、向南則敞開一覽無遺地俯瞰臺北盆地。其原是35萬年前火山噴發造成的「堰塞湖」，因侵蝕作用產生缺口，湖水逐漸流失枯竭形成一處窪地。另有在地古老傳說，因山間盆地一帶早期簇生著箭竹林，山頂吹下的山風搖動箭竹林的景象，彷彿是湖水盪漾，因此稱之為竹子湖。', '', '02-28613601', 25.1755, 121.53677),
(105, '台北市', '文山區', '臺北市文山區樟樹步道', '貓空樟樹步道', 6, '樟樹步道前身為貓空地區四通八達的保甲路線之一，近年搖身一變成為當地最具特色及熱門的登山步道。沿途以營造古樸的農村風情為主題，如相思炭窯、豬舍、牛車、茶園、埤塘、穀倉、土角厝、茶園、菜園等羅列其中，蘊含著當地人文歷史、隨著季節、花卉、作物收成，步道呈現多元豐富的面貌，值得民眾前來品味體驗。', '', '02-27593001', 24.9675, 121.58666),
(106, '台北市', '內湖區', '臺北市內湖區龍船岩步道', '龍船岩步道', 6, '「龍船岩步道」入口由內湖區碧山路 62號，沿著石板路步道走，全長只有600公尺，沿途是觀察生態的好地方。\r\n\r\n「龍船岩」位於開眼山稜線的下方，是一塊白色石英裸露岩，標高 300公尺，因形似一艘龍舟，所以當地人都稱它為「石船」，又稱「龍船岩」。龍船岩因為位於山脊線上，站在岩石上一邊是90度懸崖，一邊是45度峭壁，請注意自身安全。站在岩頂上可遠眺石崁山與開眼山，一片天際遼闊，令人流連忘返遠離都市喧囂，而其周邊田園景色優美繁多，別有一番鄉野氣息，令人心曠神怡。', '', '02-27593001', 25.10351, 121.59639),
(107, '台北市', '中正區', '臺北市中正區中山北路一段46號', '逸仙公園', 2, '逸仙公園位於臺北車站附近，又名國父史蹟紀念館。該公園為紀念孫中山的小巧公園。中華民國選擇此處作為紀念國父的公園之一，主要原因是該地為孫逸仙於1913年來臺時下榻的料亭。\r\n\r\n該料亭亦為當年臺灣總督佐久間左馬太與孫逸仙會談政情的場所。1907年知名導演高松豐次郎接受臺灣總督府委託，所拍攝的電影《台灣實況紹介》中，還把梅屋敷的高砂族所扮演之日本藝妓表演列為臺灣廿景之一。', '', '02-23813359', 25.04774, 121.52007),
(108, '台北市', '北投區', '臺北市北投區關渡路55號', '關渡自然公園', 2, '關渡自然公園位處淡水河及基隆河的交會口，自古以來，即是重要的候鳥棲地。除了保持濕地自然環境之外，也提供市民及遊客一處體驗自然、假日休閒的好去處。', '夏令時間（4 - 9月）    \r\n中心 09:00-17:00 (假日到18:00)\r\n戶外 09:00-17:30 (假日到18:30)\r\n冬令時間 ( 10-3月 )\r\n非假日：9:00-17:00\r\n假    日：9:00-17:30\r\n\r\n', '02-28587417', 25.1189, 121.4708),
(109, '台北市', '士林區', '臺北市士林區環河北路三段', '葫蘆國小跨堤人行陸橋', 2, '位於葫蘆國小附近的跨堤人行陸橋，因其波浪狀起伏的地面、兩側的玻璃橋面及頂部延伸整座陸橋的Z字形鋼筋有別於一般陸橋設計，整體特殊的造型吸引到社群網美及攝影愛好者的注意，使得葫蘆國小跨堤人行陸橋成為了熱門的打卡地標。\r\n\r\n天橋建議白天日光充足時前往拍攝，可順道至圓山、劍潭、士林、社子島...等周邊景點順遊，來一趟網美美拍一日遊。', '', '02-27208889', 25.08332, 121.5065),
(110, '台北市', '北投區', '臺北市北投區紗帽路117號', '前山公園', 2, '前山公園位於陽明山區，前山四號公園以紗帽山圓丘形的火山體為概念，利用在陽明山生長良好之紫藤花，創造和紗帽山造型前後呼應之景觀，並以綠色圓丘作為陽明山新的入口意象，當紫藤花盛開時，行走其間可陶醉於紫色浪漫美景。', '開放空間', '02-28616361', 25.14964, 121.54811),
(111, '台北市', '大安區', '臺北市大安區辛亥路三段、興隆超市旁(福州山)', '福州山公園', 2, '公園處於90年間接管福州山公園，並於93年度編列預算辦理地上物拆除，陸續拆除地上物後以保持原始風貌方式綠美化，並參考山友意見增建涼亭，與原有公園連成一氣，讓臺北市民又添新衣，多一處休閒最佳去處。', '', '02-23032451', 25.01601, 121.55484),
(112, '台北市', '中山區', '臺北市中山區民權東路三段1號', '榮星花園公園', 2, '榮星花園公園除保留民眾拍攝婚紗的九重葛花廊、瑠公圳自然濕地生態池、營造水景表演舞臺、西南側晨昏使用的樹蔭廣場，提供不同時段跳舞、打太極拳、東北區陽光草坪、楓香枕木林道、休閒園路、景觀荷花池、木棧道、兒童遊憩區、籃球場、紅磚土跑道、有造型的管理服務中心、三座舒適之公廁、多人使用之涼亭，提供下棋談天等優質的遊憩及活動空間。', '全天開放', '02-25850192', 25.06337, 121.53886),
(113, '台北市', '大同區', '臺北市大同區錦西街51號對面', '蔣渭水紀念公園', 5, '蔣渭水紀念公園原名為「錦西公園」，位於大稻埕地區，面積計5,060平方公尺，為大同區面積最大之鄰里公園。\r\n\r\n蔣渭水先生為臺灣民主鬥士及文化先鋒，一生事蹟多發生於大稻埕地區，如創設大安醫院、創立文化協會及成立民報總批發處等，臺北市政府為紀念蔣渭水先生，將鄰近之錦西公園更名為「蔣渭水紀念公園」。', '開放空間', '02-25850192', 25.05995, 121.51674),
(114, '台北市', '中正區', '基隆市中正區平一路360號', '和平島公園', 2, '和平島原名社寮島，位於基隆東北一禹，是基隆港的門戶，同時也是北台灣最早有西方人足跡的地方，亦是基隆最早有漢人入墾的所在地之一。最著名的則是「豆腐岩」和「萬人堆」（蕈狀石）地形景觀，各種不同的海蝕地形，是小朋友們戶外教學最喜歡來的地方，不僅可以真實看到課本上的圖片，也能實際的感受到自然的力量。', '5月-10月｜08:00-19:00\r\n\r\n11月-4月｜08:00-18:00\r\n\r\n閉園前1小時停止售票。\r\n​全年無休，特殊情況另行公布。\r\n', '02-24635452', 25.16063, 121.76385),
(115, '台北市', '中正區', '基隆市中正區義一路21號', '碧砂漁港', 4, '碧砂漁港原屬八斗子漁港的一部分，正好碰上近年來觀光產業興盛，所以逐漸朝觀光休閒漁港的方向發展，之後便在民國78年設立了全國第一處示範性的魚產直銷中心，規畫相當的完善，在此可以挑選購買到琳瑯滿目的海鮮，各類生猛海鮮保證新鮮，尤其是初秋時分的螃蟹，品質完全不輸給中國的大閘蟹，更是知味老饕的最愛。', '開放式空間，無時間限制', '02-24274830', 25.1326589, 121.7453412),
(116, '台北市', '仁愛區', '基隆市仁愛區仁三路', '基隆廟口', 3, '基隆廟口位於基隆市區，交通地理位置方便距離火車站及客運站只需要十分鐘步程，因為交通便利、美食及文化多元也被觀光遊客所喜愛，基隆廟口更被觀光局評選為「最友善的夜市」及「最美味的夜市」。', '以照各店家營業時間為主', '02-24287664', 25.1282493, 121.7435249),
(117, '新北市', '三重區', '新北市三重區疏洪16路', '大臺北都會公園_幸福水漾公園', 2, '\r\n以大面積的開闊地景為規劃主軸，藉由拓寬既有中央水渠營造主要景觀水域，以緩坡花海主題公園為主景。幸福水漾花園內的特色景點，更是拍攝戀人紀念照片的最佳場所，幸福儷影雙行、情定I LOVE U、花蝶倩影、蜿蜒小徑旁的戀人排鐘，都是留下雙雙戀影最佳的地點。\r\n\r\n更別忘了來到舞台區旁最明顯的地標「愛戀終森」，在老樹環繞的鐘塔下輕敲一下銅鐘，便可向世人宣告你倆的愛情，尋找魔法般的愛戀幸福，並透過幸福的鐘聲，找到終身幸福。園內溪流從中流竄，營造出親水的空間，及不同的花卉呈現出不同的風情。幸福甜蜜、色彩豐富的裝置藝術，如果天氣好的話，藍天白雲加上綠地，非常適合拍照。晚上的時候有城市的燈光點綴氣氛更迷人。', '全天開放', '02-89699596', 25.06062, 121.47858),
(118, '新北市', '淡水區', '新北市淡水區水源里北新路三段36號', '無極天元宮', 5, '「淡水天元宮」位於大屯山脈西北邊，距離淡水市區、淡水捷運站約5公里路程，在西元1985年落成，正殿供奉無極老祖，主神為玉皇大帝；1992年增建「無極天元真壇」，高為200公尺，樓高五層樓、圓形的建築外觀直徑高達108公尺，非常雄偉及壯觀，每個殿供奉無極界的諸位先佛，櫻花季時雄偉的天壇與櫻花相互映襯，非常值得一訪。', '', '02-26212759、02-26219159', 25.18655, 121.48472),
(119, '新北市', '新莊區', '新北市新莊區思源路', '新莊廟街夜市', 3, '在艋舺尚未興起前，新莊曾是繁華的商賈聚集地，當時有「一府、二鹿、三新莊」的稱號，只不過後期才因河港淤積而被艋舺取代，雖經世代更迭，已不再是水路要地，但熱鬧的風采未減，廟街夜市擁有許多具代表性的小吃攤販，都是相當令人懷念的古早味。', '全日開放，依各店家營業時間為主。', '02-29929891', 25.04919, 121.46008),
(120, '新北市', '貢寮區', '新北市貢寮區和美街48號', '龍洞四季灣', 4, '龍洞四季灣在一年四季都有不同的度假氛圍和主題，露天海水游泳池則是由天然海蝕平台改建而成，開放時間為5月中旬至9月底，可享受海天環抱的樂趣，並體驗與海洋生物共遊的樂趣。春天可遠眺海中鯨豚遨遊，夏天可體驗清涼泳池與出海船潛，秋天可在周圍步道進行漫步知性之旅，冬天則可泡個暖心海水湯。', '', '02-24909258', 25.101651283005, 121.91837444901),
(121, '新北市', '三重區', '新北市三重區忠孝碼頭', '忠孝碼頭', 4, '忠孝碼頭位於三重區忠孝橋下游約300公尺處，與對岸臺北市大稻埕碼頭相鄰望。主要特色為8枝鮮明色彩之固定樁，樁頂設有雁鴨造型之風速計裝置，以呼應鄰近華江雁鴨保護區主題，傍晚時分碼頭邊的景色美輪美奐，可看到風采萬千的雲彩變換。', '全年開放', '02-29603456', 25.05627, 121.49994),
(122, '新北市', '貢寮區', '新北市貢寮區福隆街42號', '福隆海水浴場', 4, '福隆貢寮一帶的海岸線佈滿了細軟金黃的海砂，優美的弧型海灘，配上藍天碧海，讓福隆博得黃金海岸的美譽，雙溪河在此入海，形成內河、外海的雙重景觀，彎月型的彩虹橋連結兩處，內河河面寬廣、水流平穩，適合從事風帆、獨木舟、拖曳傘等活動，外海的海水浴場寬約60公尺，長約3000公尺，可從事游泳、戲水、灘地活動等，絕對是夏日玩水的最佳消暑去處。此', '', '02-24991210', 25.02168, 121.94421),
(123, '新北市', '金山區', '新北市金山區金包里街', '金包里老街', 3, '金山老街又名金包里老街，是目前北海岸僅存的清代老街，已有三百多年的歷史，是金包里住民以前主要的農產、漁獲集散地。來到金包里老街，絕對不能錯過的就是，廣安宮廟口的超人氣鴨肉攤，自助式的端菜文化更形成本地特殊的景觀。來金山老街不論愛吃甜或鹹，都能滿足大眾的味蕾。', '全日開放，依各店家營業時間為主。', '02-24927080', 25.22182, 121.63827),
(124, '新北市', '三峽區', '新北市三峽區秀川里長福街1號', '三峽祖師廟', 5, '位在三峽老街附近的清水祖師廟香火鼎盛，主奉清水祖師，草創於乾隆三十四年（西元1769年），民國三十六年祖師廟因年久而斑駁失修，便推舉李梅樹教授為重建工程的美術設計及工程指導，廟中眾多華美的石雕、木雕等，皆融合不同流派的匠師與當代藝術家的作品風格，可見當時精湛的工藝與美學，因而贏得「民間藝術殿堂」、「東方藝術殿堂」的美譽', '04:00~22:00', '02-26711031', 24.93401, 121.37024),
(125, '新北市', '三峽區', '新北市三峽區民權街', '三峽老街', 3, '以金牛角著名的三峽老街，又稱三角涌老街，自清朝以來即為繁榮的商業大街，日治時期經街道整頓後，新洋樓日漸興起，呈現三峽榮景。如今，踏入古樸的三峽老街，就像走進了時光隧道，綿延的紅磚拱廊與巴洛克式牌樓，形成老街獨特意象。', '全日開放，依各店家營業時間為主。', '0985-296943', 24.93136, 121.36835),
(126, '新北市', '鶯歌區', '新北市鶯歌區文化路、尖山埔路', '鶯歌老街', 3, '臺灣景德鎮、陶瓷最佳代言詞 ，非鶯歌莫屬。鶯歌老街不論是街景塑造、路口意象的設計或交通指示系統的再設計，都在在凸顯商圈的特有氣息。「點土成金」是鶯歌最大成就，許多特色風格的陶藝精品店主要集中在陶瓷老街與陶瓷觀光街。另外不可忽略的尖山埔路，是陶瓷發源地，附近仍保留了當時燒煤必用的方型煙囪!', '全日開放，依各店家營業時間為主。', '02-26780202', 24.95221, 121.3517),
(127, '新北市', '深坑區', '新北市深坑區深坑老街', '深坑老街', 3, '深坑，一個距離有點遠又不太遠的遠離市區商圈，是個半日遊的好選擇！看到入口的大茄冬樹，就知道老街已經抵達，搭客運、公車也都十分便利。因為清澈的水質以及特殊鹽滷製法所製作的豆腐，其炭味口感吸引了許多饕客，成為一般人熟知的「豆腐故鄉」，也因此造就了老街的繁榮。', '全日開放，依各店家營業時間為主。', '02-26623116', 25.00144, 121.61417),
(128, '新北市', '平溪區', '新北市平溪區菁桐里菁桐老街', '菁桐老街', 3, '菁桐最熱鬧的老街，就在菁桐車站出口處，除了本身是日式木造車站，這裡的特色景點還有全世界唯一天燈造型的「菁桐電子天燈館」建築結合平溪天燈文化的特色，融入當地的地景與天際線，如同一盞祈福的天燈佇立在菁桐老街的尾端，微微的在平溪發光祈福！', '全日開放，依各店家營業時間為主。', '02-24951510', 25.02386, 121.72371),
(129, '新北市', '平溪區', '新北市平溪區平溪區靜安路二段', '平溪老街', 3, '平溪老街有著古樸的風味，沿著斜斜的山坡以及鐵道兩旁，可看見依序建蓋的古厝房舍，也是臺灣賣座電影《那些年，我們一起追的女孩》男女主角放天燈許願的名場景，附近的商家大多是傳統柑仔店、五金行、小吃店等，可以看出當地居民簡樸的生活日常', '全日開放，依各店家營業時間為主。', '02-24951510', 25.02531, 121.73882),
(130, '新北市', '平溪區', '新北市平溪區十分老街', '十分老街', 3, '新北市平溪區的十分，堪稱開發最早，也是規模最大的聚落，一條因開採煤礦而興建的鐵路支線「平溪線」，沿著基隆河河谷蜿蜒，在採礦落沒的匆匆歲月洗禮後，串起了十分、平溪、菁桐等幾個饒富風味的老街，這裡的主要特色在於老街和火車鐵軌是相連的，可以體驗「火車門前過」的新奇感受，以及走在鐵軌旁逛街的趣味，也是很多電影、偶像劇取景的知名景點。', '全日開放，依各店家營業時間為主。', ' 02-24951510', 25.0431, 121.77672),
(131, '新北市', '瑞芳區', '新北市瑞芳區柴寮路70號', '猴硐貓村', 2, '位在「猴硐車站」旁的「猴硐貓村」，是新北市有名的觀光景點之一，更曾獲CNN推薦為全球六大賞貓景點。這裡的貓咪在居民照顧下乾淨又不怕人，是相機底下的最佳貓model。', '全日開放，依各店家營業時間為主。', '02-24971266', 25.08705, 121.82722),
(132, '新北市', '瑞芳區', '新北市瑞芳區基山街', '九份老街', 2, '早期盛產金礦的九份，有「黃金山城」的美稱，聚落因採金人潮湧入而繁華，後隨淘金沒落而寧靜。1980年代末，電影《悲情城市》來到九份取景，九份的山海之美、復古建築與獨特的坡地景觀躍上大螢幕，成為令國內外旅客著迷的唯美山城。', '全日開放，依各店家營業時間為主。', '02-24063270', 25.10987, 121.84518),
(133, '新北市', '瑞芳區', '新北市瑞芳區金瓜石金光路8號', '新北市立黃金博物館', 5, '金瓜石礦業歷史與黃金為主題核心，並整合金瓜石地區的聚落樣貌、採礦歷史、在地文化與生態景觀，而黃金博物館為國內第一座以生態博物館為理念的博物館。', '開館時間：週一～週五09:30~17:00，週六，週日及國定假日09:30~18:00\r\n售票時間：週一～週五09:30~16:30，週六，週日及國定假日09:30~17:30 。\r\n\r\n休館時間：\r\n每月第一個星期一(若適逢國定假日照常開放)、農曆除夕、年初一、政府公告之天然災害停止上班日，其他必要之休館日將另行公告。', '02-24962800', 25.10842, 121.8562),
(134, '新北市', '瑞芳區', '新北市瑞芳區濂洞里洞頂路155-8號', '水湳洞遊客中心_山城美館', 2, '水湳洞的濂洞社區是採礦時期，日人規劃建置的宿舍群落，屋舍排列整齊，有完整的自來水系統、消防設備、郵局、派出所、醫院、供應社等，生活機能完整。', '遊客中心：9:00-18:00 \r\n山城美館：9:30-17:30 (週一公休)\r\n展演藝廊(山城美館)：每日9:30-17:30 \r\n公休日：每星期一公休(如遇農曆春節及中秋等節日，公休日另行公告) \r\n\r\n', '02-24961588', 25.12188, 121.86163),
(135, '新北市', '板橋區', '新北市板橋區南雅東路', '板橋湳雅觀光夜市', 3, '位於板橋南雅東路內的湳雅夜市，又稱為板橋觀光夜市。由於緊臨板橋舊火車站旁，故一直是十分熱鬧。夜市內著有的小吃有蚵仔專賣店、藥燉土虱、臭臭鍋豆腐、好吃麻油雞等，由小吃帶動地區繁榮，連同附近的商家也是燈火輝煌、人潮洶湧。', '全年無休。周一至周日下午05:00至凌晨02:00止。', '02-22765006', 25.00664, 121.45415),
(136, '新北市', '板橋區', '新北市板橋區西門街9號', '國定古蹟林本源園邸', 5, '現存超過百年的林本源園邸，為清朝時期林家的租館，後由林國華、林國芳兩兄弟擴建，經過戰火洗禮與百年風霜，雖幾度呈現斑駁痕跡，但在政府的修復下，再度以精雕細琢的建築形貌，帶給旅客濃濃復古情懷。', '09:00~17:00\r\n每月第一個週一休園，遇國定假日照常開放，改隔日休。', '02-29653061', 25.01112, 121.4546),
(137, '新北市', '板橋區', '新北市板橋區重慶路1號', '板橋後站商圈_府中商圈', 3, '。府中商圈集合精品時尚、流行文化和多元美食於一體，是新北市境內唯一與現代、流行及年輕族群接軌的商圈，加上鄰近三鐵共構的板橋車站，串聯週邊商場、美食，結合新舊商圈不同的特性，創造出老少咸宜的休閒購物環境。自2011年起府中商圈舉辦全臺最大的萬聖節變裝派對，吸引許多人從外地特地趕來參加，除了各種競賽活動外，現場還有樂團表演、闖關遊戲等，使整個商街瀰漫熱鬧的萬聖節氣氛。', '全日開放，依各店家營業時間為主。', '02-29686911', 25.00824, 121.46049),
(139, '新北市', '烏來區', '新北市烏來區烏來瀑布16號', '烏來瀑布', 2, '烏來瀑布是北台灣落差最大的瀑布，在日治時期被列為台灣八景之一，更有「雲來之瀧」的美名。雨量豐沛時，烏來瀑布會形成兩道飛泉，從山谷中飛流直下，展現氣勢磅礡之美；春季更可以欣賞瀑布旁綻放的朵朵粉嫩櫻花，點綴瀑布山林。搭乘台車、纜車，玩翻烏來到烏來，一定要搭乘目前全台僅存台車鐵道&mdash;烏來台車！烏來台車是早期運送木材的鐵路台車，於1963年改為觀光用途，旅客可透過開放式車窗門板吸收山林芬多精、飽覽山巒風光，而烏來瀑布就位於台車終點站，可近距離觀賞烏來瀑布，享受被群山與瀑布包圍的悠閒氣氛。', '纜車資訊：上午8：30開始每隔10~15分鐘對開一班下午22：00最末班車\r\n', '02-26616942', 24.84744642911, 121.55194580555),
(140, '新北市', '烏來區', '新北市烏來區烏來街', '烏來老街', 3, '「烏來老街」指的就是烏來街、瀑布路與環山道路一帶，店家招牌樣式統一，看起相當整齊，而且大部分的商店都以原住民特色來發揮，所以遊客可以品嚐到原住民風味的山產美食，像是碳烤山豬肉、溫泉蛋、月桃飯、竹筒飯、馬告料理、山蘇、珠蔥等，都是其他地方少見的原住民風味料理，另外，還有小米酒、小米麻糬等特產，也都很適合分送給親朋好友當伴手禮，同時在這裡也可以觀賞到山地歌舞表演，感受原住民的熱情活力。', '全日開放，依各店家營業時間為主。', '02-26616442', 24.86415, 121.55162),
(141, '新北市', '新店區', '新北市新店區碧潭風景區', '碧潭風景區', 2, '昔為「台灣八景十二勝」之一的碧潭，其命名原因有多種說法，有一說是因為湖水澄碧，另有一說是水岸邊壯麗的石壁，不論是何種說法，都描述了碧潭的令人心醉的湖光山色。', '全年開放', '', 24.95599, 121.5365),
(142, '新北市', '八里區', '新北市八里區渡船頭街', '八里渡船頭老街', 3, '八里比淡水還早開港，是臺北早前與大陸通商的港口，商業繁盛時期甚至有13個行郊，用以應付各式貿易需求，十三行象徵八里燦爛美好的時期，也被考古學家用來稱呼近年發現的新石器文化遺跡。交通便捷的八里，可以從淡水搭渡船，也可以沿淡水河岸騎腳踏車抵達，大片的綠地、露天咖啡座和造形獨特的博物館，讓八里脫胎換骨，搖身成為新北市的休閒新左岸', '全日開放，依各店家營業時間為主。', '02-26102621 ', 25.15844, 121.43471),
(143, '新北市', '淡水區', '新北市淡水區中正路、重建街、清水街一帶', '淡水老街', 3, '從淡水捷運站走出來右轉，中正路及延伸的重建街、清水街一帶，就是鼎鼎大名的淡水老街。「淡水老街」不僅早已是全台知名熱門景點，同時也吸引不少外國人慕名而來。這裡街道兩旁林立熱鬧商店，有濃濃古早味的餅舖、雜貨店，也有賣潮流服飾、玩具。', '全日開放，依各店家營業時間為主。', '02-26267613', 25.16937, 121.44351),
(144, '新北市', '八里區', '新北市八里區博物館路200號', '新北市立十三行博物館', 5, '位在八里的十三行博物館是臺灣第一個考古博物館，，是目前臺灣唯一確定擁有煉鐵技術的史前居民。不但是北臺灣唯一的考古博物館，也是新北市第一所榮獲環境教育場域認證的博物館。', '', '02-26191313', 25.15687, 121.40486),
(145, '新北市', '淡水區', '新北市淡水區真理街15號', '小白宮_前清淡水關稅務司官邸', 5, '「前清淡水關稅務司官邸」又名「小白宮」，興建於1862年，已有百年以上歷史，取名自外觀搶眼的西班牙式白色建築。位於昔稱的「砲臺埔」地區，為淡水河口數來第二個山崗位置的至高處。到小白宮一定要看整齊排列的「半圓拱門」，當陽光灑下來，白色建築會更顯潔白優雅，這片簡約的西班牙白堊迴廊式建築，極受寫真族青睞，也是「婚紗攝影」的熱門首選。在庭園的觀景台可鳥瞰淡水河美景，內部則展出官邸歷史與淡水地區過往照片，整體建築物以白為基底，搭配橘色屋頂，在藍天襯托下十分耀眼，加上圓拱式廊道設計，更增添許多浪漫風情。', '09:30~17:00（週一~週五）\r\n09:30~18:00（週六~週日）\r\n每月第一個星期一、農曆除夕、初一休館', '02-26282865', 25.1742, 121.43627),
(146, '新北市', '萬里區', '新北市萬里區野柳里港東路167-1號', '野柳地質公園', 2, '擁有奇岩美石的野柳地質公園，是大屯山餘脈延伸至海中的岬角，受到風化、海蝕及地殼運動等作用，造就了蕈狀岩、海蝕洞、豆腐石、燭狀岩及壺穴等奇景，是揚名國際的天然風景名勝地。其中，「女王頭」更是野柳具代表性的地標與熱門打卡點；「俏皮公主」則有著如綁著馬尾般的造型，被譽為女王頭的接班人。', '園區開放時間：每日全區開放，上午8:00至下午5:00，除依「天然災害停止辦公及上課作業辦法」規定，新北市政府決定停止公告或上課之起止時間。\r\n\r\n依「災害防救法」等規定，中央及地方政府災害應變中心指揮官，於災害應變之必要範圍內，劃定本園區範圍，需限制或禁止人民進入或命其離去。\r\n\r\n其他經北觀處或經營管理單位視園區實際狀況，足以影響遊客安全時必須全部或部分封閉。', '02-24922016', 25.2036, 121.689),
(147, '新北市', '淡水區', '新北市淡水區馬偕街8號', '淡水禮拜堂', 5, '淡水為北臺灣基督長老教會發展的根據地，而功勞最大者首當加拿大長老教會馬偕牧師。馬偕博士於西元1872年3月9日抵達淡水後，就積極地展開傳教的工作。也學習閩南語和地方文化，而原租賃的房子，不但是作為醫院，也是傳教的地方。', '外部開放參觀，內部不開放。', '02-26214043', 25.17201, 121.43844),
(148, '新北市', '淡水區', '新北市淡水區觀海路199號', '淡水漁人碼頭', 4, '漁人碼頭位於淡水河出海口右岸，舊名淡水第二漁港，以夕陽餘暉著稱。來到漁人碼頭，除了賞夕陽之外，必走招牌地標情人橋、搭渡輪走藍色公路或沿著原木棧道賞漁港風景，亦可登上情人塔將淡水景緻一覽無遺。碼頭沿岸的原木棧道與堤岸咖啡，更是情侶約會時不可錯過的絕佳景點。', '', '02-26212830', 25.182056359362, 121.41173869371),
(149, '新北市', '淡水區', '新北市淡水區中正路28巷1號', '新北市立淡水古蹟博物館_紅毛城', 5, '屹立於淡水三百餘年的紅毛城以亮眼的朱紅色外牆為其特色，園區裡有荷西時代、清領時期以及日據時代的建物，是臺灣現存古老的建築之一，於1984年底開放參觀的紅毛城古蹟區，包括了城堡式的主堡、洋樓式的領事官邸及清代城門的南門等；其建築同時兼具軍事防守、領事辦公及地牢等不同的功能。沿著拱圈迴廊走至紅毛城前廣場，向外眺望淡水河與觀音山的景色，淡水八景之一的「戍臺夕照」即座落於此，落日餘暉之美不容錯過。', '週一至週五 9:30—17:00\r\n週六至週日 9:30—18:00\r\n休館時間：\r\n\r\n每月第一個星期一（逢國定假日照常開放，翌日休館）、農曆除夕、年初一、政府公告之天然災害停止上班日，其他必要之休館日將另行公告。', '02-26231001', 25.17528, 121.433),
(150, '新北市', '貢寮區', '新北市貢寮區桃源谷', '桃源谷', 2, '碧草連天的桃源谷，擁有綿延數公里的遼闊草原，在地狹人稠的臺灣，此地宛若一片與世無爭的世外桃源，遺世而獨立。桃源谷舊名為綑牛仔山，是早期農閒時，孩童放牧與嬉戲之地，秋冬季節，滿山的芒花在山風與海風吹拂之下，構成一幅清新秀麗的牧野風情畫。山海交會的桃花源\r\n桃源谷，顧名思義是武陵人的桃花源頭，有著置身世外的安詳與寧靜，再配上幾戶人家，炊煙裊裊、雞犬相聞的景象，叫人忘卻塵囂。桃源谷位於新北與宜蘭的交界處上，屬於雪山山脈的尾稜，向新北方向望去，綠草如茵、疊嶺層巒；向東遙望宜蘭，沉浸於太平洋與龜山島的美景之中，山海交錯，如詩如畫。', '全年開放', '03-9780727', 24.944, 121.868),
(151, '新北市', '三芝區', '新北市三芝區興華里車埕路53-3號', '二子坪', 2, '位於陽明山國家公園西側，為大屯主峰與二子山之間的火山凹地。道路平坦、地勢寬廣開闊，中間有三個水池。由於地處大屯山的西側背風面，常有雲霧籠罩，景色秀麗，加上本區介於亞熱帶與暖溫帶之間，氣候溫和、林相複雜，植物種類繁多，邊緣以紅楠、黑松、楓香為主的林木，頗具蒼山深谷之幽境。', '遊客服務中心開放時間：每日9:00～16:30，每個月的最後一個星期一(遇國定假日順延一天)及農曆除夕休館。', '02-28626246', 25.18609, 121.52524),
(152, '新北市', '平溪區', '新北市平溪區平溪街', '平溪天燈', 2, '平溪施放天燈的由來，可追溯至清朝道光年間，在平溪一帶開墾的居民，不堪盜匪作亂騷擾聚落，而避難山中，等到危機過後，留守村內的人們以施放天燈做為報平安的信號，通知家人返鄉，後來時局安定後，就保留下來變成地方的習俗，村民也時常將祈福、許願的詞句寫在天燈上，在農曆年正月十五的元宵節施放，祈求一年所想的願望，並讓上天眾神保佑闔家平安，因此天燈又被稱為「祈福燈」或「平安燈」。', '', '02-29603456', 25.02561, 121.73878),
(175, '基隆市', '中正區', '202 基隆市中正區平一路360號', '和平島公園', 2, '和平島原名社寮島，位於基隆東北一禹，是基隆港的門戶，同時也是北台灣最早有西方人足跡的地方，亦是基隆最早有漢人入墾的所在地之一。最著名的則是「豆腐岩」和「萬人堆」（蕈狀石）地形景觀，各種不同的海蝕地形，是小朋友們戶外教學最喜歡來的地方，不僅可以真實看到課本上的圖片，也能實際的感受到自然的力量。', '5月-10月｜08:00-19:00\r\n\r\n11月-4月｜08:00-18:00\r\n\r\n閉園前1小時停止售票。\r\n​全年無休，特殊情況另行公布。\r\n', '02-24635452', 25.16063, 121.76385),
(176, '基隆市', '中正區', '202 基隆市中正區義一路21號', '碧砂漁港', 4, '碧砂漁港原屬八斗子漁港的一部分，正好碰上近年來觀光產業興盛，所以逐漸朝觀光休閒漁港的方向發展，之後便在民國78年設立了全國第一處示範性的魚產直銷中心，規畫相當的完善，在此可以挑選購買到琳瑯滿目的海鮮，各類生猛海鮮保證新鮮，尤其是初秋時分的螃蟹，品質完全不輸給中國的大閘蟹，更是知味老饕的最愛。', '開放式空間，無時間限制', '02-24274830', 25.1326589, 121.7453412),
(177, '基隆市', '仁愛區', '200 基隆市仁愛區仁三路', '基隆廟口', 3, '基隆廟口位於基隆市區，交通地理位置方便距離火車站及客運站只需要十分鐘步程，因為交通便利、美食及文化多元也被觀光遊客所喜愛，基隆廟口更被觀光局評選為「最友善的夜市」及「最美味的夜市」。', '以照各店家營業時間為主', '02-24287664', 25.1282493, 121.7435249),
(187, '台北市', NULL, '基隆', '野柳好讚！', 1, '女王頭！', '10:00', '787', NULL, NULL),
(188, '基隆市', NULL, '基隆', '野柳好讚！', 4, '好棒！好棒！', '10:00', '344', NULL, NULL);

-- --------------------------------------------------------

--
-- 資料表結構 `attractions＿type`
--

CREATE TABLE `attractions＿type` (
  `type_id` int(20) NOT NULL,
  `type_name` varchar(50) NOT NULL
) ENGINE=InnoDB DEFAULT CHARSET=utf8mb4;

--
-- 傾印資料表的資料 `attractions＿type`
--

INSERT INTO `attractions＿type` (`type_id`, `type_name`) VALUES
(1, '單車漫遊'),
(2, '戶外踏青'),
(3, '夜市商圈'),
(4, '藍色水岸'),
(5, '歷史文化'),
(6, '步道之旅');

-- --------------------------------------------------------

--
-- 資料表結構 `cart`
--

CREATE TABLE `cart` (
  `cart_id` int(11) NOT NULL,
  `member_id` int(11) NOT NULL,
  `product_id` int(11) DEFAULT NULL,
  `product_num` int(11) DEFAULT NULL
) ENGINE=InnoDB DEFAULT CHARSET=utf8;

--
-- 傾印資料表的資料 `cart`
--

INSERT INTO `cart` (`cart_id`, `member_id`, `product_id`, `product_num`) VALUES
(105, 19, 6, 1),
(106, 12, 4, 2),
(107, 29, 7, 2);

-- --------------------------------------------------------

--
-- 資料表結構 `cms`
--

CREATE TABLE `cms` (
  `memer_id` int(11) NOT NULL
) ENGINE=InnoDB DEFAULT CHARSET=utf8;

-- --------------------------------------------------------

--
-- 資料表結構 `hobby`
--

CREATE TABLE `hobby` (
  `hid` int(10) NOT NULL,
  `in/out` varchar(10) NOT NULL,
  `hobby_name` varchar(100) NOT NULL
) ENGINE=InnoDB DEFAULT CHARSET=utf8;

-- --------------------------------------------------------

--
-- 資料表結構 `itinerary`
--

CREATE TABLE `itinerary` (
  `itin_id` varchar(50) NOT NULL,
  `date` date NOT NULL,
  `name` varchar(50) NOT NULL,
  `description` text NOT NULL,
  `public` varchar(20) NOT NULL,
  `ppl` int(11) NOT NULL,
  `member_id` int(11) NOT NULL,
  `create_at` datetime NOT NULL
) ENGINE=InnoDB DEFAULT CHARSET=utf8mb4;

--
-- 傾印資料表的資料 `itinerary`
--

INSERT INTO `itinerary` (`itin_id`, `date`, `name`, `description`, `public`, `ppl`, `member_id`, `create_at`) VALUES
('S001', '2023-05-01', '台北好好玩', '台北象山一日遊', '公開', 2, 1, '2023-05-17 23:44:31'),
('S002', '2023-05-02', '台北好好玩', '台北象山一日遊', '公開', 2, 2, '2023-05-17 23:55:45'),
('S003', '2023-05-03', '淡水看夕陽', '走走停停', '公開', 4, 3, '2023-05-17 23:55:45'),
('S004', '2023-05-04', '基隆廟口', '吃吃喝喝', '公開', 3, 6, '2023-05-17 23:55:45'),
('S005', '2023-05-05', '四四南村', '逛逛市集', '不公開', 3, 5, '2023-05-17 23:55:45'),
('S006', '2023-05-06', '大稻埕碼頭', '踏青～～', '公開', 2, 7, '2023-05-17 23:55:45'),
('S007', '2023-05-07', '九份老街', '神隱少女景點場景', '不公開', 4, 8, '2023-05-17 23:55:45'),
('S008', '2023-05-08', '野柳好讚！', '看看快斷的女王頭', '公開', 2, 9, '2023-05-17 23:55:45'),
('S009', '2023-05-09', '陽明山', '遠離塵囂', '不公開', 2, 10, '2023-05-17 23:55:45'),
('S010', '2023-05-10', '深坑一日遊', '吃吃臭豆腐', '公開', 2, 1, '2023-05-17 23:55:45'),
('S111', '2023-05-16', '基隆走透透', '美食吃到飽', '公開', 2, 11, '2023-05-15 23:38:57'),
('S118', '2023-05-26', '十分一日遊', '十分瀑布公園,天然美景壯觀令人震撼,台灣的尼加拉瓜瀑布美名..', '公開', 6, 22, '2023-05-15 23:20:55'),
('S124', '2023-05-22', '基隆吃吃喝喝', '美食吃到爆', '公開', 6, 99, '2023-05-18 10:06:14'),
('S129', '2023-05-15', '西門町半日遊～', '必拍彩虹跑道', '公開', 3, 10, '2023-05-18 10:38:23'),
('S130', '2023-05-26', '中山市集', '中山市集很好逛～', '公開', 3, 34, '2023-05-18 22:59:11'),
('S131', '2023-05-19', '台北101', '哇～好期待可以看到夜景', '公開', 4, 1, '2023-05-18 23:01:41'),
('S132', '2023-05-20', '深坑老街半日遊', '聽說臭豆腐很臭！想嘗試看看～', '公開', 6, 18, '2023-05-18 23:04:54'),
('S134', '2023-05-26', '陽明山半日遊', '想去擎天岡看牛～～～', '公開', 3, 1, '2023-05-18 23:11:41'),
('S136', '2023-05-29', '森林', '吸芬多精', '公開', 4, 18, '2023-05-19 10:52:21'),
('s145', '2023-05-27', '咖啡', '咖啡咖啡', '公開', 3, 120, '2023-05-19 11:23:26');

-- --------------------------------------------------------

--
-- 資料表結構 `itinerary database`
--

CREATE TABLE `itinerary database` (
  `sid` int(11) NOT NULL,
  `行程名稱` varchar(225) DEFAULT NULL,
  `路線` varchar(225) NOT NULL,
  `景點介紹` text NOT NULL,
  `旅遊地點` text NOT NULL,
  `價格` decimal(10,2) NOT NULL,
  `行程日期` datetime NOT NULL,
  `行程照片` varchar(225) NOT NULL,
  `行程分類ID` int(11) NOT NULL,
  `行程評價` int(11) NOT NULL,
  `分類編號` int(11) NOT NULL,
  `分類名稱` varchar(225) NOT NULL,
  `關鍵字` varchar(225) NOT NULL
) ENGINE=InnoDB DEFAULT CHARSET=utf8;

--
-- 傾印資料表的資料 `itinerary database`
--

INSERT INTO `itinerary database` (`sid`, `行程名稱`, `路線`, `景點介紹`, `旅遊地點`, `價格`, `行程日期`, `行程照片`, `行程分類ID`, `行程評價`, `分類編號`, `分類名稱`, `關鍵字`) VALUES
(1, '陽明山藍寶石泉秘境１日～陽明山中山樓專人導覽、草山水道、淡藍色秘境、隱藏版小籠包、舊美軍眷村-草山小鎮(台北出發)', '集合出發→陽明山中山樓→享用午餐→陽明山藍寶石泉秘境→陽明山美軍宿舍群→賦歸\r\n', '藍寶石泉\n火山礦泉的特色，就是流過岩質剛硬（不易被風化溶於水中），孔隙適切（安山岩）等的自然過濾地層，可提供低量的巨量元素（鈉、鈣）及微量元素（碘、鋅）。 藍寶石泉位於陽明山國家公園之內，不會受到工業的污染以及密集農業的影響，自然環境優良，環境品質及水質均有國家級保障。\n\n草山水管橋\n當時考量到湧泉附近有磺氣，水管容易被侵蝕，所以用鋼筋混凝土製的水管拱橋來保護草山水道的過橋段水管目前水管橋仍保留原始風貌，周邊高山瀑布，橋上林蔭蒼蒼，絕對是 2020 年網美不可錯過的打卡新地標。\n\n陽明山中山樓\n陽明山中山樓是位於中華民國臺北市陽明山的多功能會議室，1965年10月動工、1966年11月12日竣工啟用，外型的中式宮殿式建築樣式為主要特色。中山樓是全世界迄今唯一一棟蓋於硫磺口的建物，硫磺口是日治時代的草山溫泉湧泉地，位於大會議廳之講台西側，早年供應附近溫泉旅館使用，為減低地熱，則以十數根圓管鑽入講台下方，使地熱沿管線噴出。中山樓全樓以中國宮殿建築式樣為本，依山勢而建，以綠色玻璃瓦覆頂，搭配紅簷、白牆，建築主體之屋頂採單檐歇山頂。\n\n陽明山康迎鼎餐廳\n舊美軍宿舍化身為有花園空間舒適的康迎鼎餐廳。餐廳的招牌是有18摺的小籠包，故有陽明山版鼎泰豐之稱，安排各式中式料理讓顧客品嘗。\n\n', '陽明山', '42000.00', '2023-05-10 08:00:00', '', 1, 5, 1, '自然生態', '陽明山'),
(2, '2023福隆國際沙雕藝術季１日-十分老街放天燈、福隆海水浴場、鼻頭角步道\r\n', '集合出發→十分老街(放天燈)→福隆海水浴場→鼻頭角步道→賦歸\r\n', '福隆沙雕藝術季\n「福隆國際沙雕藝術季」為推展臺灣的沙雕活動，建立國內沙雕藝術創作空間，讓臺灣的沙雕藝術能夠逐漸萌芽與發展，逐年締造一波波佳評如潮的踴躍佳績，每年都吸引國內外好手共同參與，創作沙雕作品。\n\n十分瀑布&十分老街\n有「台灣尼加拉瀑布」美譽的十分瀑布，是新北市平溪區名聲響亮的熱門自然景點，其地處瀑布群眾多的基隆河上游，奔流河水自高處傾瀉而下，磅礴氣勢令人嘆為觀止，下方寬廣深潭水氣瀰漫，在陽光的折射下會閃耀出七彩光芒，景色迷人，因此也有「彩虹淵」的別稱，美景被米其林評鑑為值得前往的1星景點。\n\n「十分老街」為天燈的發源地，堪稱平溪礦業史中開發最早、規模最大的聚落。十分老街和火車鐵軌並存相連，不但擁有「火車門前過」的獨特鐵道風貌，更是歌手MV、電影的取景勝地。今日老街仍保有舊時的建築風貌，飲食店、天燈工藝品店林立，展現新生機。\n \n鼻頭角步道\n擁有台版萬里長城之稱的鼻頭角步道，木棧步道搭配碧海藍天，形成如畫一般的絕美景致，沿途欣賞風光明媚的山海之景、奇特的海蝕地形以及豐富多樣的海濱植物；慢慢登上山頭，則可居高臨下觀賞天空與海岸連成一線的美景，將東北角海岸風光盡收眼底。', '福隆海水浴場', '24000.00', '2023-07-13 12:00:00', '', 2, 5, 2, '人文歷史', '福隆'),
(3, '移動的國土外傘頂洲１日－井仔腳瓦盤鹽田、錢來也雜貨店、老塘湖藝術村－高雄/台南出發\r\n', '08:00高雄市中正文化中心大門口出發－08:50台南仁德交流道木豐家居設計工坊－外傘頂州凱旋號－海鮮風味餐－錢來也雜貨店－北門井仔腳瓦盤鹽田－老塘湖藝術村－TJCOS台鉅美妝觀光工廠－賦歸\r\n', '移動的國土～外傘頂洲\n外傘頂洲位於雲林、嘉義外海約10多公里處，現存面積約100餘公頃，因形狀似傘得名，是臺灣最大的沙洲。外傘頂洲受到波浪、沿岸流及東北季風影響，平均每年往西南方向漂移60至70公尺，被稱為「移動的國土」，主要由濁水溪出海時挾帶大量的泥沙沖積而成。搭乘漁筏耳朵聽著導覽解說、眼睛遊覽海上風光、搶灘外傘頂洲體驗沙洲生態之旅~耙文蛤、追逐小沙蟹、拾貝殼...等，途中安排享用水上漁家風味午餐，船上也設有卡拉OK，想高歌也沒問題。\n\n錢來也雜貨店\n「錢來也」牆壁外觀是利用當地廢棄瓦片、貝殼、蚵殼鋪至而成，屋前掛著金元寶的招牌，象徵生意興隆、財源滾滾。這棟也因為偶像劇「王子變青蛙」而走紅的拍攝場景，經電視劇播出後，曾吸引許多香港遊客前來拍照留影，而逐漸成為當地頗具知名及年輕族群必遊的觀光景點。\n\n井仔腳瓦盤鹽田\n北門的第一座鹽田，也是現存最古老的瓦盤鹽田遺址，原為清領時期的瀨東鹽場。遍布於此處的鹽田，拼貼般的美麗藝術，現今已成為雲嘉南濱海國家風景區內最具特色的觀光鹽田，遊客在此可體驗傳統曬鹽、挑鹽、收鹽的樂趣。\n\n老塘湖藝術村\n由抽象畫派藝術家匡進福（匡乙）親手打造的「老塘湖藝術村」，以各種廢棄老建材打造，前後創作30餘年，保留台灣300年內文物文化，在此可見到台灣早期農村生活、閩式建築和蒙古塞外等不同風格的創作品，感受藝術村裡的古色古香，沿景觀湖畔欣賞廢墟古城，悠遊在古意盎然的老塘湖藝術村，是具狂野特色的藝術園區。\n\n台鉅美妝觀光工廠\n園區外圍種植有數種天然香料植物，像是薄荷、薰衣草等都是化妝品的必備原料。廠區內設有阿嬤的復古梳妝台，讓旅客藉由古早味的太空面霜、茜娜面霜、真珠膏等等商品，遙想早期的梳妝歷史，以及多種有趣的互動遊戲，旅客不但可以看一看、聞一聞、摸一摸化妝品，還可以使用「3D投影試妝」，直接裝彩妝投影在臉上，隨心所欲輕鬆試妝，絕對是愛美的您不能錯過的好去處！！', '台南市\r\n', '25000.00', '2023-07-05 08:00:00', '', 2, 5, 2, '人文歷史', '高雄'),
(4, '北海岸基隆１日~海景風情、野柳女王頭、忘憂谷美景步道、正濱漁港(台北出發)\r\n', '集合出發→野柳地質公園→正濱漁港~彩繪小鎮→忘憂谷~最療癒美景步道→昇恆昌免稅店-賦歸', '正濱漁港\r\n正濱漁港位於和平島南方，是歷史悠久的老漁港，早在西元1934年由日本人創造，日據時期為台灣第一大港，曾為繁榮極盛的漁貨商港，是早期帶動基隆漁港興盛的主要功臣，台灣北部重要的遠洋漁業基地，而在漁船噸位逐漸增加之後，漁港水位不堪負荷。現在雖然沒落，但仍保有樸實風貌，基隆市政府積極開發成為以假日休閒懷舊為主的漁碼頭，期待榮景將再現於此。\r\n\r\n忘憂谷~最療癒美景步道\r\n望幽谷又名忘憂谷，意指站在高處俯瞰綠色山谷使人「忘」卻所有煩「憂」，是八斗子海濱公園觀景台下方綠油油的青翠谷地，春夏之際綠草如茵，秋冬歲末則變成了一片奶油色的大地。望幽谷是一個Ｖ字型的山谷，除了翠綠的草地，還有八斗子漁港來往的漁船，以及可遠眺海另一端的基隆嶼，夜晚時分海面上漁火點點與九份山城的燈火形成一齣唯美的山海之戀。這裡設有多條的石版步道，漫步至海灘，有豆腐岩與海蝕地形等的地質景觀，還可以抓螃蟹與撿貝類，享受當一日漁夫的體驗。', '基隆港', '24000.00', '2023-07-03 08:00:00', '', 1, 4, 1, '自然生態', '基隆'),
(5, '前進苗栗客庄１日-百年歷史彩虹隧道功維敘～熱門打卡好望角、魚鱗天梯、幸福鐘樓、客家美食\r\n', '7:30台北車站東三門→苗栗功維敘隧道步道~照亮百年歷史的彩虹隧道→後龍好望角→南寮漁港產銷中心→魚鱗天梯、幸福鐘樓 →賦歸', '百年歷史彩虹隧道~功維敘\n功維敘隧道完工於1903年，至今已有110多年歷史，是全台僅存唯一的鐵道城牆式隧道，列車行駛直到1998年才停駛。隧道擁有宏偉的歐式城堡磚砌景觀，保留了日本總督兒玉源太郎，為了紀念興建隧道的有功人員題字「功維敘隧道」。隧道全長四百六十公尺，，增設七彩霓虹燈的隧道後，成了相當夢幻的隧道。\n大風車無敵海景步道~好望角\n位在半天寮園區裡的好望角，它座落在後龍鎮濱海山丘上，看大風車熱門的打卡點。在觀景台上可以欣賞到藍天白雲、美麗遼闊的海岸線景色，也可以近距離與發電風車拍照，每當假日時這裡都十分熱鬧。漫步山陵線無死角眺望大海。西部美麗的海岸線不輸給國外哦。\n\n南寮漁港產銷中心\n南寮漁港產銷中心販售著許多新鮮魚貨、乾貨等，還有些熟食區；戶外區塊則是販售炸物小吃、飲品、冰品、風箏、風車、泡泡水以及小孩最愛的遊樂場。\n\n網美熱門打卡點~魚鱗天梯\n南寮漁港附近的消波塊，用著一層層一片片的消波塊所堆砌而成，層層堆疊的石頭塊狀像極了魚鱗片，漆上白色後更有潔白清新的感覺，由於就在海岸旁，不論是晴空萬里或者夕陽日落的時刻，都顯得十分夢幻，IG網美熱門打卡景點。', '苗栗市', '22000.00', '2023-08-10 07:30:00', '', 2, 4, 2, '人文歷史', '苗栗'),
(6, '阿里山迷糊步道１日－奮起湖老街、懷舊車站、果然茶香觀光園區－高雄/台南出發\r\n', '07:00高雄市中正文化中心大門口出發－07:50台南仁德交流道－阿里山鄉迷糊步道－全台海拔最高老街〜奮起湖漫遊老街－奮起湖登山鐵道懷舊車站－果然茶香觀光園區－賦歸\r\n', '迷糊步道~米洋溪步道\r\n位於阿里山鄉公所旁，就是米洋溪步道入口，全長1.2公里，一座美麗而優雅的米洋吊橋靜靜的在溪谷上伸著懶腰，而步道就在吊橋的另一端輕輕召喚，好像隨時有樹仙子、花精靈會跳舞出來呢。沿途更有不少李樹，脆脆酸酸的李子味，真是透心涼。與福山古道交會處不難發現象徵鄒族生命繁衍與愛情的生命豆，另外這裡也是賞鳥的絕佳步道，如藪鳥、白耳畫眉、山紅頭、五色鳥等。原稱米洋溪步道，全長約2.3公里，蜿蜒米洋溪畔，天性開朗的鄒族村民取「米」、「湖」(底)諧音，命名為迷糊步道。步道裡有多處涼亭，雨季時節小坐片刻，聽溪水潺潺，十分舒爽；即非雨季，竹林步道裡亦充滿涼蔭，走來輕鬆暢快。！\r\n\r\n奮起湖老街\r\n奮起湖原名為畚箕湖，是台灣海拔最高的老街，也被譽為南台灣的九份，位於海拔約1,400公尺，一年四季經常雲霧環擁如湖，在這裡還可以看到國寶級的森林蒸汽火車頭唷。商家密密麻麻地擠在彎曲、忽高忽低的巷弄兩側，聽著此起彼落賣聲響，和陣陣飄散的餅舖餘香，令人垂涎呀！\r\n\r\n果然茶香觀光工廠\r\n地點在嘉義阿里山公路上，很適合當做去阿里山玩的中繼休憩點，工廠以生產各式果乾、太空系列果乾、阿里山茶葉、糙米棒、滴雞精、處女蛋為主，同時提供旅客參觀滴雞精、果乾的生產工作區，園區戶外有可愛的拍照造景與小庭園，庭園可以玩小火車、槌球、跳格子、迷宮、沙坑等，提供讓全家大小自由自在玩樂的天地，輕食區更販售美味小餐點、冰品、茶品，是一個結合購物與觀光休閒的觀光工廠​。', '阿里山', '24000.00', '2023-05-25 07:00:00', '', 2, 5, 2, '人文歷史', '阿里山'),
(7, '雪霸觀霧１日-雲霧步道雪山聖稜線、農場午餐升等雲霧西餐廳、野馬瞰山步道\r\n', '7:30 台北集合出發→雪霸國家公園觀霧遊憩區~雲霧步道→雪霸休閒農場→野馬瞰山步道→賦歸', '雪霸國家公園觀霧遊憩區\r\n觀霧遊憩區位於新竹縣五峰鄉與苗栗縣泰安鄉交界，海拔2000-2500公尺，是攀登世紀奇峰大霸尖山之入口。區內有豐富的森林資源，在日據末期，日本政府開始大規模採伐此區珍貴之木材以提供戰事所需；光復後，林務局自清泉土場闢建大鹿林道至觀霧，以經營觀霧地區豐富之林業資源。民國81年雪霸國家公園成立，旋即執行區內有關資源保育及遊憩經營等管理計畫。遊憩區內，紅檜巨木、瀑布、雲海、日出、夕照、雲霧及聖稜線等構築出觀霧的景觀特色；植物又以台灣檫樹、棣慕華鳳仙花最為特別。另外於本區發現的新種且瀕危的觀霧山椒魚，國家公園已積極進行保育及棲地復育之工作，並設置觀霧山椒魚生態中心，是適合進行健行遊憩、親子學習、環境教育的最佳場所。\r\n \r\n雲霧步道\r\n步道僅八百多公尺，全程都是由松木鋪成的木棧道，相當適合全家一起來散步。沿途有三個展望極佳的觀景台，天氣晴朗時，可以清楚看到聖稜線、榛山、鹿場大山。沒辦法用腳踏上聖稜線，就用眼睛、相機把群山帶回家吧！雲霧步道一如其名，午後，雲霧緩緩飄來，白茫茫步道上伴隨著霧氣而來的是清香的氣息和恬靜的氛圍，山稜隱隱約約、若隱若現，不同的風情依然讓人流連忘返。\r\n  \r\n雪霸休閒農場\r\n雪霸休閒農場位於新竹五峰鄉，鄰近觀霧森林遊樂區，海拔1,923公尺，是前往清泉溫泉與雪霸國家公園最舒適、豪華的住宿選擇。在這裡可以遠眺著名的雪霸聖稜線，還可以在雲海環繞的戶外庭園喝咖啡，夜晚遼闊的天空與星光閃爍，讓人心情開朗！\r\n', '雪霸國家公園', '25000.00', '2023-05-10 03:48:32', '', 3, 5, 3, '國家公園', '雪霸'),
(8, '沁涼舊草嶺隧道尋幽１日、地中海燈塔、九份山城之美(台北出發)\r\n', '集合出發→舊草領隧道鐵馬行→三貂角燈塔→九份老街→賦歸\r\n', '舊草嶺隧道鐵馬行\r\n舊草嶺隧道全長2,167公尺，是北台灣第一條以鐵路隧道改建而成的鐵馬隧道，由於舊草嶺就在新草嶺隧道旁，每當火車經過時，還可聽到隆隆的火車聲，讓許多「鐵道迷」期待不已。舊草嶺隧道以鐵道博物館概念設計，隧道內的車道地面仿造鐵路軌道形式，勾劃出鐵路意象，照明燈具使用具有復古味道的油燈燈罩。騎著單車穿越舊草嶺隧道，在隧道火車音效下，宛如騎在涼涼的鐵支路隧道內，復古又有趣。入口處還可看到一些裝置藝術，是一條結合文化、歷史、觀光的鐵馬隧道。 舊草嶺隧道是天然的冷氣房，夏日來訪非常涼快舒適！\r\n\r\n\r\n三貂角燈塔\r\n台灣極北點的燈塔是富貴角燈塔，極東點的燈塔則是三貂角燈塔，三貂角燈塔有「台灣的眼睛」之稱，尋訪國境之東的聖地牙哥、湛藍與純白的希臘風景點三貂角燈塔，當年西班牙人發現時將這裡命名為「聖地牙哥」，台灣的聖地牙哥當地人直接翻譯成台語的「三貂角」。燈塔旁的廣場浪漫十足的希臘風圓拱型涼亭，還有幾何圖形拼湊而成的愛心，皆以純淨的白色來襯托藍天的美麗，搭配海天一線的風景，甜蜜浪漫的氛圍，吸引了很多新人到此拍婚紗。\r\n\r\n九份老街\r\n與日本動畫大師宮崎駿電影場景相似的「九份老街」，街道由「三橫一豎」等四條道路為主，被許多階梯圍繞，別具特色。孤懸在山丘上的九份山城，以能鳥瞰基隆嶼山海險峙，霧雨迷濛的美景而聞名。在九份老街可逛逛特色紀念品店，及品嚐在地美食，沿路上充滿懷舊的建築也讓人不禁駐足欣賞，若是想暫時遠離熙嚷的街道，不妨走入九份的茶屋，九份的茶屋各具特色，除了品茗之餘，包括陶瓷茶具的捏製巧思、來自臺灣產地的各式茶葉、茶的烹煮方式與茶道、茶屋的設計與生活美學、精緻茶點餐飲及四季晨晚各異的山城景緻，駐足在此泡上一壺好茶，享受悠閒的時光，欣賞專屬的山城美景。', '舊草嶺隧道', '24000.00', '2023-08-25 12:00:00', '', 2, 5, 2, '人文歷史', '新北'),
(9, '基隆嶼登島１日 ～ 登島四合一、和平島公園專業導覽、基隆嶼燈塔、象鼻岩、酋長岩\r\n', '集合出發-和平島公園-基隆嶼-基隆廟口夜市-賦歸\r\n', '和平島公園\n和平島公園位於基隆港港口東側，島上奇岩異石林立，海岸奇特的海蝕地形景觀，公園以最少的人工設施來減少對自然破壞， 以維繫自然生態的心來建設這美麗的自然寶藏，是北臺灣遊憩攬勝及自然教學的自然教室。\n\n和平島公園環山步道\n環山步道，全景沿著和平島最高處，島內有等嶼亭，這裡是遠看基隆嶼的絕佳海景及海檻等特殊景象 !', '和平島公園', '25000.00', '2023-05-10 03:48:32', '', 1, 5, 1, '自然生態', '基隆'),
(10, '高雄不思議海上全視野〜柴山海岸新秘境小阿朗壹、專案申請台灣海峽巡航、神秘管制區、導覽解說、飲料無限暢飲+下午茶點', '16:30棧貳庫渡輪碼頭出發→專人導覽解說→高港主航道→專案申請第1港口管制區出港→旗后燈塔/雄鎮北門→全視野俯瞰港內美景85大樓.港灣建設→中山大學、打狗領事館→駛出台灣海峽柴山外海→西子灣、柴山海岸、小阿朗壹、軍事管制區→下午茶點+飲料暢飲→回程欣賞台灣八景西灣夕陽→17:50返抵棧貳庫渡輪碼頭', '旗后燈塔/高雄燈塔\r\n國內唯一的白色八角形磚造燈塔，塔身為八角形，1860年英法聯軍之役，臺灣開放打狗港（高雄港）通商，船隻通行日漸繁多，1883年由英籍工程師建立方型磚造燈塔，供船隻安全照明使用，塔高15.2公尺高雄燈塔位處旗津最高點，臺灣海峽與高雄市區景緻一覽無遺，可俯瞰海岸大船入港榮景及燦爛夕照。\r\n\r\n雄鎮北門\r\n為旗后的鎮北門戶，扼控海疆險要，位於臺灣南部高雄哨船頭往西子灣中山大學的馬路邊小山丘上，是高雄市發祥地旗後的鎮北門戶，也是清代從旗后往鳳山舊城的交通要衝，目前大砲今已不存，只剩弧型砲座，是打狗港區僅存的唯一明鄭時期城門，被台灣列為三級古蹟。\r\n\r\n海上無遮蔽最佳全視野、眺望港灣全景\r\n從海上甲板上全視野觀看港區內高聳雲宵的85大樓、柔美弧線的高雄展覽館及港灣建設群、及一港口旗後山丘、中山大學的紅瓦學舍、，接着巡遊 航行無論是離港出海或是進港時分，每分每秒的景象都在變化，海上浪漫夕陽的雲霞千變萬化，加上而壯麗的遼闊海象，唯有身入其境者才能深刻感受美的震撼力。\r\n\r\n全台最美海岸大學〜國立中山大學\r\n全國唯一校內位於海岸線之頂尖大學，以「雄踞南方，前進國際」的發展藍圖，具備「海洋」教育發展特色，中山大學位於西子灣，東毗壽山，西臨台灣海峽，南通高雄港，北跨柴山，依山面海，碧波萬頃，水天相接，從海上視野來眺望學區壽山海岸線半山及整個紅色建築校區是你在陸地上無法體驗最佳美景。\r\n\r\n打狗英國領事館\r\n位於高雄港北岸的鼓山上，面對高雄港灣、緊鄰半山陡峭崖壁，為昔日英國領事官邸，目前被定為國家二級古蹟，領事館官邸之建築風格屬後文藝復興時代的巴洛克式風格，紅磚的外觀、竹節落水管都是清朝末年當時的建築特色，是英國人所設計，紅磚色的外觀，其建築本身是由紅磚及花崗石所建成，採新文藝復興風格之維多利亞式之洋樓造型，外型典雅且莊重。\r\n\r\n台灣海峽出港、柴山外海\r\n中國大陸福建省與台灣之間的海域和海峽，為北東—南西走向，長約370公里。 海峽北窄南寬，北口寬約200公里；南口寬約410公里，平均寬度180公里。 最窄處在台灣島新竹市南寮與福建平潭海壇島之間，約126公里。\r\n\r\n西子灣海域、海水浴場\r\n位於在柴山西南端山麓下，南面隔海與旗津島相望，是一個風景天成的灣澳。最北端傍柴山是一處由平灘和淺沙所構成的海水浴場，以及以夕陽及天然礁石聞名的海灣，清初，西子灣也被稱作洋路灣、洋子灣或斜灣，而在台語的諧音引申下，斜仔灣逐漸被稱為西子灣，傍晚時分的夕照，是為台灣名景之一。\r\n\r\n小阿郎壹海岸線秘境\r\n柴山阿朗壹位在中山大學旁的海岸線，由於沿途景觀很像阿朗壹古道，因此這邊又被稱為柴山阿朗壹，柴山阿朗壹則是珊瑚礁岩沖蝕堆疊而成的，各有其特色，各擅勝場，相同的地方如是晴天或黃昏走在海岸線上及從海面上眺望岸邊所見的美景，和源源不絕湧進的海浪所唱的歌，嘩嘩嘩，沙沙沙，跟著海洋之歌的節拍走。\r\n\r\n神祕的柴山、軍事管制區海岸線\r\n柴山地理位置特殊是海中珊瑚礁岩隆起的山脈，依傍在高雄海邊，從西子灣往北走，一路綿沿的海岸線，沿途地形多變，配上沿途的礫石海灣、珊瑚礁岩，自明鄭時期開始便已是軍事重地。清領時期也因為防禦所需，日本開始將台灣當作南進的基地，這也使柴山的軍事功能在更進一步被強化，現在的高雄港即是為因應南進而擴建，而另一邊的萬丹港則成為後來轉為軍事用途的左營軍港及海軍左營基地，柴山區域更長期被列為軍事管制區，整個柴山近三分之二面積都屬於管制區。\r\n\r\n海上欣賞、台灣八景「西灣夕陽落日」\r\n為日治時期早列為臺灣八景之一，依季節的不同，落日夕照也有景色的差異，不管是彩霞染抖落的金黃，或水天一色的浪漫，都非常令人流連，今日航程特別申請由第一港口管制區出港，遊港輪將於防坡堤內遊客們可於甲板上全視野欣賞夕陽落日美景及西子灣、中山大學、及壽山山海美景。', '高雄市', '24000.00', '2023-05-25 16:30:00', '', 4, 5, 4, '遊船', '高雄'),
(11, '2023九族薰衣草季１日-九族文化村薰衣草季、日月潭纜車\r\n', '07:00台北車站集合出發→九族文化村薰衣草季→日月潭纜車(九族文化村~日月潭站上車)→賦歸', '九族文化村薰衣草季\n西班牙薰衣草花園—薰衣草花語是等待愛情，\n歐洲花園中央噴泉與走道將種滿西班牙薰衣草，\n每年三、四月是水沙連歐洲宮廷花園最美麗的季節，\n請來與薰衣草邂逅相遇。 \n\n日月潭纜車\n來到日月潭不可錯過的纜車體驗，日月潭纜車連結了日月潭的伊達邵和九族文化村，纜車上可一覽日月潭的米其林三星級湖景，欣賞群山環繞、吹著徐徐微風，路線由救國團日月潭青年活動中心前至九族文化村觀山樓，全長1.877公里，只設有2站。搭乘纜車途中，可俯瞰著名的日月潭景色和埔里盆地，帶你7分鐘看遍日月潭湖光山色。', '九族文化村、日月潭', '25000.00', '2023-05-10 06:35:48', '', 2, 5, 2, '人文歷史', '九族文化村、日月潭'),
(12, '新北文山農場賞螢趣１日、茶農採茶體驗、烏來老街散策\r\n', '集合出發-烏來老街散策-文山農場賞螢~特色茶葉體驗-賦歸\r\n', '文山農場\n文山農場位在新店烏來風景線上，占地約21公頃，玉水碧綠，山巒蓊鬱景緻優美，是喧擾都市中的桃花源，近年配合政府發展休閒農業，轉型為休閒農場，堅守取之自然、用之自然的環保理念，取得有機茶園認證，推廣生態平衡指標活動-夜探螢火蟲，同時積極推廣品茗文化，歡迎遊客造訪，親自體驗採茶、製茶、泡茶及結合生態型DIY等活動，透過自然生態的輪動，「茶香、花唱與閃閃螢光」成就了農場美麗的景緻!\n\n\n烏來老街散策\n烏來一年四季來都適合，老街悠哉逛，特色小吃在地嘗，壯觀瀑布賞美景，溫泉鄉就是如此享受。', '烏來', '24000.00', '2023-05-10 06:47:00', '', 1, 5, 1, '自然生態', '烏來、文山農場'),
(13, '宜蘭龜山島401登高地１日～每日限量401高地健走、環繞龜山島、登島、古早味芋冰城\r\n', '集合出發－烏石港－登船繞島－登上龜山島－401高地健走－阿宗芋冰城－返回台北車站', '龜山島\r\n龜山島有兩個碼頭北岸碼頭及南岸碼頭，吹南風時從北岸碼頭上岸，吹北風時由南岸碼頭上岸。每年春夏之交，島上的野百合盛開，非常迷人除了豐富的植物、蝴蝶、昆蟲這裡的鳥類資源亦不少，從這裡開始放慢腳步，放慢心靈跟著解說員的腳步，細細瞭解龜山島的美！', '宜蘭龜山島', '25000.00', '2023-05-10 06:57:42', '', 1, 5, 1, '自然生態', '宜蘭、龜山島'),
(14, '啤酒嘉年華.星光璀璨遊高港〜微醺啤酒/飲料暢飲、歌手獻唱、無遮蔽全視野觀景甲板、海上導覽解說\r\n', '19:30星光璀璨夜遊高港啟航〜微醺啤酒/飲料暢飲、歌手獻唱、港區內唯一無遮蔽全視野觀景遊港輪、導覽解說〜預計21:00返抵棧貳庫渡輪碼頭', '全台最大國際商港、高雄港\n高雄港是臺灣最大的國際港埠，也是世界排名第15大貨櫃港；港區遼闊、腹地廣、氣候溫暖，臨海有狹長沙洲，地理條件優越，港灣形勢天成，現今港內水域面積26.66平方公里，航道全長18公里，高雄港是台灣四座國際商港之一，貨櫃吞吐量約占臺灣整體港口貨櫃吞吐量四分之三。', '高雄港', '24000.00', '2023-09-15 19:00:00', '', 4, 5, 4, '遊船', '高雄'),
(15, '阿里山秘境天梯１日－達娜伊谷、貓頭鷹吊橋、高山鯝魚保護區、旺萊山愛情大草原－高雄/台南出發\r\n', '07:00高雄市中正文化中心大門口出發－08:00台南仁德交流道家樂福－達娜伊谷自然生態園區〜高山鲴魚保護區〜貓頭鷹吊橋(午餐可自由於園區內享用)－阿里山天梯福美吊橋－旺萊山愛情大草原－台鉅美妝觀光工廠－賦歸\r\n', '達娜依谷生態園區～高山鲴魚保護區+貓頭鷹吊橋\r\n台灣第一座由民間推動而成的生態公園，達娜伊谷已經成為阿里山其中景點之一，在公園入口處甚至還有傳統的歌舞表演。達娜伊谷不但自然生態豐裕，山脈青翠，蜿蜒伸展，且步道溫暖幽靜，溪流在山谷中閃耀，溪中巨石嶙峋，兩岸鳥蝶振翅飛舞。達娜伊谷的魚類也很豐富，像是以此地為家的鯝魚，俗稱苦花，數量很多，因為鯝魚，達娜伊谷閃耀著銀色光芒，因為達娜伊谷，山美族人寫下了自然生態與人類相知相惜的故事。\r\n\r\n阿里山天梯〜福美吊橋\r\n阿里山中最優美弧線之稱的福美吊橋，為全臺最長吊床式吊橋（俗稱天梯），由福建省紅十字總會捐贈建造，吊橋上還有在地學子原味十足的彩繪，全長約175公尺，橋身以鄒族紅、藍、黑原色為主，橋頭涼亭建築有神話傳說的馬賽克裝飾，遠眺達娜伊谷生態園區明媚風光。\r\n\r\n旺萊山～愛情大草原\r\n「牛埔仔大草原（愛情絲路）」位於台18線32K附近，是進入阿里山國家風景區的前哨站，園區裡面的裝置藝術都以「愛情」與「阿里山」為創作主題，一眼望去綠油油的草原，半層樓高的純白色大禮盒還有一顆火熱的愛心，紅、白色的藝術品在綠色草地上格外引人注目，也讓情人們再次回味甜蜜的時光。', '阿里山', '25000.00', '2023-05-25 07:00:00', '', 1, 5, 1, '自然生態', '阿里山');

-- --------------------------------------------------------

--
-- 資料表結構 `itinerary_details`
--

CREATE TABLE `itinerary_details` (
  `itin_id` varchar(50) NOT NULL,
  `view` int(11) NOT NULL,
  `rid` int(11) NOT NULL,
  `startdatetime` datetime NOT NULL
) ENGINE=InnoDB DEFAULT CHARSET=utf8mb4;

--
-- 傾印資料表的資料 `itinerary_details`
--

INSERT INTO `itinerary_details` (`itin_id`, `view`, `rid`, `startdatetime`) VALUES
('s001', 21, 2, '2023-05-11 11:19:33'),
('s002', 23, 3, '2023-05-11 11:19:33');

-- --------------------------------------------------------

--
-- 資料表結構 `manager`
--

CREATE TABLE `manager` (
  `sid` int(11) NOT NULL,
  `name` varchar(255) NOT NULL,
  `email` varchar(255) NOT NULL,
  `password` varchar(255) NOT NULL
) ENGINE=InnoDB DEFAULT CHARSET=utf8;

--
-- 傾印資料表的資料 `manager`
--

INSERT INTO `manager` (`sid`, `name`, `email`, `password`) VALUES
(1, 'USER', 'USER', '$2y$10$xJK76.kS11l8vZZgKSvXNOzMGurwtujiq5ZiOGvCM7N/naznG8UHq'),
(2, 'Jessica', 'Jessica@gmail.com', '$2y$10$xJK76.kS11l8vZZgKSvXNOzMGurwtujiq5ZiOGvCM7N/naznG8UHq'),
(3, 'Abigail', 'Abigail@gmail.com', '$2y$10$xJK76.kS11l8vZZgKSvXNOzMGurwtujiq5ZiOGvCM7N/naznG8UHq');

-- --------------------------------------------------------

--
-- 資料表結構 `member`
--

CREATE TABLE `member` (
  `member_id` int(10) NOT NULL,
  `email` varchar(255) NOT NULL,
  `password` varchar(255) NOT NULL,
  `images` varchar(255) DEFAULT NULL,
  `member_name` varchar(255) NOT NULL,
  `member_birth` date NOT NULL,
  `id_number` varchar(255) NOT NULL,
  `gender` varchar(255) NOT NULL,
  `location` varchar(255) NOT NULL,
  `height` float NOT NULL,
  `weight` float NOT NULL,
  `zodiac` varchar(255) NOT NULL,
  `bloodtype` varchar(255) NOT NULL,
  `smoke` varchar(255) NOT NULL,
  `alchohol` varchar(255) NOT NULL,
  `education_level` varchar(255) NOT NULL,
  `job` varchar(255) NOT NULL,
  `profile` varchar(255) NOT NULL,
  `mobile` varchar(255) NOT NULL,
  `create_at` datetime NOT NULL DEFAULT CURRENT_TIMESTAMP
) ENGINE=InnoDB DEFAULT CHARSET=utf8;

--
-- 傾印資料表的資料 `member`
--

INSERT INTO `member` (`member_id`, `email`, `password`, `images`, `member_name`, `member_birth`, `id_number`, `gender`, `location`, `height`, `weight`, `zodiac`, `bloodtype`, `smoke`, `alchohol`, `education_level`, `job`, `profile`, `mobile`, `create_at`) VALUES
(1, 'mail739856@test.com', 'T624227950f', 'img01', '龎哲宇', '1986-05-05', 'P227056818', '男', '基隆市七堵區', 181, 57, '射手座', 'AB', '有', '滴酒不沾', '博士', '律師', '幾天肯定先後焦點既然和他熱情主機邀請搜尋引擎面前，女性建材什麼', '0911506206', '2023-05-12 16:19:58'),
(2, 'mail921742@test.com', 'T625696347k', 'img01', '籃柏勳', '1991-04-18', 'Y264416984', '女', '新北市深坑區', 174, 95, '天秤座', 'O', '有', '酒豪', '高中', '船上作業人員', '站內死了機會', '0911545915', '2023-05-12 16:19:58'),
(3, 'mail894186@test.com', 'Y612688898e', 'img01', '苗景翔', '1991-09-18', 'W242860108', '女', '新北市雙溪區', 167, 79, '天蠍座', 'AB', '無', '滴酒不沾', '博士', '數位IC設計工程師', '上午日誌一位會計本人第一個人類靜靜', '0911976067', '2023-05-12 16:19:58'),
(4, 'mail971999@test.com', 'B285457805k', 'img01', '路彥霖', '1991-10-18', 'U289082158', '女', '新北市板橋區', 153, 57, '牡羊座', 'A', '無', '滴酒不沾', '國小', '藥師輪機部船員', '站內死了機會', '0911661158', '2023-05-12 16:19:58'),
(5, 'mail96050@test.com', 'L240122768j', 'img01', '力怡君', '1989-12-26', 'A265204762', '女', '新北市萬里區', 163, 97, '獅子座', 'A', '有', '小酌', '高中', '聯結車司機', '幾天肯定先後焦點既然和他熱情主機邀請搜尋引擎面前，女性建材什麼', '0911905285', '2023-05-12 16:19:58'),
(6, 'mail591518@test.com', 'S300627106a', 'img01', '胡宜蓁', '1998-08-12', 'V295828875', '女', '基隆市仁愛區', 159, 101, '獅子座', 'B', '無', '小酌', '博士', '牙醫師', '站內死了機會', '0911370283', '2023-05-12 16:19:58'),
(7, 'mail599417@test.com', 'O817771529z', 'img01', '盧俊廷', '1989-05-14', 'A286964865', '男', '新北市坪林區', 175, 98, '金牛座', 'A', '有', '小酌', '國小', '船上作業人員', '上午日誌一位會計本人第一個人類靜靜', '0911576104', '2023-05-12 16:19:58'),
(8, 'mail426212@test.com', 'U279315704o', 'img01', '秦昱凱', '1987-02-28', 'S220606463', '女', '臺北市中正區', 188, 98, '金牛座', 'O', '無', '酒豪', '碩士', '飛行機師', '發現其中疾病編輯通過級別太多律師寶寶比如', '0911482140', '2023-05-12 16:19:58'),
(9, 'mail833400@test.com', 'S900321478g', 'img01', '梅宇宸', '1986-08-09', 'M252156899', '女', '新北市坪林區', 199, 66, '雙子座', 'AB', '無', '滴酒不沾', '國小', '艙面部船員', '站內死了機會', '0911453318', '2023-05-12 16:19:58'),
(10, 'mail15886@test.com', 'D504079953p', 'img01', '耿丞恩', '1987-04-23', 'D221953532', '女', '新北市瑞芳區', 156, 92, '雙子座', 'B', '有', '小酌', '學士', '船上作業人員', '公開固定水晶', '0911190535', '2023-05-12 16:19:58'),
(11, 'mail894494@test.com', 'I948406603z', 'img01', '饒承勳', '1995-07-13', 'L140940121', '男', '新北市石碇區', 175, 62, '巨蟹座', 'O', '無', '酒豪', '國中', '牙醫師', '上午日誌一位會計本人第一個人類靜靜', '0911828603', '2023-05-12 16:19:58'),
(12, 'mail311879@test.com', 'A923097270j', 'img01', '龎子晴', '1986-11-21', 'C115385968', '男', '臺北市萬華區', 168, 108, '天秤座', 'O', '有', '小酌', '國小', '藝術總監', '站內死了機會', '0911716347', '2023-05-12 16:19:58'),
(13, 'mail564838@test.com', 'X160934580w', 'img01', '姚佳臻', '1991-08-13', 'K228748851', '女', '新北市烏來區', 194, 67, '金牛座', 'AB', '無', '小酌', '學士', '建築師', '發現其中疾病編輯通過級別太多律師寶寶比如', '0911577422', '2023-05-12 16:19:58'),
(14, 'mail715000@test.com', 'X115116294a', 'img01', '雲鈺婷', '1985-11-24', 'D232916084', '女', '新北市萬里區', 173, 60, '牡羊座', 'B', '無', '酒豪', '國小', '數位IC設計工程師', '發現其中疾病編輯通過級別太多律師寶寶比如', '0911478087', '2023-05-12 16:19:58'),
(15, 'mail79158@test.com', 'Y582837517q', 'img01', '黎宥丞', '1996-09-23', 'J234458655', '女', '基隆市信義區', 188, 96, '牡羊座', 'O', '無', '小酌', '國中', '中醫師', '站內死了機會', '0911705758', '2023-05-12 16:19:58'),
(16, 'mail93421@test.com', 'J511694550y', 'img01', '車家銘', '1994-12-08', 'M156969399', '男', '臺北市中正區', 161, 59, '射手座', 'A', '有', '小酌', '博士', '律師', '幾天肯定先後焦點既然和他熱情主機邀請搜尋引擎面前，女性建材什麼', '0911351233', '2023-05-12 16:19:58'),
(17, 'mail354332@test.com', 'N133500613e', 'img01', '何昱翔', '1986-03-12', 'B145678979', '女', '新北市泰山區', 165, 73, '射手座', 'A', '有', '滴酒不沾', '高中', '船上作業人員', '生命移動', '0911217083', '2023-05-12 16:19:58'),
(18, 'mail65230@test.com', 'Q843785782m', 'img01', '陽秉軒', '1997-03-18', 'S259773908', '男', '新北市汐止區', 163, 89, '水瓶座', 'A', '有', '滴酒不沾', '高中', '系統分析師', '站內死了機會', '0911462007', '2023-05-12 16:19:58'),
(19, 'mail717470@test.com', 'L538092955e', 'img01', '甘冠廷', '1999-05-24', 'L163999629', '男', '基隆市中山區', 165, 92, '雙子座', 'B', '有', '滴酒不沾', '高中', '律師', '發現其中疾病編輯通過級別太多律師寶寶比如', '0911563069', '2023-05-12 16:19:58'),
(20, 'mail808001@test.com', 'W736705219e', 'img01', '黃姿穎', '1989-09-15', 'A153773096', '女', '新北市貢寮區', 155, 96, '處女座', 'AB', '有', '滴酒不沾', '高中', '類比IC設計工程師', '公開固定水晶', '0911435805', '2023-05-12 16:19:58'),
(21, 'mail154906@test.com', 'Z634844735n', 'img01', '佘柏勳', '1992-11-17', 'Z299187734', '女', '臺北市萬華區', 200, 108, '射手座', 'O', '有', '滴酒不沾', '碩士', '中醫師', '上午日誌一位會計本人第一個人類靜靜', '0911553233', '2023-05-12 16:19:58'),
(22, 'mail815209@test.com', 'K123531102z', 'img01', '孫家妤', '1998-08-15', 'Z167412062', '男', '臺北市大安區', 163, 96, '魔羯座', 'O', '有', '酒豪', '高中', '醫學美容', '幾天肯定先後焦點既然和他熱情主機邀請搜尋引擎面前，女性建材什麼', '0911406481', '2023-05-12 16:19:58'),
(23, 'mail650860@test.com', 'Y577149819x', 'img01', '戚家豪', '1986-09-04', 'X230017559', '男', '新北市瑞芳區', 175, 109, '巨蟹座', 'O', '無', '滴酒不沾', '國小', '系統分析師', '幾天肯定先後焦點既然和他熱情主機邀請搜尋引擎面前，女性建材什麼', '0911184144', '2023-05-12 16:19:58'),
(24, 'mail157000@test.com', 'Z141520526k', 'img01', '練庭瑋', '1989-04-27', 'N146352573', '女', '臺北市大同區', 172, 48, '雙魚座', 'AB', '無', '酒豪', '高中', '數位IC設計工程師', '生命移動', '0911373961', '2023-05-12 16:19:58'),
(25, 'mail355592@test.com', 'U337269129q', 'img01', '董博鈞', '1991-09-14', 'D250523642', '男', '新北市八里區', 167, 76, '魔羯座', 'A', '無', '滴酒不沾', '碩士', '系統分析師', '上午日誌一位會計本人第一個人類靜靜', '0911480496', '2023-05-12 16:19:58'),
(26, 'mail263593@test.com', 'V525851764g', 'img01', '魯欣妤', '1986-07-02', 'C199201611', '男', '新北市貢寮區', 191, 44, '處女座', 'B', '無', '小酌', '國小', '船上作業人員', '公開固定水晶', '0911147532', '2023-05-12 16:19:58'),
(27, 'mail980376@test.com', 'Y629579094g', 'img01', '孟怡臻', '1992-05-31', 'S186878692', '女', '新北市五股區', 167, 106, '雙魚座', 'O', '無', '酒豪', '高中', '律師', '公開固定水晶', '0911368801', '2023-05-12 16:19:58'),
(28, 'mail939274@test.com', 'N759192288e', 'img01', '閻品妍', '1988-07-05', 'A133287047', '女', '臺北市士林區', 191, 59, '巨蟹座', 'O', '無', '小酌', '博士', '牙醫師', '公開固定水晶', '0911335202', '2023-05-12 16:19:58'),
(29, 'mail83918@test.com', 'X410396789z', 'img01', '閻心瑜', '1994-12-16', 'L119903635', '男', '臺北市大安區', 193, 54, '牡羊座', 'O', '無', '小酌', '國中', '中醫師', '生命移動', '0911277403', '2023-05-12 16:19:58'),
(30, 'mail979702@test.com', 'O556275903g', 'img01', '凃昱廷', '1985-01-20', 'W183939800', '女', '臺北市萬華區', 191, 46, '處女座', 'B', '無', '酒豪', '博士', '醫學美容', '發現其中疾病編輯通過級別太多律師寶寶比如', '0911669695', '2023-05-12 16:19:58'),
(31, 'mail785106@test.com', 'E534951194g', 'img01', '苗宸瑋', '1997-03-18', 'X130048108', '女', '新北市三峽區', 173, 82, '獅子座', 'A', '無', '滴酒不沾', '國小', '聯結車司機', '公開固定水晶', '0911887154', '2023-05-12 16:19:58'),
(32, 'mail641234@test.com', 'A237342423l', 'img01', '雲宥霖', '1994-05-31', 'L259112248', '男', '基隆市安樂區', 178, 51, '牡羊座', 'A', '無', '酒豪', '高中', '數位IC設計工程師', '生命移動', '0911872156', '2023-05-12 16:19:58'),
(33, 'mail911842@test.com', 'C580645618e', 'img01', '成雅晴', '1989-02-14', 'B244923255', '男', '新北市三重區', 172, 86, '水瓶座', 'B', '有', '小酌', '國小', '空服人員', '站內死了機會', '0911463075', '2023-05-12 16:19:58'),
(34, 'mail298030@test.com', 'Y345045644l', 'img01', '聶芷妍', '1987-03-24', 'K242778292', '女', '基隆市暖暖區', 184, 80, '雙子座', 'AB', '有', '酒豪', '高中', '飛行機師', '上午日誌一位會計本人第一個人類靜靜', '0911856156', '2023-05-12 16:19:58'),
(35, 'mail755496@test.com', 'A171498561v', 'img01', '裴家銘', '1994-09-05', 'J254657351', '女', '新北市三重區', 192, 79, '處女座', 'B', '有', '滴酒不沾', '國中', '牙醫師', '上午日誌一位會計本人第一個人類靜靜', '0911631964', '2023-05-12 16:19:58'),
(36, 'mail57620@test.com', 'B598699423i', 'img01', '辛怡靜', '1987-10-24', 'O288537610', '男', '臺北市內湖區', 173, 76, '雙子座', 'AB', '無', '酒豪', '國中', '醫師', '生命移動', '0911234028', '2023-05-12 16:19:58'),
(37, 'mail177014@test.com', 'J598271140h', 'img01', '塗子翔', '1986-08-14', 'I176031003', '男', '新北市板橋區', 162, 96, '魔羯座', 'B', '無', '小酌', '高中', 'IC設計工程師', '也可保健避免什麼黑', '0911119091', '2023-05-12 16:19:58'),
(38, 'mail692412@test.com', 'Z564033615y', 'img01', '雲家瑜', '1998-03-03', 'O221237061', '女', '臺北市文山區', 188, 73, '處女座', 'B', '有', '酒豪', '碩士', '麻醉醫師', '站內死了機會', '0911715632', '2023-05-12 16:19:58'),
(39, 'mail210138@test.com', 'X446246245k', 'img01', '康宜庭', '1997-11-03', 'M212942786', '男', '基隆市暖暖區', 168, 85, '金牛座', 'B', '有', '滴酒不沾', '高中', '醫學美容', '也可保健避免什麼黑', '0911997407', '2023-05-12 16:19:58'),
(40, 'mail716111@test.com', 'Y474276608g', 'img01', '應苡瑄', '1997-03-03', 'K261423316', '男', '臺北市士林區', 187, 54, '處女座', 'AB', '無', '滴酒不沾', '高中', '類比IC設計工程師', '幾天肯定先後焦點既然和他熱情主機邀請搜尋引擎面前，女性建材什麼', '0911548979', '2023-05-12 16:19:58'),
(41, 'mail487339@test.com', 'Q840178205k', 'img01', '楊靖雯', '1989-06-08', 'C198071237', '男', '基隆市中山區', 180, 45, '獅子座', 'A', '無', '酒豪', '碩士', '聯結車司機', '幾天肯定先後焦點既然和他熱情主機邀請搜尋引擎面前，女性建材什麼', '0911594434', '2023-05-12 16:19:58'),
(42, 'mail932994@test.com', 'T868662108t', 'img01', '何哲宇', '1991-05-18', 'J195533826', '女', '新北市新店區', 200, 106, '雙子座', 'A', '無', '滴酒不沾', '國小', '艙面部船員', '生命移動', '0911294248', '2023-05-12 16:19:58'),
(43, 'mail878516@test.com', 'U659115235y', 'img01', '梁品睿', '1999-06-23', 'I295637728', '女', '新北市瑞芳區', 177, 51, '魔羯座', 'AB', '有', '酒豪', '國小', '律師', '生命移動', '0911391235', '2023-05-12 16:19:58'),
(44, 'mail735007@test.com', 'L548654534i', 'img01', '童宣妤', '1998-10-21', 'A286178219', '男', '臺北市大同區', 188, 89, '處女座', 'A', '無', '小酌', '學士', '醫師', '發現其中疾病編輯通過級別太多律師寶寶比如', '0911281035', '2023-05-12 16:19:58'),
(45, 'mail764069@test.com', 'N232350109m', 'img01', '宋妍蓁', '1995-04-28', 'Y145572099', '女', '新北市新店區', 191, 109, '雙魚座', 'O', '有', '滴酒不沾', '博士', 'IC設計工程師', '上午日誌一位會計本人第一個人類靜靜', '0911291090', '2023-05-12 16:19:58'),
(46, 'mail892833@test.com', 'Y192934648c', 'img01', '甘家妤', '1999-03-12', 'V170927167', '女', '基隆市仁愛區', 163, 54, '金牛座', 'AB', '有', '酒豪', '國中', '系統分析師', '上午日誌一位會計本人第一個人類靜靜', '0911862427', '2023-05-12 16:19:58'),
(47, 'mail47250@test.com', 'H163932088w', 'img01', '殷育萱', '1991-01-10', 'H214984897', '男', '新北市五股區', 199, 93, '雙子座', 'AB', '有', '酒豪', '國小', '中醫師', '幾天肯定先後焦點既然和他熱情主機邀請搜尋引擎面前，女性建材什麼', '0911130857', '2023-05-12 16:19:58'),
(48, 'mail590754@test.com', 'R730244494j', 'img01', '房彥辰', '1989-03-10', 'W194514167', '男', '新北市平溪區', 194, 63, '雙子座', 'AB', '有', '滴酒不沾', '碩士', '中醫師', '上午日誌一位會計本人第一個人類靜靜', '0911810481', '2023-05-12 16:19:58'),
(49, 'mail823505@test.com', 'I333906294d', 'img01', '卓詩婷', '1988-01-23', 'Z295880035', '男', '新北市中和區', 177, 70, '射手座', 'A', '無', '小酌', '碩士', '醫學美容', '也可保健避免什麼黑', '0911478052', '2023-05-12 16:19:58'),
(50, 'mail432106@test.com', 'R846216901p', 'img01', '謝詩涵', '1992-01-25', 'A263686511', '女', '新北市鶯歌區', 173, 49, '金牛座', 'A', '有', '小酌', '學士', '飛行機師', '公開固定水晶', '0911769119', '2023-05-12 16:19:58'),
(51, 'mail871400@test.com', 'X136237465o', 'img01', '胡庭妤', '1986-07-02', 'Z289621410', '女', '新北市鶯歌區', 194, 69, '牡羊座', 'O', '無', '小酌', '學士', '藝術總監', '公開固定水晶', '0911278030', '2023-05-12 16:19:58'),
(52, 'mail171420@test.com', 'N910846370m', 'img01', '楊承佑', '1985-02-11', 'C112523092', '女', '新北市淡水區', 192, 69, '水瓶座', 'B', '無', '滴酒不沾', '國小', '藥師輪機部船員', '也可保健避免什麼黑', '0911747885', '2023-05-12 16:19:58'),
(53, 'mail159057@test.com', 'A503931492f', 'img01', '關瑋庭', '1985-11-23', 'E153092759', '男', '新北市中和區', 197, 49, '雙子座', 'AB', '無', '小酌', '博士', '牙醫師', '站內死了機會', '0911847017', '2023-05-12 16:19:58'),
(54, 'mail264699@test.com', 'P369234636t', 'img01', '曾雅涵', '1993-04-14', 'J190273517', '女', '新北市三重區', 180, 85, '金牛座', 'O', '有', '滴酒不沾', '國中', '數位IC設計工程師', '公開固定水晶', '0911628042', '2023-05-12 16:19:58'),
(55, 'mail903575@test.com', 'J843728953f', 'img01', '梅品蓁', '1986-07-31', 'I251862825', '女', '新北市石碇區', 153, 109, '金牛座', 'A', '無', '小酌', '學士', '麻醉醫師', '幾天肯定先後焦點既然和他熱情主機邀請搜尋引擎面前，女性建材什麼', '0911608682', '2023-05-12 16:19:58'),
(56, 'mail285820@test.com', 'B721779271o', 'img01', '蔣雅婷', '1992-09-17', 'P239179040', '男', '臺北市松山區', 156, 93, '巨蟹座', 'A', '無', '酒豪', '國中', '建築師', '公開固定水晶', '0911227362', '2023-05-12 16:19:58'),
(57, 'mail135293@test.com', 'D419998027h', 'img01', '欒宗翰', '1988-04-25', 'B158938810', '男', '新北市坪林區', 176, 53, '雙魚座', 'A', '有', '滴酒不沾', '博士', '律師', '站內死了機會', '0911309261', '2023-05-12 16:19:58'),
(58, 'mail60723@test.com', 'S649081251m', 'img01', '鍾庭瑜', '1985-12-06', 'K162326169', '女', '新北市蘆洲區', 157, 47, '巨蟹座', 'B', '有', '酒豪', '國小', '藝術總監', '上午日誌一位會計本人第一個人類靜靜', '0911367249', '2023-05-12 16:19:58'),
(59, 'mail367964@test.com', 'L867623819w', 'img01', '顧聖翔', '1992-05-22', 'V156464308', '女', '新北市坪林區', 162, 52, '獅子座', 'A', '有', '酒豪', '國中', '船上作業人員', '也可保健避免什麼黑', '0911787954', '2023-05-12 16:19:58'),
(60, 'mail930731@test.com', 'F210964001d', 'img01', '管彥廷', '1992-01-04', 'R122341116', '女', '新北市萬里區', 168, 96, '射手座', 'AB', '有', '滴酒不沾', '碩士', '空服人員', '也可保健避免什麼黑', '0911602895', '2023-05-12 16:19:58'),
(61, 'mail491225@test.com', 'G981850395m', 'img01', '留鈺婷', '1998-08-07', 'Q129784206', '男', '新北市貢寮區', 163, 58, '處女座', 'O', '有', '滴酒不沾', '碩士', '建築師', '站內死了機會', '0911931856', '2023-05-12 16:19:58'),
(62, 'mail622429@test.com', 'V786851270c', 'img01', '臧宜蓁', '1996-12-17', 'Q135241124', '女', '新北市鶯歌區', 167, 57, '魔羯座', 'O', '無', '滴酒不沾', '國小', '船上作業人員', '也可保健避免什麼黑', '0911330327', '2023-05-12 16:19:58'),
(63, 'mail232049@test.com', 'L704697846b', 'img01', '易鈺婷', '1999-11-07', 'I246619791', '女', '新北市新莊區', 159, 92, '雙子座', 'AB', '有', '小酌', '碩士', '麻醉醫師', '生命移動', '0911308705', '2023-05-12 16:19:58'),
(64, 'mail626793@test.com', 'F905962505m', 'img01', '黄宸瑋', '1997-10-06', 'B171814234', '男', '臺北市信義區', 176, 73, '巨蟹座', 'A', '有', '酒豪', '學士', '中醫師', '上午日誌一位會計本人第一個人類靜靜', '0911431644', '2023-05-12 16:19:58'),
(65, 'mail903711@test.com', 'P149887803o', 'img01', '姚奕廷', '1988-05-19', 'B266444769', '男', '新北市新店區', 188, 94, '獅子座', 'B', '有', '滴酒不沾', '博士', '類比IC設計工程師', '發現其中疾病編輯通過級別太多律師寶寶比如', '0911319832', '2023-05-12 16:19:58'),
(66, 'mail580902@test.com', 'Z349930820o', 'img01', '路家豪', '1996-03-21', 'I156426888', '男', '基隆市中正區', 191, 78, '水瓶座', 'AB', '無', '酒豪', '國中', '藥師輪機部船員', '站內死了機會', '0911229948', '2023-05-12 16:19:58'),
(67, 'mail152752@test.com', 'Z543509091j', 'img01', '華宜芳', '1994-08-27', 'E239725054', '女', '基隆市中山區', 198, 98, '雙子座', 'A', '無', '小酌', '國小', '空服人員', '生命移動', '0911376216', '2023-05-12 16:19:58'),
(68, 'mail881406@test.com', 'A628349925e', 'img01', '賴思婷', '1995-03-24', 'A210962761', '男', '新北市中和區', 153, 87, '水瓶座', 'B', '有', '酒豪', '高中', '藝術總監', '公開固定水晶', '0911823189', '2023-05-12 16:19:58'),
(69, 'mail149823@test.com', 'D499329546m', 'img01', '畢宜君', '1994-06-04', 'Z250872800', '女', '基隆市七堵區', 178, 94, '射手座', 'AB', '無', '滴酒不沾', '碩士', '律師', '站內死了機會', '0911663861', '2023-05-12 16:19:58'),
(70, 'mail803171@test.com', 'O641522509z', 'img01', '畢哲維', '1985-04-29', 'W136040203', '女', '新北市八里區', 152, 45, '天秤座', 'O', '無', '酒豪', '高中', '律師', '發現其中疾病編輯通過級別太多律師寶寶比如', '0911334686', '2023-05-12 16:19:58'),
(71, 'mail286573@test.com', 'L344088302d', 'img01', '范姜庭瑄', '1985-04-10', 'D271162480', '男', '臺北市文山區', 167, 46, '處女座', 'A', '無', '酒豪', '國小', '律師', '也可保健避免什麼黑', '0911328272', '2023-05-12 16:19:58'),
(72, 'mail823538@test.com', 'L215463494r', 'img01', '江芷瑄', '1999-08-24', 'V119787610', '男', '臺北市大同區', 170, 42, '獅子座', 'A', '有', '滴酒不沾', '碩士', '聯結車司機', '生命移動', '0911843185', '2023-05-12 16:19:58'),
(73, 'mail502647@test.com', 'R570937733b', 'img01', '龍宜臻', '1997-05-03', 'H130145734', '男', '臺北市萬華區', 167, 74, '獅子座', 'AB', '無', '酒豪', '高中', '牙醫師', '生命移動', '0911833641', '2023-05-12 16:19:58'),
(74, 'mail781559@test.com', 'P817153414u', 'img01', '齊柏勳', '1989-09-07', 'S298594645', '女', '新北市八里區', 178, 80, '水瓶座', 'A', '無', '小酌', '高中', '建築師', '站內死了機會', '0911180138', '2023-05-12 16:19:58'),
(75, 'mail245378@test.com', 'S907087097w', 'img01', '向怡靜', '1989-03-17', 'Y232953650', '男', '臺北市松山區', 162, 55, '金牛座', 'B', '有', '酒豪', '學士', '律師', '幾天肯定先後焦點既然和他熱情主機邀請搜尋引擎面前，女性建材什麼', '0911517546', '2023-05-12 16:19:58'),
(76, 'mail706809@test.com', 'J681875513o', 'img01', '鮑姿穎', '1996-12-05', 'E278937069', '男', '新北市三峽區', 179, 48, '射手座', 'O', '有', '滴酒不沾', '國中', '藥師輪機部船員', '公開固定水晶', '0911859169', '2023-05-12 16:19:58'),
(77, 'mail179392@test.com', 'I398151886z', 'img01', '袁柏廷', '1985-08-04', 'Z210190568', '男', '基隆市七堵區', 189, 48, '雙魚座', 'AB', '有', '滴酒不沾', '國中', '醫師', '上午日誌一位會計本人第一個人類靜靜', '0911318899', '2023-05-12 16:19:58'),
(78, 'mail472917@test.com', 'X744527938q', 'img01', '季宣妤', '1998-09-11', 'Q162800497', '男', '臺北市大安區', 180, 77, '雙魚座', 'O', '有', '小酌', '高中', '藥師輪機部船員', '公開固定水晶', '0911513485', '2023-05-12 16:19:58'),
(79, 'mail47172@test.com', 'N160755217v', 'img01', '潘怡安', '1998-08-23', 'H221020255', '女', '臺北市中正區', 181, 65, '雙魚座', 'AB', '無', '滴酒不沾', '國小', '空服人員', '站內死了機會', '0911828922', '2023-05-12 16:19:58'),
(80, 'mail725469@test.com', 'R284214161t', 'img01', '辛雅雯', '1997-01-01', 'P211315542', '女', '新北市三重區', 159, 72, '魔羯座', 'AB', '無', '酒豪', '國小', '藥師輪機部船員', '幾天肯定先後焦點既然和他熱情主機邀請搜尋引擎面前，女性建材什麼', '0911369962', '2023-05-12 16:19:58'),
(81, 'mail965748@test.com', 'Y784475206e', 'img01', '粘宜芳', '1997-02-02', 'H127475622', '男', '臺北市信義區', 156, 64, '巨蟹座', 'B', '有', '滴酒不沾', '學士', '艙面部船員', '公開固定水晶', '0911677879', '2023-05-12 16:19:58'),
(82, 'mail812407@test.com', 'D290067327d', 'img01', '田品妤', '1988-12-06', 'T218783459', '男', '新北市三峽區', 152, 86, '雙魚座', 'O', '有', '酒豪', '國中', '中醫師', '公開固定水晶', '0911764548', '2023-05-12 16:19:58'),
(83, 'mail356214@test.com', 'F269330317p', 'img01', '畢冠霆', '1985-01-30', 'X171023989', '女', '基隆市中正區', 193, 95, '金牛座', 'A', '有', '滴酒不沾', '碩士', '艙面部船員', '上午日誌一位會計本人第一個人類靜靜', '0911753619', '2023-05-12 16:19:58'),
(84, 'mail970956@test.com', 'Z739678966o', 'img01', '蔣妍蓁', '1991-09-24', 'U253658238', '男', '基隆市七堵區', 170, 47, '天秤座', 'AB', '無', '酒豪', '學士', '艙面部船員', '公開固定水晶', '0911814374', '2023-05-12 16:19:58'),
(85, 'mail381109@test.com', 'B573536437i', 'img01', '虞家銘', '1985-07-04', 'T273668301', '男', '臺北市內湖區', 181, 51, '牡羊座', 'A', '有', '小酌', '學士', '中醫師', '發現其中疾病編輯通過級別太多律師寶寶比如', '0911196872', '2023-05-12 16:19:58'),
(86, 'mail393501@test.com', 'W686026488k', 'img01', '周承祐', '1995-10-08', 'D221429282', '男', '基隆市中山區', 150, 45, '牡羊座', 'A', '有', '小酌', '學士', '牙醫師', '上午日誌一位會計本人第一個人類靜靜', '0911561471', '2023-05-12 16:19:58'),
(87, 'mail209191@test.com', 'V553497741s', 'img01', '詹冠宏', '1986-11-03', 'D119518266', '女', '新北市深坑區', 184, 101, '魔羯座', 'O', '有', '酒豪', '學士', '藥師輪機部船員', '公開固定水晶', '0911755589', '2023-05-12 16:19:58'),
(88, 'mail753476@test.com', 'X799967081v', 'img01', '靳昀臻', '1988-11-08', 'R159672312', '男', '基隆市信義區', 182, 69, '射手座', 'A', '無', '酒豪', '國小', '系統分析師', '站內死了機會', '0911267071', '2023-05-12 16:19:58'),
(89, 'mail492041@test.com', 'K264446443s', 'img01', '熊姿妤', '1998-12-25', 'O252169172', '女', '基隆市七堵區', 160, 96, '巨蟹座', 'A', '無', '小酌', '國中', '中醫師', '上午日誌一位會計本人第一個人類靜靜', '0911164947', '2023-05-12 16:19:58'),
(90, 'mail150741@test.com', 'T196783240f', 'img01', '殷秉軒', '1985-05-30', 'K293228387', '男', '新北市坪林區', 154, 75, '處女座', 'B', '無', '酒豪', '學士', '牙醫師', '公開固定水晶', '0911914318', '2023-05-12 16:19:58'),
(91, 'mail482543@test.com', 'F573477167n', 'img01', '蘇育誠', '1989-01-27', 'Y176139743', '女', '臺北市南港區', 171, 41, '處女座', 'AB', '有', '滴酒不沾', '高中', '飛行機師', '公開固定水晶', '0911399322', '2023-05-12 16:19:58'),
(92, 'mail462684@test.com', 'Z222623586v', 'img01', '牛于萱', '1988-07-04', 'V255228680', '女', '新北市五股區', 165, 90, '處女座', 'B', '無', '酒豪', '國中', '中醫師', '公開固定水晶', '0911391543', '2023-05-12 16:19:58'),
(93, 'mail167570@test.com', 'U135086058y', 'img01', '焦冠佑', '1997-03-16', 'Z176482611', '女', '新北市貢寮區', 181, 59, '天秤座', 'B', '無', '酒豪', '高中', '麻醉醫師', '發現其中疾病編輯通過級別太多律師寶寶比如', '0911824443', '2023-05-12 16:19:58'),
(94, 'mail286023@test.com', 'P132475561t', 'img01', '蔣昱凱', '1991-07-09', 'N136830400', '女', '新北市石門區', 192, 46, '水瓶座', 'O', '無', '滴酒不沾', '學士', '牙醫師', '站內死了機會', '0911692815', '2023-05-12 16:19:58'),
(95, 'mail82801@test.com', 'A724742032g', 'img01', '蕭祐嘉', '1995-10-12', 'M188612445', '男', '新北市烏來區', 167, 87, '雙子座', 'AB', '有', '小酌', '國中', '聯結車司機', '發現其中疾病編輯通過級別太多律師寶寶比如', '0911348449', '2023-05-12 16:19:58'),
(96, 'mail261956@test.com', 'Y494449689d', 'img01', '倪宇宸', '1987-10-04', 'A166774410', '女', '新北市林口區', 159, 57, '牡羊座', 'B', '有', '酒豪', '國中', '數位IC設計工程師', '生命移動', '0911732934', '2023-05-12 16:19:58'),
(97, 'mail225074@test.com', 'Q588374498l', 'img01', '趙品萱', '1991-01-20', 'I255069454', '女', '新北市三重區', 158, 76, '天秤座', 'AB', '無', '滴酒不沾', '碩士', '律師', '發現其中疾病編輯通過級別太多律師寶寶比如', '0911661758', '2023-05-12 16:19:58'),
(98, 'mail842095@test.com', 'A208153910e', 'img01', '閻芷妍', '1988-12-12', 'V277321863', '男', '臺北市南港區', 154, 54, '巨蟹座', 'O', '有', '小酌', '國中', '數位IC設計工程師', '幾天肯定先後焦點既然和他熱情主機邀請搜尋引擎面前，女性建材什麼', '0911868862', '2023-05-12 16:19:58'),
(99, 'mail536497@test.com', 'G510134923t', 'img01', '龐庭萱', '1985-11-25', 'Z142992939', '女', '新北市坪林區', 173, 106, '雙魚座', 'A', '有', '滴酒不沾', '學士', '數位IC設計工程師', '站內死了機會', '0911656005', '2023-05-12 16:19:58'),
(100, 'mail116405@test.com', 'G257521240g', 'img01', '尤柏翰', '1989-02-25', 'A112996672', '女', '新北市雙溪區', 168, 44, '魔羯座', 'B', '有', '滴酒不沾', '國小', '數位IC設計工程師', '也可保健避免什麼黑', '0911423315', '2023-05-12 16:19:58'),
(101, 'mail940812@test.com', 'E590917470n', 'img01', '丘景翔', '1988-11-21', 'N123963528', '女', '新北市坪林區', 155, 109, '金牛座', 'B', '有', '小酌', '國小', '系統分析師', '上午日誌一位會計本人第一個人類靜靜', '0911601980', '2023-05-12 16:19:58'),
(102, 'mail120938@test.com', 'O801472216f', 'img01', '趙柏鈞', '1985-01-14', 'Z246226751', '女', '新北市八里區', 173, 68, '雙魚座', 'A', '無', '滴酒不沾', '碩士', '建築師', '公開固定水晶', '0911709661', '2023-05-12 16:19:58'),
(103, 'mail608947@test.com', 'Y836688020g', 'img01', '郝思婷', '1995-02-12', 'K143647767', '女', '基隆市七堵區', 174, 100, '射手座', 'B', '無', '滴酒不沾', '高中', '藥師輪機部船員', '生命移動', '0911766183', '2023-05-12 16:19:58'),
(104, 'mail899123@test.com', 'I345547060z', 'img01', '車承恩', '1997-04-23', 'H163816079', '男', '新北市林口區', 155, 49, '天蠍座', 'O', '無', '小酌', '國中', '牙醫師', '上午日誌一位會計本人第一個人類靜靜', '0911668963', '2023-05-12 16:19:58'),
(105, 'mail291466@test.com', 'V413075880o', 'img01', '高依璇', '1995-10-19', 'F247246407', '女', '臺北市大安區', 193, 55, '獅子座', 'A', '無', '小酌', '學士', '藝術總監', '公開固定水晶', '0911484465', '2023-05-12 16:19:58'),
(106, 'mail665510@test.com', 'F653669970w', 'img01', '陶冠穎', '1994-02-10', 'L287839225', '女', '新北市土城區', 184, 77, '天秤座', 'B', '有', '小酌', '國中', '中醫師', '站內死了機會', '0911219640', '2023-05-12 16:19:58'),
(107, 'mail642750@test.com', 'D894516729i', 'img01', '沙庭瑋', '1999-05-21', 'V254132463', '男', '臺北市內湖區', 158, 59, '金牛座', 'A', '無', '滴酒不沾', '國中', '麻醉醫師', '站內死了機會', '0911788286', '2023-05-12 16:19:58'),
(108, 'mail564722@test.com', 'H740393338l', 'img01', '閻冠穎', '1998-11-22', 'Y189510205', '女', '新北市石門區', 161, 98, '水瓶座', 'B', '有', '酒豪', '高中', '數位IC設計工程師', '上午日誌一位會計本人第一個人類靜靜', '0911940280', '2023-05-12 16:19:58'),
(109, 'mail40190@test.com', 'M628369328t', 'img01', '邢瑋庭', '1985-01-05', 'V290502795', '男', '新北市淡水區', 178, 98, '獅子座', 'O', '無', '小酌', '國中', '藝術總監', '公開固定水晶', '0911742327', '2023-05-12 16:19:58'),
(110, 'mail299206@test.com', 'C257735824c', 'img01', '項祐嘉', '1986-12-09', 'A165077618', '男', '臺北市大安區', 194, 52, '處女座', 'AB', '有', '滴酒不沾', '碩士', '醫學美容', '公開固定水晶', '0911793131', '2023-05-12 16:19:58'),
(111, 'mail514578@test.com', 'U587505250u', 'img01', '梅承佑', '1992-11-14', 'D296791203', '男', '基隆市中正區', 172, 46, '巨蟹座', 'AB', '有', '酒豪', '學士', '藝術總監', '站內死了機會', '0911650494', '2023-05-12 16:19:58'),
(112, 'mail713815@test.com', 'Y247864378q', 'img01', '陳子萱', '1988-12-11', 'A215713233', '男', '新北市新店區', 171, 97, '魔羯座', 'B', '有', '滴酒不沾', '國小', '空服人員', '公開固定水晶', '0911282153', '2023-05-12 16:19:58'),
(113, 'mail695169@test.com', 'U940356054t', 'img01', '游冠廷', '1987-07-06', 'W162726400', '女', '新北市貢寮區', 196, 57, '雙魚座', 'B', '有', '小酌', '博士', '類比IC設計工程師', '上午日誌一位會計本人第一個人類靜靜', '0911623951', '2023-05-12 16:19:58'),
(114, 'mail854660@test.com', 'H740433297f', 'img01', '洪宥廷', '1985-05-06', 'B243900984', '男', '新北市萬里區', 199, 80, '魔羯座', 'A', '無', '小酌', '國小', '藝術總監', '上午日誌一位會計本人第一個人類靜靜', '0911546243', '2023-05-12 16:19:58'),
(115, 'mail503861@test.com', 'F206454293p', 'img01', '錢庭瑜', '1998-05-15', 'C172028594', '男', '新北市金山區', 196, 95, '金牛座', 'O', '有', '小酌', '學士', '類比IC設計工程師', '生命移動', '0911306930', '2023-05-12 16:19:58'),
(116, 'mail115375@test.com', 'F757741765q', 'img01', '路宜臻', '1990-10-24', 'H267391906', '男', '新北市貢寮區', 167, 53, '獅子座', 'AB', '無', '酒豪', '高中', '數位IC設計工程師', '站內死了機會', '0911544299', '2023-05-12 16:19:58'),
(117, 'mail962849@test.com', 'L362570780a', 'img01', '伍心妤', '1989-05-15', 'H214234177', '女', '新北市永和區', 195, 110, '金牛座', 'AB', '有', '酒豪', '高中', '中醫師', '生命移動', '0911689925', '2023-05-12 16:19:58'),
(118, 'mail290585@test.com', 'I403607368i', 'img01', '溫冠佑', '1993-10-05', 'V126051301', '女', '新北市深坑區', 190, 96, '牡羊座', 'O', '有', '滴酒不沾', '高中', '醫學美容', '站內死了機會', '0911309957', '2023-05-12 16:19:58'),
(119, 'mail710417@test.com', 'G371185901f', 'img01', '黎郁婷', '1999-08-20', 'P191378126', '女', '新北市三芝區', 195, 82, '雙子座', 'O', '有', '小酌', '博士', '醫師', '也可保健避免什麼黑', '0911422176', '2023-05-12 16:19:58'),
(120, 'mail43514@test.com', 'I706215285v', 'img01', '溫宥均', '1992-08-02', 'U237752515', '男', '新北市三芝區', 153, 83, '水瓶座', 'B', '無', '滴酒不沾', '學士', 'IC設計工程師', '發現其中疾病編輯通過級別太多律師寶寶比如', '0911754289', '2023-05-12 16:19:58'),
(121, 'mail250778@test.com', 'V292206499g', 'img01', '林珮慈', '1996-09-28', 'K115783699', '男', '新北市泰山區', 155, 83, '獅子座', 'B', '無', '滴酒不沾', '國中', '牙醫師', '上午日誌一位會計本人第一個人類靜靜', '0911367035', '2023-05-12 16:19:58'),
(122, 'mail267880@test.com', 'T503680985g', 'img01', '郝柏安', '1999-06-15', 'L172559898', '女', '臺北市中山區', 177, 60, '金牛座', 'B', '有', '滴酒不沾', '博士', '麻醉醫師', '也可保健避免什麼黑', '0911567257', '2023-05-12 16:19:58'),
(123, 'mail657043@test.com', 'X436222491q', 'img01', '武子翔', '1997-06-26', 'D232629132', '男', '新北市汐止區', 178, 92, '雙子座', 'B', '有', '滴酒不沾', '國小', '護理長', '站內死了機會', '0911577959', '2023-05-12 16:19:58'),
(124, 'mail291732@test.com', 'Y447560457j', 'img01', '陶彥丞', '1985-10-19', 'J267605028', '男', '新北市中和區', 174, 80, '雙魚座', 'O', '有', '小酌', '碩士', 'IC設計工程師', '幾天肯定先後焦點既然和他熱情主機邀請搜尋引擎面前，女性建材什麼', '0911408105', '2023-05-12 16:19:58'),
(125, 'mail419482@test.com', 'Z401430562q', 'img01', '韓冠霆', '1998-07-17', 'P123474157', '男', '臺北市南港區', 176, 96, '天蠍座', 'A', '無', '酒豪', '博士', '數位IC設計工程師', '公開固定水晶', '0911423411', '2023-05-12 16:19:58'),
(126, 'mail372110@test.com', 'P945534645d', 'img01', '龐欣怡', '1996-02-06', 'H262815134', '男', '新北市坪林區', 198, 98, '巨蟹座', 'B', '有', '小酌', '國小', '飛行機師', '上午日誌一位會計本人第一個人類靜靜', '0911974134', '2023-05-12 16:19:58'),
(127, 'mail745441@test.com', 'G405425229j', 'img01', '盧育誠', '1994-01-01', 'R117459966', '女', '新北市深坑區', 156, 95, '天秤座', 'AB', '有', '小酌', '高中', '系統分析師', '幾天肯定先後焦點既然和他熱情主機邀請搜尋引擎面前，女性建材什麼', '0911290885', '2023-05-12 16:19:58'),
(128, 'mail758171@test.com', 'O529283111k', 'img01', '任冠佑', '1986-11-01', 'T286849398', '男', '新北市三峽區', 185, 70, '金牛座', 'O', '有', '酒豪', '國小', '律師', '也可保健避免什麼黑', '0911397833', '2023-05-12 16:19:58'),
(129, 'mail59018@test.com', 'Z514576610t', 'img01', '繆昱辰', '1988-09-25', 'E120074679', '男', '臺北市中山區', 199, 74, '天蠍座', 'B', '無', '小酌', '高中', '律師', '幾天肯定先後焦點既然和他熱情主機邀請搜尋引擎面前，女性建材什麼', '0911662234', '2023-05-12 16:19:58'),
(130, 'mail892737@test.com', 'K572742482f', 'img01', '常宇傑', '1988-11-11', 'Y293207008', '男', '新北市林口區', 153, 59, '魔羯座', 'O', '無', '酒豪', '國中', '律師', '站內死了機會', '0911700278', '2023-05-12 16:19:58'),
(131, 'mail913847@test.com', 'I920631717v', 'img01', '龐家豪', '1996-07-08', 'S297570109', '男', '新北市蘆洲區', 157, 102, '雙子座', 'AB', '無', '酒豪', '學士', '醫師', '公開固定水晶', '0911403562', '2023-05-12 16:19:58'),
(132, 'mail769771@test.com', 'X604255862a', 'img01', '費丞恩', '1986-07-22', 'F226077449', '男', '臺北市信義區', 178, 49, '處女座', 'B', '無', '滴酒不沾', '碩士', '醫學美容', '生命移動', '0911557074', '2023-05-12 16:19:58'),
(133, 'mail261641@test.com', 'Z418941972j', 'img01', '欒俞安', '1989-03-07', 'D240507842', '女', '新北市雙溪區', 180, 67, '天蠍座', 'A', '無', '酒豪', '高中', '護理長', '也可保健避免什麼黑', '0911778933', '2023-05-12 16:19:58'),
(134, 'mail262542@test.com', 'G424438179t', 'img01', '彭柏安', '1995-08-05', 'L233626983', '女', '基隆市暖暖區', 153, 44, '天蠍座', 'B', '有', '滴酒不沾', '碩士', '中醫師', '公開固定水晶', '0911340419', '2023-05-12 16:19:58'),
(135, 'mail267104@test.com', 'U679721588j', 'img01', '申靖雯', '1996-03-27', 'R239346419', '男', '新北市新莊區', 184, 60, '魔羯座', 'O', '有', '小酌', '學士', '建築師', '站內死了機會', '0911213486', '2023-05-12 16:19:58'),
(136, 'mail610205@test.com', 'P287826094p', 'img01', '花佳怡', '1995-03-25', 'P157085359', '男', '基隆市中正區', 178, 108, '魔羯座', 'B', '有', '滴酒不沾', '學士', '護理長', '站內死了機會', '0911484627', '2023-05-12 16:19:58'),
(137, 'mail388908@test.com', 'C155365965r', 'img01', '舒秉叡', '1991-11-12', 'Y118276037', '男', '新北市平溪區', 179, 105, '雙子座', 'AB', '有', '滴酒不沾', '高中', '麻醉醫師', '發現其中疾病編輯通過級別太多律師寶寶比如', '0911653083', '2023-05-12 16:19:58'),
(138, 'mail560883@test.com', 'D258224307h', 'img01', '古苡瑄', '1999-06-02', 'K170498248', '男', '臺北市信義區', 191, 47, '獅子座', 'O', '無', '滴酒不沾', '學士', '飛行機師', '站內死了機會', '0911100641', '2023-05-12 16:19:58'),
(139, 'mail421449@test.com', 'P157949481y', 'img01', '蘇奕安', '1985-06-06', 'U170278612', '男', '新北市瑞芳區', 163, 54, '獅子座', 'A', '有', '酒豪', '博士', '醫師', '公開固定水晶', '0911980517', '2023-05-12 16:19:58'),
(140, 'mail653476@test.com', 'T902709741k', 'img01', '雷怡靜', '1994-05-08', 'J296412658', '女', '臺北市內湖區', 171, 72, '金牛座', 'A', '無', '小酌', '國中', '醫學美容', '幾天肯定先後焦點既然和他熱情主機邀請搜尋引擎面前，女性建材什麼', '0911268197', '2023-05-12 16:19:58'),
(141, 'mail727533@test.com', 'B959409400n', 'img01', '侯俊宇', '1991-09-04', 'D166225106', '男', '新北市樹林區', 163, 85, '巨蟹座', 'AB', '無', '酒豪', '碩士', '系統分析師', '公開固定水晶', '0911613339', '2023-05-12 16:19:58'),
(142, 'mail835547@test.com', 'H767310709d', 'img01', '戚芷瑄', '1995-06-29', 'O151116491', '女', '新北市鶯歌區', 158, 97, '魔羯座', 'A', '無', '酒豪', '高中', '牙醫師', '生命移動', '0911756429', '2023-05-12 16:19:58'),
(143, 'mail525575@test.com', 'O925073142d', 'img01', '岳景翔', '1992-01-12', 'R155389968', '男', '新北市五股區', 195, 56, '水瓶座', 'B', '無', '酒豪', '國小', '船上作業人員', '也可保健避免什麼黑', '0911205178', '2023-05-12 16:19:58'),
(144, 'mail661764@test.com', 'U901886164m', 'img01', '鐘彥廷', '1996-06-13', 'Z271715817', '男', '基隆市七堵區', 174, 85, '水瓶座', 'AB', '無', '酒豪', '國中', '藥師輪機部船員', '站內死了機會', '0911284624', '2023-05-12 16:19:58'),
(145, 'mail376022@test.com', 'K152186809b', 'img01', '孫奕翔', '1999-05-04', 'J221594718', '男', '新北市萬里區', 160, 42, '雙子座', 'B', '有', '酒豪', '碩士', '藥師輪機部船員', '站內死了機會', '0911135739', '2023-05-12 16:19:58'),
(146, 'mail598678@test.com', 'Y821912099y', 'img01', '雷宇恩', '1991-03-24', 'S186227871', '女', '新北市永和區', 176, 110, '射手座', 'AB', '無', '小酌', '碩士', '麻醉醫師', '上午日誌一位會計本人第一個人類靜靜', '0911752940', '2023-05-12 16:19:58'),
(147, 'mail578538@test.com', 'J629627252o', 'img01', '裴家銘', '1999-10-10', 'O129934302', '女', '新北市萬里區', 151, 80, '魔羯座', 'AB', '無', '小酌', '博士', '船上作業人員', '站內死了機會', '0911909104', '2023-05-12 16:19:58'),
(148, 'mail383677@test.com', 'S548318306g', 'img01', '孔宥均', '1998-09-10', 'Q268224567', '女', '臺北市南港區', 185, 79, '牡羊座', 'O', '有', '酒豪', '國小', '護理長', '站內死了機會', '0911818394', '2023-05-12 16:19:58'),
(149, 'mail183041@test.com', 'S792182607b', 'img01', '林依璇', '1996-08-05', 'H197828914', '男', '新北市汐止區', 169, 91, '牡羊座', 'B', '有', '滴酒不沾', '國小', '空服人員', '上午日誌一位會計本人第一個人類靜靜', '0911782000', '2023-05-12 16:19:58'),
(150, 'mail264087@test.com', 'N869324354y', 'img01', '曾芊妤', '1991-06-20', 'F235278828', '女', '新北市三峽區', 176, 107, '巨蟹座', 'O', '有', '滴酒不沾', '博士', '牙醫師', '公開固定水晶', '0911755311', '2023-05-12 16:19:58'),
(151, 'mail884925@test.com', 'L352809693p', 'img01', '蔡品妍', '1986-08-31', 'F238531898', '男', '臺北市內湖區', 194, 78, '天秤座', 'AB', '有', '酒豪', '高中', '建築師', '生命移動', '0911766196', '2023-05-12 16:19:58'),
(152, 'mail47420@test.com', 'C414630521i', 'img01', '高俊諺', '1988-02-28', 'N294400518', '男', '新北市貢寮區', 200, 98, '金牛座', 'A', '有', '滴酒不沾', '國小', '飛行機師', '發現其中疾病編輯通過級別太多律師寶寶比如', '0911924311', '2023-05-12 16:19:58'),
(153, 'mail930483@test.com', 'C500850172x', 'img01', '官芷瑜', '1996-05-28', 'G222937553', '男', '新北市中和區', 186, 78, '天秤座', 'B', '無', '滴酒不沾', '國小', '聯結車司機', '幾天肯定先後焦點既然和他熱情主機邀請搜尋引擎面前，女性建材什麼', '0911126783', '2023-05-12 16:19:58'),
(154, 'mail342726@test.com', 'S676722471g', 'img01', '辜詠晴', '1988-04-07', 'W276346272', '女', '新北市萬里區', 150, 110, '牡羊座', 'B', '無', '滴酒不沾', '學士', '醫學美容', '上午日誌一位會計本人第一個人類靜靜', '0911875212', '2023-05-12 16:19:58'),
(155, 'mail404969@test.com', 'I252387786t', 'img01', '范姜彥辰', '1988-02-03', 'U222064799', '男', '臺北市松山區', 183, 97, '射手座', 'B', '有', '酒豪', '國中', '類比IC設計工程師', '幾天肯定先後焦點既然和他熱情主機邀請搜尋引擎面前，女性建材什麼', '0911646292', '2023-05-12 16:19:58'),
(156, 'mail958445@test.com', 'R774747530z', 'img01', '黃冠妤', '1989-04-25', 'E189776418', '男', '臺北市信義區', 195, 84, '牡羊座', 'AB', '有', '滴酒不沾', '博士', '飛行機師', '公開固定水晶', '0911741750', '2023-05-12 16:19:58'),
(157, 'mail125176@test.com', 'T889365228l', 'img01', '丁宜萱', '1993-04-09', 'F156175753', '女', '臺北市文山區', 178, 108, '魔羯座', 'O', '有', '酒豪', '國小', '數位IC設計工程師', '上午日誌一位會計本人第一個人類靜靜', '0911133233', '2023-05-12 16:19:58'),
(158, 'mail156759@test.com', 'Y643729162s', 'img01', '鄞庭妤', '1985-09-29', 'P253609311', '女', '新北市八里區', 198, 84, '射手座', 'B', '無', '滴酒不沾', '碩士', '麻醉醫師', '站內死了機會', '0911597504', '2023-05-12 16:19:58'),
(159, 'mail359958@test.com', 'R674581946c', 'img01', '羅祐嘉', '1985-06-16', 'E164577291', '男', '臺北市中山區', 191, 103, '雙子座', 'A', '有', '酒豪', '博士', '中醫師', '生命移動', '0911825552', '2023-05-12 16:19:58'),
(160, 'mail890073@test.com', 'B392145985k', 'img01', '龔俊凱', '1993-12-08', 'X247863102', '男', '新北市樹林區', 158, 49, '牡羊座', 'O', '無', '酒豪', '國中', '船上作業人員', '發現其中疾病編輯通過級別太多律師寶寶比如', '0911426490', '2023-05-12 16:19:58'),
(161, 'mail633345@test.com', 'Y709612369n', 'img01', '高子芸', '1986-11-29', 'D170182985', '女', '基隆市安樂區', 180, 73, '天蠍座', 'B', '無', '酒豪', '博士', 'IC設計工程師', '站內死了機會', '0911885021', '2023-05-12 16:19:58'),
(162, 'mail793795@test.com', 'H181125384a', 'img01', '韓庭瑜', '1996-06-08', 'N229342135', '女', '新北市樹林區', 167, 80, '牡羊座', 'B', '有', '小酌', '國中', 'IC設計工程師', '幾天肯定先後焦點既然和他熱情主機邀請搜尋引擎面前，女性建材什麼', '0911340265', '2023-05-12 16:19:58'),
(163, 'mail693744@test.com', 'U608540490f', 'img01', '歐佳恩', '1986-01-18', 'G250663967', '女', '臺北市中山區', 180, 83, '射手座', 'A', '有', '酒豪', '碩士', '船上作業人員', '公開固定水晶', '0911712327', '2023-05-12 16:19:58'),
(164, 'mail212593@test.com', 'T398873658d', 'img01', '裴子芸', '1985-07-24', 'P154042935', '女', '新北市林口區', 176, 101, '巨蟹座', 'A', '有', '滴酒不沾', '學士', '律師', '發現其中疾病編輯通過級別太多律師寶寶比如', '0911694022', '2023-05-12 16:19:58'),
(165, 'mail134094@test.com', 'F614216980m', 'img01', '方柏鈞', '1987-08-13', 'J125424776', '男', '新北市金山區', 181, 63, '水瓶座', 'B', '有', '酒豪', '高中', '律師', '生命移動', '0911873878', '2023-05-12 16:19:58'),
(166, 'mail387193@test.com', 'T452354044d', 'img01', '蘇芷妍', '1993-11-26', 'N287343234', '女', '基隆市暖暖區', 192, 53, '牡羊座', 'A', '無', '滴酒不沾', '碩士', '艙面部船員', '發現其中疾病編輯通過級別太多律師寶寶比如', '0911482109', '2023-05-12 16:19:58'),
(167, 'mail558860@test.com', 'L312217896g', 'img01', '聶佳臻', '1987-12-12', 'F133849802', '女', '新北市淡水區', 160, 47, '天秤座', 'AB', '無', '酒豪', '學士', '聯結車司機', '發現其中疾病編輯通過級別太多律師寶寶比如', '0911783347', '2023-05-12 16:19:58'),
(168, 'mail80545@test.com', 'O829341865q', 'img01', '時詩涵', '1999-09-01', 'S122376733', '女', '新北市八里區', 179, 52, '巨蟹座', 'B', '無', '滴酒不沾', '碩士', '護理長', '上午日誌一位會計本人第一個人類靜靜', '0911612523', '2023-05-12 16:19:58'),
(169, 'mail441076@test.com', 'N976898956y', 'img01', '傅家維', '1998-06-28', 'X199046061', '男', '新北市石門區', 199, 56, '牡羊座', 'A', '無', '滴酒不沾', '博士', '系統分析師', '生命移動', '0911322579', '2023-05-12 16:19:58'),
(170, 'mail236687@test.com', 'U855302002u', 'img01', '繆芷瑄', '1997-05-26', 'T147729736', '女', '基隆市安樂區', 151, 65, '金牛座', 'A', '有', '酒豪', '碩士', '律師', '公開固定水晶', '0911983423', '2023-05-12 16:19:58'),
(171, 'mail228399@test.com', 'K160872246b', 'img01', '何芷瑜', '1995-03-18', 'Z272480355', '女', '新北市泰山區', 157, 59, '魔羯座', 'O', '無', '酒豪', '學士', 'IC設計工程師', '上午日誌一位會計本人第一個人類靜靜', '0911738371', '2023-05-12 16:19:58'),
(172, 'mail835377@test.com', 'L205384970m', 'img01', '唐昱翔', '1997-05-26', 'G197644959', '男', '新北市三重區', 156, 63, '天蠍座', 'B', '無', '酒豪', '碩士', '飛行機師', '上午日誌一位會計本人第一個人類靜靜', '0911338326', '2023-05-12 16:19:58'),
(173, 'mail299919@test.com', 'B919614097q', 'img01', '覃俊佑', '1985-10-17', 'R117719660', '女', '新北市鶯歌區', 171, 83, '巨蟹座', 'A', '無', '酒豪', '國小', '艙面部船員', '幾天肯定先後焦點既然和他熱情主機邀請搜尋引擎面前，女性建材什麼', '0911766247', '2023-05-12 16:19:58'),
(174, 'mail826715@test.com', 'T788807761x', 'img01', '方祐嘉', '1997-01-01', 'P152185833', '男', '基隆市七堵區', 162, 53, '魔羯座', 'A', '有', '小酌', '碩士', '建築師', '發現其中疾病編輯通過級別太多律師寶寶比如', '0911788575', '2023-05-12 16:19:58'),
(175, 'mail458265@test.com', 'E967870644m', 'img01', '鄒禹彤', '1996-02-21', 'K212421847', '男', '新北市三峽區', 172, 97, '處女座', 'A', '有', '滴酒不沾', '碩士', '系統分析師', '公開固定水晶', '0911728882', '2023-05-12 16:19:58'),
(176, 'mail230328@test.com', 'S124433870v', 'img01', '文鈺婷', '1993-11-12', 'U189709381', '男', '臺北市中山區', 160, 109, '天蠍座', 'B', '有', '小酌', '國中', '牙醫師', '也可保健避免什麼黑', '0911778978', '2023-05-12 16:19:58'),
(177, 'mail444330@test.com', 'P223356684j', 'img01', '路子瑄', '1988-03-10', 'K165996171', '女', '新北市新莊區', 151, 59, '雙子座', 'O', '有', '酒豪', '國小', '船上作業人員', '上午日誌一位會計本人第一個人類靜靜', '0911230851', '2023-05-12 16:19:58'),
(178, 'mail853455@test.com', 'W826521172q', 'img01', '滕雅築', '1997-04-07', 'O189101865', '男', '新北市雙溪區', 168, 53, '雙子座', 'B', '無', '酒豪', '博士', '類比IC設計工程師', '幾天肯定先後焦點既然和他熱情主機邀請搜尋引擎面前，女性建材什麼', '0911954944', '2023-05-12 16:19:58'),
(179, 'mail279759@test.com', 'J301221321t', 'img01', '申怡萱', '1993-06-10', 'P148038312', '男', '新北市樹林區', 189, 103, '天秤座', 'AB', '有', '滴酒不沾', '高中', '建築師', '生命移動', '0911400792', '2023-05-12 16:19:58'),
(180, 'mail743310@test.com', 'K194358236q', 'img01', '花祐誠', '1998-10-29', 'E219599902', '男', '新北市泰山區', 170, 109, '獅子座', 'AB', '無', '滴酒不沾', '博士', '船上作業人員', '上午日誌一位會計本人第一個人類靜靜', '0911482063', '2023-05-12 16:19:58'),
(181, 'mail389509@test.com', 'F782781466n', 'img01', '段芷萱', '1990-10-16', 'A267735281', '女', '臺北市北投區', 156, 82, '天秤座', 'B', '有', '滴酒不沾', '國中', '中醫師', '公開固定水晶', '0911245540', '2023-05-12 16:19:58'),
(182, 'mail41233@test.com', 'C991924492t', 'img01', '車柏翰', '1995-07-27', 'L221452073', '男', '臺北市南港區', 194, 108, '金牛座', 'B', '無', '小酌', '高中', '船上作業人員', '發現其中疾病編輯通過級別太多律師寶寶比如', '0911868002', '2023-05-12 16:19:58'),
(183, 'mail248382@test.com', 'W521491346d', 'img01', '周奕廷', '1994-01-07', 'C122121839', '女', '臺北市松山區', 165, 79, '牡羊座', 'O', '無', '酒豪', '學士', '空服人員', '站內死了機會', '0911772039', '2023-05-12 16:19:58'),
(184, 'mail212234@test.com', 'N279866361l', 'img01', '田芷瑄', '1998-01-28', 'O279452911', '男', '臺北市松山區', 193, 107, '金牛座', 'AB', '無', '滴酒不沾', '碩士', '艙面部船員', '上午日誌一位會計本人第一個人類靜靜', '0911347741', '2023-05-12 16:19:58'),
(185, 'mail47970@test.com', 'E807741597y', 'img01', '項奕辰', '1991-09-08', 'K296282559', '女', '新北市深坑區', 169, 105, '巨蟹座', 'O', '有', '滴酒不沾', '碩士', '醫師', '生命移動', '0911236671', '2023-05-12 16:19:58'),
(186, 'mail728304@test.com', 'K348447498x', 'img01', '施昱翔', '1999-03-14', 'G252518017', '男', '基隆市仁愛區', 180, 45, '處女座', 'A', '無', '滴酒不沾', '高中', '醫師', '幾天肯定先後焦點既然和他熱情主機邀請搜尋引擎面前，女性建材什麼', '0911455145', '2023-05-12 16:19:58'),
(187, 'mail590086@test.com', 'A328224105m', 'img01', '項宣妤', '1997-02-26', 'C180861705', '男', '新北市石碇區', 193, 41, '巨蟹座', 'AB', '有', '滴酒不沾', '國中', '牙醫師', '發現其中疾病編輯通過級別太多律師寶寶比如', '0911429362', '2023-05-12 16:19:58'),
(188, 'mail521437@test.com', 'Q413454275u', 'img01', '姜郁婷', '1990-01-13', 'Z215056519', '女', '基隆市仁愛區', 183, 100, '天蠍座', 'B', '有', '滴酒不沾', '高中', '藝術總監', '上午日誌一位會計本人第一個人類靜靜', '0911599876', '2023-05-12 16:19:58'),
(189, 'mail865047@test.com', 'L152251642f', 'img01', '谷品睿', '1999-02-23', 'N135114330', '女', '基隆市仁愛區', 198, 92, '巨蟹座', 'B', '無', '小酌', '高中', '醫師', '站內死了機會', '0911732559', '2023-05-12 16:19:58'),
(190, 'mail539948@test.com', 'V145581181i', 'img01', '戴姿穎', '1994-10-25', 'B253220251', '女', '新北市萬里區', 168, 55, '射手座', 'A', '無', '滴酒不沾', '博士', '中醫師', '也可保健避免什麼黑', '0911249965', '2023-05-12 16:19:58'),
(191, 'mail220813@test.com', 'N787522020t', 'img01', '谷柏毅', '1986-08-31', 'F250559011', '男', '臺北市大同區', 166, 73, '魔羯座', 'AB', '有', '酒豪', '碩士', '類比IC設計工程師', '發現其中疾病編輯通過級別太多律師寶寶比如', '0911908268', '2023-05-12 16:19:58'),
(192, 'mail303338@test.com', 'P263058809b', 'img01', '卓庭瑋', '1992-09-24', 'Y115320338', '女', '新北市金山區', 160, 110, '金牛座', 'AB', '有', '滴酒不沾', '學士', '牙醫師', '站內死了機會', '0911172339', '2023-05-12 16:19:58'),
(193, 'mail993681@test.com', 'R454855580m', 'img01', '甘凱傑', '1993-02-05', 'W112310010', '男', '基隆市暖暖區', 186, 79, '巨蟹座', 'A', '有', '小酌', '國中', '中醫師', '生命移動', '0911893212', '2023-05-12 16:19:58'),
(194, 'mail26764@test.com', 'M921733950n', 'img01', '沈宥任', '1994-02-24', 'D127734925', '女', '新北市萬里區', 196, 96, '天蠍座', 'B', '無', '滴酒不沾', '學士', '數位IC設計工程師', '發現其中疾病編輯通過級別太多律師寶寶比如', '0911361266', '2023-05-12 16:19:58'),
(195, 'mail241643@test.com', 'V569377149q', 'img01', '段柏凱', '1988-01-22', 'E148417524', '男', '新北市三峽區', 163, 47, '牡羊座', 'O', '有', '小酌', '高中', '護理長', '生命移動', '0911750220', '2023-05-12 16:19:58'),
(196, 'mail857008@test.com', 'C121748868i', 'img01', '陽哲瑋', '1997-09-26', 'E249765690', '男', '基隆市信義區', 167, 105, '獅子座', 'AB', '無', '滴酒不沾', '博士', '藝術總監', '發現其中疾病編輯通過級別太多律師寶寶比如', '0911176687', '2023-05-12 16:19:58'),
(197, 'mail494576@test.com', 'R543169765w', 'img01', '詹柏諺', '1991-02-04', 'G136720061', '女', '新北市三重區', 180, 80, '牡羊座', 'B', '有', '小酌', '國小', '麻醉醫師', '生命移動', '0911306842', '2023-05-12 16:19:58'),
(198, 'mail117595@test.com', 'H286818531n', 'img01', '應育誠', '1998-07-23', 'H248103088', '男', '新北市林口區', 151, 75, '牡羊座', 'B', '有', '滴酒不沾', '博士', 'IC設計工程師', '幾天肯定先後焦點既然和他熱情主機邀請搜尋引擎面前，女性建材什麼', '0911764760', '2023-05-12 16:19:58'),
(199, 'mail39408@test.com', 'I395472664r', 'img01', '古怡靜', '1996-03-12', 'G195313270', '女', '新北市石碇區', 182, 53, '魔羯座', 'B', '有', '滴酒不沾', '學士', '數位IC設計工程師', '幾天肯定先後焦點既然和他熱情主機邀請搜尋引擎面前，女性建材什麼', '0911540477', '2023-05-12 16:19:58'),
(200, 'mail110290@test.com', 'N511412033w', 'img01', '蕭冠廷', '1997-08-26', 'J272912337', '男', '臺北市內湖區', 188, 96, '水瓶座', 'B', '有', '小酌', '國小', '護理長', '公開固定水晶', '0911342138', '2023-05-12 16:19:58'),
(201, 'mail667062@test.com', 'B732172723q', 'img01', '翁郁晴', '1994-05-12', 'S245264212', '男', '新北市貢寮區', 188, 49, '雙魚座', 'AB', '有', '滴酒不沾', '博士', '護理長', '生命移動', '0911889960', '2023-05-12 16:19:58'),
(202, 'mail240727@test.com', 'P992369514p', 'img01', '聶思涵', '1991-12-29', 'K294758369', '男', '臺北市萬華區', 181, 52, '雙魚座', 'A', '有', '小酌', '博士', '牙醫師', '發現其中疾病編輯通過級別太多律師寶寶比如', '0911716801', '2023-05-12 16:19:58'),
(203, 'mail120780@test.com', 'V995748317v', 'img01', '蒲柏均', '1987-09-29', 'X198612940', '女', '臺北市萬華區', 151, 58, '雙子座', 'A', '無', '滴酒不沾', '高中', '系統分析師', '發現其中疾病編輯通過級別太多律師寶寶比如', '0911408741', '2023-05-12 16:19:58'),
(204, 'mail332776@test.com', 'V994360778r', 'img01', '賴育誠', '1999-11-19', 'Q145948467', '男', '新北市貢寮區', 197, 98, '處女座', 'B', '無', '小酌', '學士', '藥師輪機部船員', '生命移動', '0911855345', '2023-05-12 16:19:58'),
(205, 'mail184581@test.com', 'Q354076736v', 'img01', '華俊凱', '1999-11-13', 'J220354447', '男', '臺北市大同區', 170, 100, '牡羊座', 'B', '有', '滴酒不沾', '碩士', '中醫師', '幾天肯定先後焦點既然和他熱情主機邀請搜尋引擎面前，女性建材什麼', '0911921123', '2023-05-12 16:19:58'),
(206, 'mail162453@test.com', 'R788101619a', 'img01', '樂俊凱', '1996-11-12', 'B285411530', '女', '新北市蘆洲區', 190, 71, '天蠍座', 'B', '無', '滴酒不沾', '國小', '護理長', '發現其中疾病編輯通過級別太多律師寶寶比如', '0911117962', '2023-05-12 16:19:58'),
(207, 'mail68951@test.com', 'H296733329e', 'img01', '谷宇辰', '1988-03-02', 'B165735815', '女', '新北市三峽區', 161, 109, '天蠍座', 'A', '有', '滴酒不沾', '高中', '系統分析師', '站內死了機會', '0911147548', '2023-05-12 16:19:58'),
(208, 'mail223680@test.com', 'W530244106q', 'img01', '季羽彤', '1987-10-30', 'M198239698', '男', '新北市中和區', 170, 78, '天蠍座', 'A', '有', '酒豪', '高中', '藝術總監', '發現其中疾病編輯通過級別太多律師寶寶比如', '0911586250', '2023-05-12 16:19:58'),
(209, 'mail221700@test.com', 'B941109599h', 'img01', '車宥任', '1996-10-18', 'W283314005', '男', '新北市深坑區', 187, 72, '天秤座', 'B', '無', '滴酒不沾', '學士', '藝術總監', '生命移動', '0911567790', '2023-05-12 16:19:58'),
(210, 'mail49809@test.com', 'Z908853803z', 'img01', '卜博鈞', '1999-06-30', 'Q119070659', '男', '新北市石碇區', 153, 44, '天蠍座', 'A', '無', '小酌', '國小', '護理長', '生命移動', '0911502994', '2023-05-12 16:19:58'),
(211, 'mail99026@test.com', 'P116860257x', 'img01', '賈奕廷', '1990-03-09', 'W213941542', '女', '新北市淡水區', 194, 70, '天蠍座', 'O', '有', '小酌', '高中', '系統分析師', '發現其中疾病編輯通過級別太多律師寶寶比如', '0911964506', '2023-05-12 16:19:58'),
(212, 'mail57155@test.com', 'E946359166m', 'img01', '童柏毅', '1994-11-27', 'X118833848', '男', '新北市八里區', 152, 55, '金牛座', 'O', '有', '酒豪', '國小', '藝術總監', '生命移動', '0911665719', '2023-05-12 16:19:58'),
(213, 'mail712493@test.com', 'H309771736y', 'img01', '應奕安', '1994-10-04', 'O221083146', '女', '臺北市南港區', 200, 86, '獅子座', 'A', '有', '酒豪', '博士', '飛行機師', '也可保健避免什麼黑', '0911647960', '2023-05-12 16:19:58'),
(214, 'mail728920@test.com', 'M393858991s', 'img01', '黎承諺', '1991-08-12', 'C162823506', '女', '新北市樹林區', 187, 54, '魔羯座', 'O', '無', '小酌', '國中', '船上作業人員', '上午日誌一位會計本人第一個人類靜靜', '0911240048', '2023-05-12 16:19:58'),
(215, 'mail509284@test.com', 'G124029968b', 'img01', '彭秉諺', '1987-04-02', 'X181033159', '男', '臺北市中山區', 194, 78, '獅子座', 'AB', '有', '酒豪', '國小', '艙面部船員', '上午日誌一位會計本人第一個人類靜靜', '0911157503', '2023-05-12 16:19:58'),
(216, 'mail980235@test.com', 'M335596691p', 'img01', '桂柏凱', '1993-03-09', 'Z173411550', '女', '臺北市大同區', 170, 99, '處女座', 'O', '有', '小酌', '國小', '建築師', '發現其中疾病編輯通過級別太多律師寶寶比如', '0911315826', '2023-05-12 16:19:58'),
(217, 'mail783686@test.com', 'Z275642563u', 'img01', '沙柏諺', '1993-09-26', 'Q286885374', '男', '新北市三重區', 151, 45, '水瓶座', 'A', '無', '小酌', '高中', '飛行機師', '上午日誌一位會計本人第一個人類靜靜', '0911124039', '2023-05-12 16:19:58'),
(218, 'mail779095@test.com', 'F135750967b', 'img01', '阮雅築', '1997-06-09', 'R246461292', '女', '新北市烏來區', 180, 108, '射手座', 'B', '無', '酒豪', '碩士', '船上作業人員', '公開固定水晶', '0911512273', '2023-05-12 16:19:58'),
(219, 'mail169547@test.com', 'K305611334g', 'img01', '石宥丞', '1999-01-30', 'L228400675', '男', '新北市金山區', 189, 82, '水瓶座', 'B', '有', '滴酒不沾', '博士', '醫師', '也可保健避免什麼黑', '0911995500', '2023-05-12 16:19:58'),
(220, 'mail887379@test.com', 'W999110352a', 'img01', '余哲瑋', '1986-10-15', 'U214785515', '男', '新北市樹林區', 154, 110, '雙子座', 'A', '無', '酒豪', '博士', '醫學美容', '上午日誌一位會計本人第一個人類靜靜', '0911156784', '2023-05-12 16:19:58'),
(221, 'mail646601@test.com', 'E182724958n', 'img01', '陶宸瑋', '1986-06-09', 'B118087025', '男', '新北市石門區', 156, 79, '射手座', 'B', '無', '小酌', '博士', '護理長', '也可保健避免什麼黑', '0911251485', '2023-05-12 16:19:58'),
(222, 'mail163631@test.com', 'P161589495u', 'img01', '官依璇', '1985-01-29', 'G133251488', '女', '基隆市信義區', 196, 96, '獅子座', 'O', '無', '酒豪', '碩士', '護理長', '也可保健避免什麼黑', '0911556560', '2023-05-12 16:19:58'),
(223, 'mail753735@test.com', 'J476901819t', 'img01', '雲冠傑', '1985-10-25', 'H195086554', '女', '新北市板橋區', 194, 61, '射手座', 'A', '有', '酒豪', '學士', '聯結車司機', '站內死了機會', '0911341425', '2023-05-12 16:19:58'),
(224, 'mail165933@test.com', 'N882404303h', 'img01', '駱宇宸', '1996-10-07', 'C220543880', '男', '臺北市文山區', 186, 47, '魔羯座', 'O', '有', '滴酒不沾', '碩士', '系統分析師', '發現其中疾病編輯通過級別太多律師寶寶比如', '0911643976', '2023-05-12 16:19:58'),
(225, 'mail191779@test.com', 'M572602735x', 'img01', '買宥蓁', '1986-02-07', 'P177345081', '男', '基隆市仁愛區', 154, 44, '雙子座', 'A', '無', '滴酒不沾', '國小', '飛行機師', '生命移動', '0911511522', '2023-05-12 16:19:58'),
(226, 'mail244430@test.com', 'Z230893337k', 'img01', '陸詩婷', '1996-01-07', 'F231361720', '男', '新北市林口區', 154, 81, '處女座', 'A', '無', '滴酒不沾', '學士', '空服人員', '生命移動', '0911217677', '2023-05-12 16:19:58'),
(227, 'mail726838@test.com', 'V231858976j', 'img01', '姜芊妤', '1989-03-25', 'W271686582', '女', '新北市淡水區', 180, 62, '魔羯座', 'O', '無', '小酌', '碩士', '律師', '幾天肯定先後焦點既然和他熱情主機邀請搜尋引擎面前，女性建材什麼', '0911586304', '2023-05-12 16:19:58'),
(228, 'mail758610@test.com', 'K367363921j', 'img01', '孟思妤', '1994-07-09', 'V235615784', '男', '基隆市中山區', 157, 84, '雙魚座', 'AB', '有', '滴酒不沾', '國小', '飛行機師', '公開固定水晶', '0911157482', '2023-05-12 16:19:58'),
(229, 'mail17015@test.com', 'I617369588h', 'img01', '顏雅築', '1993-05-04', 'N259541003', '男', '基隆市暖暖區', 188, 65, '金牛座', 'A', '無', '酒豪', '高中', '飛行機師', '公開固定水晶', '0911888893', '2023-05-12 16:19:58'),
(230, 'mail403775@test.com', 'B142594129p', 'img01', '賀子傑', '1995-05-22', 'S118299488', '女', '基隆市信義區', 195, 108, '水瓶座', 'AB', '有', '滴酒不沾', '國小', '艙面部船員', '也可保健避免什麼黑', '0911133324', '2023-05-12 16:19:58'),
(231, 'mail231843@test.com', 'O527903811u', 'img01', '姚品蓁', '1989-02-10', 'X126740425', '女', '基隆市中正區', 192, 44, '雙魚座', 'B', '有', '酒豪', '學士', '律師', '生命移動', '0911253994', '2023-05-12 16:19:58'),
(232, 'mail434431@test.com', 'Y991597295b', 'img01', '紀柏凱', '1992-07-06', 'C140314597', '男', '基隆市信義區', 178, 107, '獅子座', 'B', '有', '小酌', '國中', '牙醫師', '也可保健避免什麼黑', '0911209065', '2023-05-12 16:19:58'),
(233, 'mail864261@test.com', 'A316224485k', 'img01', '季依璇', '1993-12-04', 'Y283330229', '男', '新北市金山區', 191, 56, '天蠍座', 'A', '有', '滴酒不沾', '高中', '艙面部船員', '也可保健避免什麼黑', '0911441426', '2023-05-12 16:19:58'),
(234, 'mail139306@test.com', 'C608843067z', 'img01', '阮宜芳', '1995-06-23', 'F161549614', '男', '新北市樹林區', 186, 78, '處女座', 'AB', '無', '小酌', '學士', '麻醉醫師', '公開固定水晶', '0911353172', '2023-05-12 16:19:58'),
(235, 'mail188795@test.com', 'E682952624p', 'img01', '陳亭妤', '1986-07-13', 'B264066113', '男', '臺北市中山區', 153, 94, '金牛座', 'O', '有', '酒豪', '博士', '中醫師', '發現其中疾病編輯通過級別太多律師寶寶比如', '0911126579', '2023-05-12 16:19:58'),
(236, 'mail631169@test.com', 'K297668644g', 'img01', '薛秉諺', '1989-12-04', 'S259334585', '男', '臺北市文山區', 177, 45, '天蠍座', 'O', '有', '滴酒不沾', '碩士', 'IC設計工程師', '發現其中疾病編輯通過級別太多律師寶寶比如', '0911193207', '2023-05-12 16:19:58'),
(237, 'mail193048@test.com', 'Y776469736u', 'img01', '史怡婷', '1993-01-24', 'L280092020', '男', '新北市新莊區', 196, 73, '魔羯座', 'O', '無', '小酌', '博士', '空服人員', '也可保健避免什麼黑', '0911418934', '2023-05-12 16:19:58'),
(238, 'mail179529@test.com', 'T518732939b', 'img01', '孟秉軒', '1999-10-06', 'W249111525', '女', '新北市板橋區', 193, 109, '金牛座', 'O', '無', '小酌', '學士', '聯結車司機', '幾天肯定先後焦點既然和他熱情主機邀請搜尋引擎面前，女性建材什麼', '0911594589', '2023-05-12 16:19:58'),
(239, 'mail870264@test.com', 'E422791703g', 'img01', '車冠傑', '1995-05-16', 'O147421691', '男', '新北市林口區', 188, 71, '獅子座', 'B', '有', '酒豪', '博士', '類比IC設計工程師', '幾天肯定先後焦點既然和他熱情主機邀請搜尋引擎面前，女性建材什麼', '0911560910', '2023-05-12 16:19:58'),
(240, 'mail437238@test.com', 'U713983270w', 'img01', '關思涵', '1985-12-04', 'S259215984', '男', '臺北市北投區', 196, 101, '天秤座', 'A', '有', '酒豪', '碩士', '船上作業人員', '發現其中疾病編輯通過級別太多律師寶寶比如', '0911563373', '2023-05-12 16:19:59'),
(241, 'mail303961@test.com', 'J722411642i', 'img01', '尚苡瑄', '1993-07-15', 'P165611033', '男', '臺北市中正區', 182, 57, '雙子座', 'AB', '無', '滴酒不沾', '碩士', 'IC設計工程師', '生命移動', '0911355948', '2023-05-12 16:19:59'),
(242, 'mail422545@test.com', 'F326707334l', 'img01', '章苡瑄', '1989-02-23', 'U133673979', '男', '新北市萬里區', 200, 86, '雙子座', 'A', '有', '小酌', '碩士', '聯結車司機', '公開固定水晶', '0911572122', '2023-05-12 16:19:59'),
(243, 'mail40950@test.com', 'Y250913564y', 'img01', '曹宣妤', '1995-06-06', 'U251589448', '女', '新北市金山區', 150, 56, '處女座', 'O', '有', '滴酒不沾', '高中', '飛行機師', '幾天肯定先後焦點既然和他熱情主機邀請搜尋引擎面前，女性建材什麼', '0911737735', '2023-05-12 16:19:59'),
(244, 'mail96685@test.com', 'C113690988k', 'img01', '聶佳臻', '1987-03-14', 'X112454600', '女', '新北市石門區', 197, 72, '雙子座', 'AB', '有', '小酌', '博士', '建築師', '發現其中疾病編輯通過級別太多律師寶寶比如', '0911176836', '2023-05-12 16:19:59'),
(245, 'mail83597@test.com', 'W133037321f', 'img01', '樓雅琪', '1998-05-16', 'M254420526', '女', '臺北市北投區', 153, 51, '射手座', 'AB', '無', '滴酒不沾', '高中', '數位IC設計工程師', '生命移動', '0911857320', '2023-05-12 16:19:59');
INSERT INTO `member` (`member_id`, `email`, `password`, `images`, `member_name`, `member_birth`, `id_number`, `gender`, `location`, `height`, `weight`, `zodiac`, `bloodtype`, `smoke`, `alchohol`, `education_level`, `job`, `profile`, `mobile`, `create_at`) VALUES
(246, 'mail347990@test.com', 'S504834544q', 'img01', '楊鈺婷', '1990-05-06', 'Q190845410', '男', '臺北市北投區', 183, 68, '獅子座', 'A', '無', '滴酒不沾', '國中', '系統分析師', '生命移動', '0911151963', '2023-05-12 16:19:59'),
(247, 'mail53094@test.com', 'J576360537w', 'img01', '牟庭妤', '1996-03-26', 'O254461570', '女', '新北市平溪區', 170, 105, '處女座', 'A', '無', '滴酒不沾', '學士', '醫師', '也可保健避免什麼黑', '0911505208', '2023-05-12 16:19:59'),
(248, 'mail581798@test.com', 'K403661505e', 'img01', '邱景翔', '1990-08-29', 'L293232062', '男', '新北市新店區', 151, 53, '牡羊座', 'A', '無', '小酌', '高中', '艙面部船員', '上午日誌一位會計本人第一個人類靜靜', '0911745586', '2023-05-12 16:19:59'),
(249, 'mail767792@test.com', 'L732979557b', 'img01', '田姿穎', '1995-04-26', 'R118532180', '男', '基隆市安樂區', 157, 85, '天蠍座', 'A', '無', '酒豪', '博士', '空服人員', '也可保健避免什麼黑', '0911639740', '2023-05-12 16:19:59'),
(250, 'mail704014@test.com', 'O235957875i', 'img01', '賈佳儀', '1995-07-25', 'T174417510', '男', '基隆市安樂區', 191, 84, '射手座', 'O', '無', '滴酒不沾', '碩士', '醫師', '也可保健避免什麼黑', '0911266164', '2023-05-12 16:19:59'),
(251, 'mail440665@test.com', 'I638444334q', 'img01', '呂凱翔', '1998-07-13', 'V263616533', '男', '基隆市中正區', 152, 92, '雙子座', 'O', '無', '小酌', '碩士', '飛行機師', '也可保健避免什麼黑', '0911855240', '2023-05-12 16:19:59'),
(252, 'mail773644@test.com', 'R924811307j', 'img01', '巴于萱', '1988-03-01', 'G174692969', '女', '基隆市七堵區', 194, 51, '獅子座', 'AB', '有', '酒豪', '國小', '中醫師', '也可保健避免什麼黑', '0911879294', '2023-05-12 16:19:59'),
(253, 'mail910756@test.com', 'I861147770q', 'img01', '雲宜臻', '1998-12-21', 'Z190151695', '男', '新北市三芝區', 177, 109, '巨蟹座', 'AB', '有', '滴酒不沾', '博士', '空服人員', '也可保健避免什麼黑', '0911399014', '2023-05-12 16:19:59'),
(254, 'mail194363@test.com', 'O821407051l', 'img01', '謝凱傑', '1999-01-29', 'U137958654', '男', '新北市三峽區', 162, 78, '獅子座', 'O', '無', '酒豪', '碩士', '艙面部船員', '公開固定水晶', '0911463338', '2023-05-12 16:19:59'),
(255, 'mail441264@test.com', 'C281001965f', 'img01', '包昀臻', '1985-07-29', 'R118325652', '女', '臺北市信義區', 184, 110, '雙魚座', 'AB', '有', '小酌', '高中', '麻醉醫師', '幾天肯定先後焦點既然和他熱情主機邀請搜尋引擎面前，女性建材什麼', '0911620930', '2023-05-12 16:19:59'),
(256, 'mail677566@test.com', 'Y704859651n', 'img01', '巴俊廷', '1993-07-07', 'G179977193', '男', '新北市板橋區', 159, 108, '魔羯座', 'A', '有', '小酌', '碩士', '麻醉醫師', '上午日誌一位會計本人第一個人類靜靜', '0911183396', '2023-05-12 16:19:59'),
(257, 'mail183550@test.com', 'B703556703o', 'img01', '樊佳妤', '1986-04-05', 'T255446967', '女', '新北市泰山區', 196, 100, '射手座', 'O', '有', '小酌', '博士', '空服人員', '幾天肯定先後焦點既然和他熱情主機邀請搜尋引擎面前，女性建材什麼', '0911717852', '2023-05-12 16:19:59'),
(258, 'mail54297@test.com', 'O199851657o', 'img01', '湯冠妤', '1995-01-22', 'Q256410135', '男', '新北市新莊區', 173, 45, '巨蟹座', 'A', '無', '酒豪', '高中', '類比IC設計工程師', '幾天肯定先後焦點既然和他熱情主機邀請搜尋引擎面前，女性建材什麼', '0911752427', '2023-05-12 16:19:59'),
(259, 'mail134460@test.com', 'X788339818i', 'img01', '侯彥廷', '1997-03-07', 'L177234626', '女', '新北市汐止區', 166, 67, '射手座', 'A', '無', '滴酒不沾', '碩士', '麻醉醫師', '發現其中疾病編輯通過級別太多律師寶寶比如', '0911629100', '2023-05-12 16:19:59'),
(260, 'mail416891@test.com', 'C467018247m', 'img01', '姚俊廷', '1994-11-10', 'P130427046', '女', '新北市貢寮區', 199, 96, '牡羊座', 'O', '有', '酒豪', '學士', '藝術總監', '幾天肯定先後焦點既然和他熱情主機邀請搜尋引擎面前，女性建材什麼', '0911853487', '2023-05-12 16:19:59'),
(261, 'mail23262@test.com', 'O128693173m', 'img01', '梅靖淳', '1986-12-26', 'K199332323', '女', '新北市萬里區', 173, 76, '獅子座', 'B', '有', '酒豪', '高中', '建築師', '生命移動', '0911443508', '2023-05-12 16:19:59'),
(262, 'mail66855@test.com', 'M439972350k', 'img01', '馮翊瑄', '1997-01-31', 'F288296477', '女', '基隆市中山區', 164, 55, '天秤座', 'B', '無', '酒豪', '博士', '艙面部船員', '站內死了機會', '0911419120', '2023-05-12 16:19:59'),
(263, 'mail132035@test.com', 'S656543901h', 'img01', '喻冠宏', '1997-12-19', 'W219353866', '女', '新北市汐止區', 171, 70, '巨蟹座', 'O', '無', '小酌', '國中', '船上作業人員', '上午日誌一位會計本人第一個人類靜靜', '0911165010', '2023-05-12 16:19:59'),
(264, 'mail832534@test.com', 'F351317480u', 'img01', '單宸瑋', '1998-09-20', 'N161044504', '男', '新北市八里區', 178, 72, '射手座', 'A', '有', '小酌', '碩士', '聯結車司機', '生命移動', '0911765846', '2023-05-12 16:19:59'),
(265, 'mail116612@test.com', 'F178810461d', 'img01', '耿柏霖', '1985-07-18', 'H126962951', '男', '新北市萬里區', 175, 97, '雙魚座', 'B', '有', '小酌', '博士', '數位IC設計工程師', '生命移動', '0911359683', '2023-05-12 16:19:59'),
(266, 'mail458178@test.com', 'W649940760v', 'img01', '嚴詩涵', '1999-04-01', 'W268115143', '男', '新北市烏來區', 194, 50, '魔羯座', 'O', '有', '小酌', '國中', '系統分析師', '上午日誌一位會計本人第一個人類靜靜', '0911584795', '2023-05-12 16:19:59'),
(267, 'mail893361@test.com', 'C586862111d', 'img01', '邵秉諺', '1994-07-27', 'B285505692', '女', '基隆市中山區', 192, 106, '獅子座', 'O', '無', '滴酒不沾', '國中', '系統分析師', '幾天肯定先後焦點既然和他熱情主機邀請搜尋引擎面前，女性建材什麼', '0911909816', '2023-05-12 16:19:59'),
(268, 'mail52269@test.com', 'X710427939x', 'img01', '喬郁婷', '1986-05-06', 'B249409880', '男', '新北市新店區', 198, 110, '牡羊座', 'B', '無', '酒豪', '高中', '飛行機師', '公開固定水晶', '0911808858', '2023-05-12 16:19:59'),
(269, 'mail219473@test.com', 'K712551115z', 'img01', '薛郁涵', '1995-07-28', 'P272822607', '女', '新北市八里區', 186, 88, '牡羊座', 'B', '有', '酒豪', '博士', '類比IC設計工程師', '生命移動', '0911272031', '2023-05-12 16:19:59'),
(270, 'mail963211@test.com', 'W511309016y', 'img01', '紀柏安', '1991-01-22', 'X264462599', '男', '新北市烏來區', 152, 109, '雙魚座', 'A', '無', '酒豪', '博士', '數位IC設計工程師', '生命移動', '0911747105', '2023-05-12 16:19:59'),
(271, 'mail771162@test.com', 'J209645401h', 'img01', '謝柏諺', '1998-05-03', 'V230038496', '女', '臺北市信義區', 197, 77, '天蠍座', 'AB', '無', '酒豪', '學士', '船上作業人員', '也可保健避免什麼黑', '0911326912', '2023-05-12 16:19:59'),
(272, 'mail771299@test.com', 'D728125128u', 'img01', '邢冠宏', '1997-12-20', 'D226994617', '女', '新北市三芝區', 196, 59, '天秤座', 'A', '無', '滴酒不沾', '國中', '建築師', '發現其中疾病編輯通過級別太多律師寶寶比如', '0911191530', '2023-05-12 16:19:59'),
(273, 'mail155056@test.com', 'G670413394q', 'img01', '房佳蓁', '1995-07-31', 'U137772290', '女', '新北市瑞芳區', 190, 83, '天秤座', 'AB', '有', '酒豪', '碩士', '麻醉醫師', '公開固定水晶', '0911762109', '2023-05-12 16:19:59'),
(274, 'mail997339@test.com', 'V555936984m', 'img01', '武子瑄', '1989-07-28', 'G174853473', '女', '臺北市松山區', 170, 59, '水瓶座', 'O', '有', '小酌', '學士', '空服人員', '也可保健避免什麼黑', '0911189592', '2023-05-12 16:19:59'),
(275, 'mail358955@test.com', 'N242287441n', 'img01', '符承佑', '1998-02-09', 'J214850533', '女', '新北市萬里區', 190, 103, '牡羊座', 'AB', '無', '酒豪', '國小', '系統分析師', '公開固定水晶', '0911526706', '2023-05-12 16:19:59'),
(276, 'mail314743@test.com', 'C847317314d', 'img01', '文凱文', '1999-11-08', 'W225597586', '女', '臺北市南港區', 199, 82, '魔羯座', 'AB', '有', '滴酒不沾', '博士', '藝術總監', '上午日誌一位會計本人第一個人類靜靜', '0911644981', '2023-05-12 16:19:59'),
(277, 'mail144298@test.com', 'T920984799k', 'img01', '顏于萱', '1987-08-10', 'K196640981', '男', '基隆市安樂區', 182, 93, '魔羯座', 'AB', '有', '酒豪', '學士', 'IC設計工程師', '也可保健避免什麼黑', '0911333852', '2023-05-12 16:19:59'),
(278, 'mail507110@test.com', 'T285254218m', 'img01', '孟奕翔', '1993-08-03', 'T239677573', '女', '臺北市南港區', 153, 94, '射手座', 'A', '有', '酒豪', '高中', 'IC設計工程師', '生命移動', '0911639976', '2023-05-12 16:19:59'),
(279, 'mail349750@test.com', 'X977903421w', 'img01', '沙秉叡', '1993-11-01', 'T257432186', '男', '新北市新店區', 161, 101, '射手座', 'B', '無', '小酌', '博士', 'IC設計工程師', '也可保健避免什麼黑', '0911740739', '2023-05-12 16:19:59'),
(280, 'mail168317@test.com', 'E626379277z', 'img01', '史柏辰', '1986-11-30', 'K230770287', '女', '新北市石碇區', 183, 56, '處女座', 'AB', '有', '酒豪', '高中', '系統分析師', '上午日誌一位會計本人第一個人類靜靜', '0911758683', '2023-05-12 16:19:59'),
(281, 'mail577726@test.com', 'C689229192e', 'img01', '麥冠穎', '1991-10-01', 'Y213257379', '女', '新北市淡水區', 154, 86, '射手座', 'B', '無', '滴酒不沾', '學士', '建築師', '也可保健避免什麼黑', '0911215643', '2023-05-12 16:19:59'),
(282, 'mail10839@test.com', 'R208076457n', 'img01', '朱俊佑', '1987-04-16', 'E188318578', '男', '新北市三芝區', 200, 44, '天秤座', 'A', '無', '酒豪', '碩士', '建築師', '公開固定水晶', '0911504146', '2023-05-12 16:19:59'),
(283, 'mail166223@test.com', 'P968576878r', 'img01', '季俊廷', '1989-06-08', 'M163107639', '女', '臺北市中山區', 200, 76, '金牛座', 'A', '無', '小酌', '碩士', '飛行機師', '也可保健避免什麼黑', '0911592142', '2023-05-12 16:19:59'),
(284, 'mail618839@test.com', 'M697357373a', 'img01', '喬智凱', '1995-12-15', 'K168006798', '女', '新北市三重區', 188, 80, '天秤座', 'B', '無', '小酌', '碩士', '律師', '發現其中疾病編輯通過級別太多律師寶寶比如', '0911691234', '2023-05-12 16:19:59'),
(285, 'mail862524@test.com', 'C493373797c', 'img01', '古詩涵', '1994-01-05', 'F234076822', '女', '臺北市南港區', 178, 47, '水瓶座', 'A', '有', '酒豪', '國中', '藥師輪機部船員', '站內死了機會', '0911170119', '2023-05-12 16:19:59'),
(286, 'mail401832@test.com', 'D443139085a', 'img01', '謝柏勳', '1992-03-11', 'C137890709', '女', '新北市坪林區', 163, 52, '射手座', 'A', '有', '滴酒不沾', '國小', '空服人員', '發現其中疾病編輯通過級別太多律師寶寶比如', '0911780393', '2023-05-12 16:19:59'),
(287, 'mail344128@test.com', 'J563358997s', 'img01', '梁浩宇', '1993-03-16', 'H153286137', '男', '新北市三峽區', 192, 109, '巨蟹座', 'O', '有', '小酌', '學士', '數位IC設計工程師', '生命移動', '0911973952', '2023-05-12 16:19:59'),
(288, 'mail644032@test.com', 'G531796172u', 'img01', '呂宇宸', '1992-01-27', 'Q230344705', '女', '新北市淡水區', 181, 40, '魔羯座', 'A', '無', '滴酒不沾', '碩士', '數位IC設計工程師', '站內死了機會', '0911887998', '2023-05-12 16:19:59'),
(289, 'mail554130@test.com', 'I717408903h', 'img01', '辛佳穎', '1985-11-29', 'T231647112', '女', '基隆市安樂區', 153, 99, '巨蟹座', 'B', '無', '酒豪', '碩士', '醫師', '公開固定水晶', '0911456108', '2023-05-12 16:19:59'),
(290, 'mail754426@test.com', 'A343035270u', 'img01', '瞿柏宏', '1991-02-09', 'Q184177102', '男', '臺北市北投區', 191, 102, '巨蟹座', 'O', '無', '酒豪', '學士', '聯結車司機', '上午日誌一位會計本人第一個人類靜靜', '0911474536', '2023-05-12 16:19:59'),
(291, 'mail773441@test.com', 'R316405309e', 'img01', '馮依璇', '1989-04-23', 'A273687050', '女', '新北市五股區', 193, 56, '獅子座', 'AB', '有', '酒豪', '國小', '數位IC設計工程師', '也可保健避免什麼黑', '0911187575', '2023-05-12 16:19:59'),
(292, 'mail812981@test.com', 'E645234399u', 'img01', '歐陽冠妤', '1991-07-12', 'E171114278', '女', '臺北市北投區', 160, 79, '巨蟹座', 'O', '無', '酒豪', '博士', '牙醫師', '上午日誌一位會計本人第一個人類靜靜', '0911972405', '2023-05-12 16:19:59'),
(293, 'mail397743@test.com', 'N491651917o', 'img01', '郝柏霖', '1995-11-17', 'V165811609', '男', '新北市烏來區', 156, 98, '處女座', 'AB', '無', '酒豪', '國小', '牙醫師', '發現其中疾病編輯通過級別太多律師寶寶比如', '0911902509', '2023-05-12 16:19:59'),
(294, 'mail343034@test.com', 'K579355555i', 'img01', '袁凱翔', '1998-09-19', 'U130543471', '女', '臺北市大安區', 185, 45, '天秤座', 'B', '有', '酒豪', '高中', '護理長', '幾天肯定先後焦點既然和他熱情主機邀請搜尋引擎面前，女性建材什麼', '0911595218', '2023-05-12 16:19:59'),
(295, 'mail453514@test.com', 'Z682633874q', 'img01', '凌凱文', '1993-01-19', 'K136878372', '男', '基隆市信義區', 165, 81, '射手座', 'AB', '無', '小酌', '國小', '數位IC設計工程師', '也可保健避免什麼黑', '0911551292', '2023-05-12 16:19:59'),
(296, 'mail841869@test.com', 'H718719453v', 'img01', '杜怡安', '1987-05-10', 'L124696071', '女', '新北市萬里區', 186, 59, '天秤座', 'B', '無', '小酌', '高中', '藝術總監', '站內死了機會', '0911206256', '2023-05-12 16:19:59'),
(297, 'mail431878@test.com', 'C479499883s', 'img01', '何佳欣', '1991-05-26', 'V163264776', '男', '基隆市仁愛區', 169, 61, '處女座', 'AB', '有', '滴酒不沾', '國小', '聯結車司機', '幾天肯定先後焦點既然和他熱情主機邀請搜尋引擎面前，女性建材什麼', '0911142019', '2023-05-12 16:19:59'),
(298, 'mail682651@test.com', 'K480126709b', 'img01', '魏亭妤', '1992-10-27', 'O223181758', '男', '新北市蘆洲區', 199, 91, '魔羯座', 'AB', '無', '小酌', '國小', '空服人員', '也可保健避免什麼黑', '0911479166', '2023-05-12 16:19:59'),
(299, 'mail662700@test.com', 'F297704286p', 'img01', '牟秉軒', '1995-07-24', 'U273065720', '女', '新北市樹林區', 183, 70, '獅子座', 'O', '無', '滴酒不沾', '高中', '牙醫師', '生命移動', '0911716479', '2023-05-12 16:19:59'),
(300, 'mail93767@test.com', 'D326338641a', 'img01', '單昱翔', '1992-04-30', 'W271621957', '男', '基隆市信義區', 200, 94, '雙子座', 'B', '無', '小酌', '碩士', '船上作業人員', '幾天肯定先後焦點既然和他熱情主機邀請搜尋引擎面前，女性建材什麼', '0911487207', '2023-05-12 16:19:59'),
(301, 'mail514205@test.com', 'N429771023u', 'img01', '塗佳蓉', '1990-08-18', 'Y258252583', '男', '新北市三芝區', 183, 76, '雙魚座', 'AB', '無', '滴酒不沾', '國小', '數位IC設計工程師', '發現其中疾病編輯通過級別太多律師寶寶比如', '0911557641', '2023-05-12 16:19:59'),
(302, 'mail944115@test.com', 'E935098635m', 'img01', '曹家豪', '1995-06-11', 'O171772461', '女', '新北市汐止區', 154, 84, '雙魚座', 'O', '無', '酒豪', '博士', '醫學美容', '站內死了機會', '0911619917', '2023-05-12 16:19:59'),
(303, 'mail256597@test.com', 'W723531725s', 'img01', '岳芊妤', '1992-08-17', 'I294638163', '女', '臺北市文山區', 152, 104, '金牛座', 'B', '有', '滴酒不沾', '學士', '數位IC設計工程師', '站內死了機會', '0911610496', '2023-05-12 16:19:59'),
(304, 'mail231245@test.com', 'V504706169q', 'img01', '戚芯瑜', '1994-09-08', 'T177297440', '男', '新北市汐止區', 172, 46, '射手座', 'O', '有', '滴酒不沾', '國小', '醫師', '發現其中疾病編輯通過級別太多律師寶寶比如', '0911583200', '2023-05-12 16:19:59'),
(305, 'mail914501@test.com', 'A853523381i', 'img01', '賴雅涵', '1999-11-02', 'C174620595', '男', '新北市烏來區', 195, 74, '魔羯座', 'B', '有', '小酌', '國小', '類比IC設計工程師', '站內死了機會', '0911247783', '2023-05-12 16:19:59'),
(306, 'mail791575@test.com', 'D820179575w', 'img01', '臧佳穎', '1994-10-18', 'U194081283', '男', '臺北市中山區', 177, 78, '獅子座', 'A', '有', '小酌', '碩士', '艙面部船員', '生命移動', '0911650983', '2023-05-12 16:19:59'),
(307, 'mail733349@test.com', 'C790277433k', 'img01', '葛冠穎', '1998-04-05', 'J251949814', '男', '新北市石碇區', 181, 85, '雙魚座', 'AB', '無', '滴酒不沾', '高中', '牙醫師', '發現其中疾病編輯通過級別太多律師寶寶比如', '0911711840', '2023-05-12 16:19:59'),
(308, 'mail790138@test.com', 'Y121740526j', 'img01', '蔣靖雯', '1986-07-17', 'H139055228', '女', '新北市永和區', 168, 44, '雙子座', 'O', '有', '滴酒不沾', '學士', '藥師輪機部船員', '發現其中疾病編輯通過級別太多律師寶寶比如', '0911712211', '2023-05-12 16:19:59'),
(309, 'mail893731@test.com', 'G459162235q', 'img01', '佘政諺', '1993-02-18', 'B173215055', '男', '新北市貢寮區', 196, 71, '金牛座', 'AB', '無', '滴酒不沾', '高中', '艙面部船員', '生命移動', '0911387294', '2023-05-12 16:19:59'),
(310, 'mail303249@test.com', 'A863210284j', 'img01', '袁湘婷', '1992-05-03', 'T297386182', '女', '新北市淡水區', 165, 108, '天秤座', 'AB', '無', '酒豪', '國小', 'IC設計工程師', '生命移動', '0911446890', '2023-05-12 16:19:59'),
(311, 'mail548504@test.com', 'N102334853c', 'img01', '陽芷涵', '1992-10-18', 'U197308344', '男', '新北市石碇區', 188, 93, '雙子座', 'A', '有', '酒豪', '國中', '律師', '站內死了機會', '0911694036', '2023-05-12 16:19:59'),
(312, 'mail907462@test.com', 'R626166212v', 'img01', '康芷涵', '1985-08-03', 'J249488285', '女', '新北市萬里區', 164, 49, '魔羯座', 'B', '有', '酒豪', '學士', '律師', '上午日誌一位會計本人第一個人類靜靜', '0911276167', '2023-05-12 16:19:59'),
(313, 'mail306280@test.com', 'J776753546c', 'img01', '牟昱安', '1989-08-15', 'A190757008', '女', '新北市新莊區', 170, 73, '雙魚座', 'O', '有', '酒豪', '博士', '醫師', '幾天肯定先後焦點既然和他熱情主機邀請搜尋引擎面前，女性建材什麼', '0911493982', '2023-05-12 16:19:59'),
(314, 'mail433769@test.com', 'H866600425m', 'img01', '梅哲維', '1996-12-02', 'E213920949', '男', '新北市汐止區', 157, 85, '魔羯座', 'B', '有', '小酌', '碩士', '護理長', '也可保健避免什麼黑', '0911455049', '2023-05-12 16:19:59'),
(315, 'mail309545@test.com', 'K938538505j', 'img01', '鄧柏翰', '1995-02-15', 'U124087292', '男', '新北市三芝區', 160, 93, '巨蟹座', 'A', '無', '小酌', '碩士', '護理長', '發現其中疾病編輯通過級別太多律師寶寶比如', '0911305573', '2023-05-12 16:19:59'),
(316, 'mail700932@test.com', 'A261243759x', 'img01', '武雅琪', '1990-05-31', 'P143194527', '女', '基隆市七堵區', 193, 63, '水瓶座', 'AB', '無', '滴酒不沾', '博士', '牙醫師', '上午日誌一位會計本人第一個人類靜靜', '0911563085', '2023-05-12 16:19:59'),
(317, 'mail505856@test.com', 'X554642328b', 'img01', '諶浩宇', '1997-01-03', 'F259704523', '男', '新北市深坑區', 166, 87, '天蠍座', 'B', '無', '滴酒不沾', '博士', '中醫師', '生命移動', '0911894614', '2023-05-12 16:19:59'),
(318, 'mail128031@test.com', 'M959300014u', 'img01', '曾宜芳', '1985-06-05', 'N216840279', '男', '新北市八里區', 156, 66, '處女座', 'AB', '無', '滴酒不沾', '學士', 'IC設計工程師', '上午日誌一位會計本人第一個人類靜靜', '0911966768', '2023-05-12 16:19:59'),
(319, 'mail31695@test.com', 'J764046581i', 'img01', '練詩涵', '1993-03-26', 'I182637492', '女', '新北市貢寮區', 157, 87, '水瓶座', 'B', '有', '小酌', '國中', '護理長', '幾天肯定先後焦點既然和他熱情主機邀請搜尋引擎面前，女性建材什麼', '0911804247', '2023-05-12 16:19:59'),
(320, 'mail966421@test.com', 'Q723406834q', 'img01', '時鈺婷', '1989-09-11', 'B272342870', '女', '臺北市中山區', 168, 48, '牡羊座', 'B', '有', '酒豪', '高中', '類比IC設計工程師', '發現其中疾病編輯通過級別太多律師寶寶比如', '0911164546', '2023-05-12 16:19:59'),
(321, 'mail749576@test.com', 'G297065469n', 'img01', '阮怡臻', '1996-03-09', 'E181548217', '男', '基隆市安樂區', 180, 102, '雙子座', 'A', '無', '滴酒不沾', '學士', '護理長', '也可保健避免什麼黑', '0911540703', '2023-05-12 16:19:59'),
(322, 'mail620671@test.com', 'U762828576w', 'img01', '魯庭瑜', '1990-08-19', 'T226381364', '女', '新北市鶯歌區', 155, 73, '射手座', 'B', '無', '小酌', '學士', '中醫師', '公開固定水晶', '0911434227', '2023-05-12 16:19:59'),
(323, 'mail422762@test.com', 'E472320636d', 'img01', '呂宗翰', '1991-11-29', 'E276081014', '女', '新北市深坑區', 191, 65, '處女座', 'A', '無', '小酌', '高中', '中醫師', '站內死了機會', '0911237437', '2023-05-12 16:19:59'),
(324, 'mail672103@test.com', 'G201080393a', 'img01', '連秉諺', '1998-06-05', 'Z250780604', '男', '基隆市七堵區', 160, 57, '獅子座', 'A', '有', '酒豪', '國中', '麻醉醫師', '上午日誌一位會計本人第一個人類靜靜', '0911405500', '2023-05-12 16:19:59'),
(325, 'mail255844@test.com', 'B590371469n', 'img01', '韋冠宇', '1996-07-20', 'E289081684', '女', '新北市五股區', 157, 65, '天蠍座', 'B', '無', '小酌', '高中', '麻醉醫師', '公開固定水晶', '0911620205', '2023-05-12 16:19:59'),
(326, 'mail956596@test.com', 'X577354971v', 'img01', '韋子翔', '1998-01-21', 'F221339973', '男', '新北市瑞芳區', 171, 40, '牡羊座', 'B', '無', '滴酒不沾', '國中', '飛行機師', '站內死了機會', '0911219575', '2023-05-12 16:19:59'),
(327, 'mail276347@test.com', 'J984059688c', 'img01', '樂宇翔', '1988-04-28', 'C294145590', '男', '新北市板橋區', 172, 42, '獅子座', 'B', '有', '滴酒不沾', '國中', '醫學美容', '發現其中疾病編輯通過級別太多律師寶寶比如', '0911647350', '2023-05-12 16:19:59'),
(328, 'mail770938@test.com', 'C205100385k', 'img01', '左家維', '1985-01-24', 'A120852714', '男', '新北市鶯歌區', 155, 65, '獅子座', 'AB', '無', '滴酒不沾', '國中', '醫師', '站內死了機會', '0911400405', '2023-05-12 16:19:59'),
(329, 'mail977435@test.com', 'O307775786x', 'img01', '買宥均', '1987-03-09', 'F150504457', '女', '基隆市信義區', 170, 92, '水瓶座', 'A', '無', '小酌', '高中', '聯結車司機', '生命移動', '0911276575', '2023-05-12 16:19:59'),
(330, 'mail65676@test.com', 'F708416938n', 'img01', '常柏翰', '1991-09-20', 'O130174831', '女', '新北市永和區', 170, 53, '水瓶座', 'A', '有', '小酌', '高中', '藝術總監', '上午日誌一位會計本人第一個人類靜靜', '0911209455', '2023-05-12 16:19:59'),
(331, 'mail405437@test.com', 'U729647777s', 'img01', '廖聖翔', '1990-07-18', 'E161344875', '男', '新北市三芝區', 179, 74, '雙魚座', 'AB', '無', '酒豪', '學士', '飛行機師', '也可保健避免什麼黑', '0911963737', '2023-05-12 16:19:59'),
(332, 'mail88331@test.com', 'K969560828i', 'img01', '沈怡安', '1999-06-30', 'B231199321', '女', '新北市五股區', 154, 50, '射手座', 'A', '有', '酒豪', '博士', '律師', '上午日誌一位會計本人第一個人類靜靜', '0911457735', '2023-05-12 16:19:59'),
(333, 'mail214644@test.com', 'E263465624p', 'img01', '蔡彥廷', '1989-08-16', 'M119587629', '男', '新北市貢寮區', 182, 47, '水瓶座', 'A', '有', '酒豪', '國中', '律師', '幾天肯定先後焦點既然和他熱情主機邀請搜尋引擎面前，女性建材什麼', '0911829379', '2023-05-12 16:19:59'),
(334, 'mail602555@test.com', 'F377249119u', 'img01', '湯子涵', '1998-07-11', 'O173817699', '女', '新北市五股區', 173, 57, '射手座', 'O', '有', '滴酒不沾', '碩士', '聯結車司機', '也可保健避免什麼黑', '0911394952', '2023-05-12 16:19:59'),
(335, 'mail841670@test.com', 'R131877367z', 'img01', '于怡臻', '1991-12-25', 'Y297903935', '女', '臺北市大安區', 169, 70, '雙子座', 'AB', '有', '小酌', '學士', '船上作業人員', '生命移動', '0911327382', '2023-05-12 16:19:59'),
(336, 'mail273732@test.com', 'F650523825x', 'img01', '章佳蓁', '1994-05-12', 'Q249306051', '女', '臺北市中山區', 152, 80, '水瓶座', 'B', '無', '酒豪', '學士', 'IC設計工程師', '發現其中疾病編輯通過級別太多律師寶寶比如', '0911416319', '2023-05-12 16:19:59'),
(337, 'mail783125@test.com', 'P736879110u', 'img01', '歐陽承恩', '1986-09-13', 'H234549396', '男', '新北市八里區', 174, 87, '水瓶座', 'O', '無', '小酌', '國中', 'IC設計工程師', '幾天肯定先後焦點既然和他熱情主機邀請搜尋引擎面前，女性建材什麼', '0911580999', '2023-05-12 16:19:59'),
(338, 'mail75702@test.com', 'H207446068y', 'img01', '闕佳儀', '1988-02-23', 'X161289669', '女', '新北市三峽區', 189, 75, '天蠍座', 'AB', '有', '小酌', '碩士', '醫師', '發現其中疾病編輯通過級別太多律師寶寶比如', '0911908203', '2023-05-12 16:19:59'),
(339, 'mail737457@test.com', 'H812133376r', 'img01', '宮詩涵', '1997-10-06', 'W143841400', '女', '新北市汐止區', 169, 107, '雙魚座', 'AB', '有', '酒豪', '博士', '數位IC設計工程師', '公開固定水晶', '0911877471', '2023-05-12 16:19:59'),
(340, 'mail740615@test.com', 'B859370918v', 'img01', '張簡宇宸', '1996-10-15', 'F283690414', '女', '新北市五股區', 176, 109, '雙魚座', 'A', '無', '小酌', '博士', 'IC設計工程師', '上午日誌一位會計本人第一個人類靜靜', '0911938429', '2023-05-12 16:19:59'),
(341, 'mail359405@test.com', 'N516666182g', 'img01', '曲秉諺', '1989-03-25', 'R287702392', '女', '臺北市士林區', 171, 63, '天秤座', 'AB', '無', '滴酒不沾', '高中', '藝術總監', '站內死了機會', '0911572503', '2023-05-12 16:19:59'),
(342, 'mail808578@test.com', 'S242190244b', 'img01', '龐欣妤', '1995-01-01', 'G132599091', '男', '新北市鶯歌區', 193, 46, '天秤座', 'A', '有', '滴酒不沾', '國中', '飛行機師', '站內死了機會', '0911557453', '2023-05-12 16:19:59'),
(343, 'mail856382@test.com', 'G402132143z', 'img01', '沙子晴', '1999-02-24', 'P187845549', '男', '臺北市內湖區', 176, 80, '雙魚座', 'AB', '無', '酒豪', '碩士', '艙面部船員', '發現其中疾病編輯通過級別太多律師寶寶比如', '0911542521', '2023-05-12 16:19:59'),
(344, 'mail267904@test.com', 'X525073385t', 'img01', '范姜柏均', '1988-01-16', 'G221320619', '男', '新北市雙溪區', 191, 79, '魔羯座', 'O', '無', '小酌', '國中', '飛行機師', '生命移動', '0911593339', '2023-05-12 16:19:59'),
(345, 'mail578401@test.com', 'Z797225230f', 'img01', '蔡昱安', '1993-07-29', 'H287554602', '女', '臺北市中山區', 187, 108, '巨蟹座', 'A', '有', '酒豪', '高中', '聯結車司機', '幾天肯定先後焦點既然和他熱情主機邀請搜尋引擎面前，女性建材什麼', '0911807079', '2023-05-12 16:19:59'),
(346, 'mail178452@test.com', 'H862639049u', 'img01', '舒彥均', '1996-11-10', 'E286651300', '女', '基隆市中山區', 169, 108, '雙魚座', 'AB', '有', '滴酒不沾', '博士', '數位IC設計工程師', '發現其中疾病編輯通過級別太多律師寶寶比如', '0911818427', '2023-05-12 16:19:59'),
(347, 'mail982110@test.com', 'G264989732t', 'img01', '戚姿妤', '1997-03-24', 'N123225463', '女', '新北市泰山區', 170, 102, '巨蟹座', 'AB', '無', '滴酒不沾', '學士', '建築師', '生命移動', '0911739361', '2023-05-12 16:19:59'),
(348, 'mail573638@test.com', 'X754881968g', 'img01', '曲家銘', '1999-06-11', 'S173998536', '女', '新北市三芝區', 170, 56, '魔羯座', 'A', '無', '滴酒不沾', '國小', '艙面部船員', '上午日誌一位會計本人第一個人類靜靜', '0911661571', '2023-05-12 16:19:59'),
(349, 'mail681490@test.com', 'G510029367v', 'img01', '馮昱廷', '1992-09-09', 'G279733483', '男', '臺北市信義區', 162, 61, '獅子座', 'A', '有', '滴酒不沾', '博士', '船上作業人員', '發現其中疾病編輯通過級別太多律師寶寶比如', '0911529059', '2023-05-12 16:19:59'),
(350, 'mail300326@test.com', 'E195792278e', 'img01', '滕昱安', '1988-01-12', 'P134158665', '男', '新北市石門區', 190, 45, '天蠍座', 'AB', '無', '小酌', '博士', '麻醉醫師', '生命移動', '0911577486', '2023-05-12 16:19:59'),
(351, 'mail910288@test.com', 'E721522238r', 'img01', '韓怡萱', '1987-07-13', 'Z145651604', '男', '新北市坪林區', 186, 55, '雙魚座', 'A', '有', '滴酒不沾', '碩士', '聯結車司機', '也可保健避免什麼黑', '0911985742', '2023-05-12 16:19:59'),
(352, 'mail284705@test.com', 'K815897032z', 'img01', '于祐嘉', '1990-11-02', 'T287081305', '女', '臺北市中山區', 179, 84, '天秤座', 'A', '無', '酒豪', '國小', '牙醫師', '上午日誌一位會計本人第一個人類靜靜', '0911228804', '2023-05-12 16:19:59'),
(353, 'mail993500@test.com', 'I539768231d', 'img01', '溫彥霖', '1987-10-03', 'A166422357', '男', '臺北市南港區', 159, 54, '魔羯座', 'O', '無', '小酌', '國小', '飛行機師', '上午日誌一位會計本人第一個人類靜靜', '0911433346', '2023-05-12 16:19:59'),
(354, 'mail499897@test.com', 'G671735875n', 'img01', '金彥均', '1999-06-22', 'U297104900', '男', '臺北市南港區', 194, 102, '天秤座', 'AB', '有', '滴酒不沾', '學士', '數位IC設計工程師', '生命移動', '0911438283', '2023-05-12 16:19:59'),
(355, 'mail720092@test.com', 'M220802920m', 'img01', '梁品蓁', '1997-06-29', 'S163061311', '男', '基隆市中正區', 161, 58, '金牛座', 'A', '無', '滴酒不沾', '學士', '藝術總監', '上午日誌一位會計本人第一個人類靜靜', '0911998210', '2023-05-12 16:19:59'),
(356, 'mail464181@test.com', 'G504423105q', 'img01', '練聖翔', '1991-05-12', 'H294685131', '男', '臺北市大同區', 167, 43, '雙子座', 'A', '無', '小酌', '高中', '類比IC設計工程師', '站內死了機會', '0911798957', '2023-05-12 16:19:59'),
(357, 'mail511176@test.com', 'P742963475e', 'img01', '馬冠佑', '1988-02-14', 'T167546560', '女', '新北市雙溪區', 172, 81, '牡羊座', 'AB', '有', '小酌', '博士', '空服人員', '站內死了機會', '0911605154', '2023-05-12 16:19:59'),
(358, 'mail531268@test.com', 'N806648310r', 'img01', '呂雅築', '1985-09-25', 'Z224206488', '女', '新北市中和區', 191, 47, '巨蟹座', 'AB', '無', '酒豪', '博士', '系統分析師', '也可保健避免什麼黑', '0911482813', '2023-05-12 16:19:59'),
(359, 'mail10062@test.com', 'A900093849i', 'img01', '艾宇辰', '1987-01-14', 'S227359065', '男', '新北市五股區', 153, 90, '獅子座', 'A', '無', '滴酒不沾', '高中', '飛行機師', '上午日誌一位會計本人第一個人類靜靜', '0911102084', '2023-05-12 16:19:59'),
(360, 'mail965211@test.com', 'M730837241g', 'img01', '靳昀臻', '1993-07-03', 'T138545110', '男', '新北市萬里區', 199, 88, '射手座', 'B', '無', '酒豪', '國中', '護理長', '生命移動', '0911752001', '2023-05-12 16:19:59'),
(361, 'mail564333@test.com', 'M922494184r', 'img01', '衛聖翔', '1995-09-24', 'O195842039', '女', '臺北市大安區', 183, 49, '水瓶座', 'B', '無', '小酌', '博士', '護理長', '公開固定水晶', '0911849145', '2023-05-12 16:19:59'),
(362, 'mail907335@test.com', 'Q188434521p', 'img01', '花姿妤', '1991-06-13', 'B262467600', '男', '新北市石門區', 165, 52, '牡羊座', 'B', '無', '酒豪', '國小', '中醫師', '也可保健避免什麼黑', '0911260344', '2023-05-12 16:19:59'),
(363, 'mail986786@test.com', 'F917737091k', 'img01', '張簡奕辰', '1985-02-22', 'M232550458', '女', '新北市三芝區', 162, 93, '射手座', 'AB', '有', '酒豪', '國小', '建築師', '公開固定水晶', '0911967423', '2023-05-12 16:19:59'),
(364, 'mail264380@test.com', 'L384851050e', 'img01', '戚奕廷', '1989-10-12', 'N289654007', '男', '臺北市內湖區', 181, 56, '雙魚座', 'A', '有', '酒豪', '博士', '空服人員', '幾天肯定先後焦點既然和他熱情主機邀請搜尋引擎面前，女性建材什麼', '0911189693', '2023-05-12 16:19:59'),
(365, 'mail290021@test.com', 'T994338452w', 'img01', '舒怡君', '1991-05-13', 'I218916751', '男', '新北市瑞芳區', 194, 83, '天秤座', 'O', '有', '滴酒不沾', '碩士', '空服人員', '上午日誌一位會計本人第一個人類靜靜', '0911381068', '2023-05-12 16:19:59'),
(366, 'mail524007@test.com', 'F996884897t', 'img01', '賴怡瑄', '1999-09-03', 'S197048641', '女', '新北市萬里區', 172, 103, '雙魚座', 'A', '有', '滴酒不沾', '碩士', '護理長', '生命移動', '0911848143', '2023-05-12 16:19:59'),
(367, 'mail793802@test.com', 'H871220842a', 'img01', '項宥霖', '1988-11-05', 'L120120061', '女', '新北市新莊區', 150, 53, '雙子座', 'A', '無', '滴酒不沾', '博士', '建築師', '發現其中疾病編輯通過級別太多律師寶寶比如', '0911914764', '2023-05-12 16:19:59'),
(368, 'mail185867@test.com', 'S351581447g', 'img01', '蕭怡蓁', '1999-08-24', 'U245682759', '女', '臺北市大同區', 192, 81, '射手座', 'B', '無', '酒豪', '國小', '聯結車司機', '幾天肯定先後焦點既然和他熱情主機邀請搜尋引擎面前，女性建材什麼', '0911974190', '2023-05-12 16:19:59'),
(369, 'mail289571@test.com', 'Z597949859d', 'img01', '闕佳蓉', '1986-01-14', 'G120219528', '女', '新北市五股區', 163, 41, '巨蟹座', 'A', '有', '小酌', '國小', '藥師輪機部船員', '也可保健避免什麼黑', '0911594955', '2023-05-12 16:19:59'),
(370, 'mail949733@test.com', 'D195084833l', 'img01', '翁宥任', '1999-04-04', 'U117573143', '男', '新北市林口區', 172, 104, '牡羊座', 'B', '有', '滴酒不沾', '學士', '中醫師', '發現其中疾病編輯通過級別太多律師寶寶比如', '0911352836', '2023-05-12 16:19:59'),
(371, 'mail594396@test.com', 'C105321039d', 'img01', '樊詠晴', '1997-01-30', 'T215220598', '女', '新北市烏來區', 158, 85, '水瓶座', 'A', '無', '滴酒不沾', '碩士', '艙面部船員', '也可保健避免什麼黑', '0911589342', '2023-05-12 16:19:59'),
(372, 'mail597686@test.com', 'C163953089v', 'img01', '蘇育萱', '1992-04-25', 'Z188814837', '男', '臺北市北投區', 197, 42, '水瓶座', 'AB', '有', '酒豪', '高中', '數位IC設計工程師', '發現其中疾病編輯通過級別太多律師寶寶比如', '0911782986', '2023-05-12 16:19:59'),
(373, 'mail370545@test.com', 'N806471093y', 'img01', '毛佳蓉', '1999-09-02', 'L152700980', '男', '基隆市中正區', 168, 56, '牡羊座', 'AB', '有', '滴酒不沾', '國小', '數位IC設計工程師', '站內死了機會', '0911975971', '2023-05-12 16:19:59'),
(374, 'mail505776@test.com', 'P138393383t', 'img01', '利俊諺', '1993-10-03', 'E158971453', '男', '新北市瑞芳區', 188, 80, '天蠍座', 'O', '無', '酒豪', '高中', '類比IC設計工程師', '幾天肯定先後焦點既然和他熱情主機邀請搜尋引擎面前，女性建材什麼', '0911459275', '2023-05-12 16:19:59'),
(375, 'mail848212@test.com', 'V951835013j', 'img01', '溫彥丞', '1993-01-04', 'F194016230', '女', '新北市林口區', 151, 96, '處女座', 'A', '無', '酒豪', '學士', '醫師', '站內死了機會', '0911708885', '2023-05-12 16:19:59'),
(376, 'mail523643@test.com', 'P405795212w', 'img01', '胡彥霖', '1999-09-17', 'A186283919', '女', '新北市平溪區', 185, 53, '魔羯座', 'A', '無', '小酌', '博士', '建築師', '也可保健避免什麼黑', '0911219227', '2023-05-12 16:19:59'),
(377, 'mail669892@test.com', 'X353597142c', 'img01', '艾家豪', '1999-02-19', 'T129057199', '女', '新北市八里區', 157, 97, '魔羯座', 'AB', '有', '小酌', '國小', '中醫師', '公開固定水晶', '0911632760', '2023-05-12 16:19:59'),
(378, 'mail966248@test.com', 'A572666816k', 'img01', '湯冠廷', '1994-01-26', 'E217884742', '男', '臺北市士林區', 164, 68, '獅子座', 'B', '無', '滴酒不沾', '學士', '醫學美容', '生命移動', '0911556914', '2023-05-12 16:19:59'),
(379, 'mail950451@test.com', 'L109809931e', 'img01', '史柏辰', '1992-08-20', 'M160880601', '男', '臺北市大安區', 186, 98, '處女座', 'A', '無', '滴酒不沾', '博士', '建築師', '上午日誌一位會計本人第一個人類靜靜', '0911530174', '2023-05-12 16:19:59'),
(380, 'mail606608@test.com', 'K922367039l', 'img01', '盛承恩', '1987-02-23', 'M229311672', '男', '新北市金山區', 189, 52, '金牛座', 'O', '無', '小酌', '國中', '藝術總監', '上午日誌一位會計本人第一個人類靜靜', '0911862550', '2023-05-12 16:19:59'),
(381, 'mail11893@test.com', 'P960185158s', 'img01', '齊睿恩', '1997-08-27', 'B230489797', '女', '臺北市松山區', 194, 73, '獅子座', 'O', '無', '小酌', '高中', '類比IC設計工程師', '幾天肯定先後焦點既然和他熱情主機邀請搜尋引擎面前，女性建材什麼', '0911721427', '2023-05-12 16:19:59'),
(382, 'mail460418@test.com', 'Y477303284l', 'img01', '欒柏毅', '1994-12-15', 'B116004638', '男', '新北市新店區', 195, 92, '水瓶座', 'O', '無', '酒豪', '學士', '數位IC設計工程師', '上午日誌一位會計本人第一個人類靜靜', '0911968491', '2023-05-12 16:19:59'),
(383, 'mail638548@test.com', 'I391826718i', 'img01', '范宜君', '1990-11-05', 'C221919101', '男', '臺北市松山區', 160, 57, '金牛座', 'AB', '無', '滴酒不沾', '國小', '數位IC設計工程師', '幾天肯定先後焦點既然和他熱情主機邀請搜尋引擎面前，女性建材什麼', '0911289000', '2023-05-12 16:19:59'),
(384, 'mail220919@test.com', 'L847917426j', 'img01', '高怡靜', '1988-12-04', 'Z213727034', '男', '新北市烏來區', 172, 107, '巨蟹座', 'AB', '有', '滴酒不沾', '高中', '護理長', '也可保健避免什麼黑', '0911405064', '2023-05-12 16:19:59'),
(385, 'mail708806@test.com', 'D658739209s', 'img01', '任昱辰', '1986-09-30', 'H161367504', '女', '新北市八里區', 157, 82, '魔羯座', 'O', '有', '小酌', '高中', '牙醫師', '發現其中疾病編輯通過級別太多律師寶寶比如', '0911561770', '2023-05-12 16:19:59'),
(386, 'mail731226@test.com', 'M538255147y', 'img01', '洪宜蓁', '1995-03-03', 'C130602399', '男', '新北市永和區', 182, 110, '魔羯座', 'A', '無', '小酌', '國小', '空服人員', '公開固定水晶', '0911616748', '2023-05-12 16:19:59'),
(387, 'mail125116@test.com', 'J996369637w', 'img01', '艾庭萱', '1988-03-12', 'N240786958', '女', '臺北市中山區', 156, 108, '雙魚座', 'A', '有', '滴酒不沾', '學士', '建築師', '發現其中疾病編輯通過級別太多律師寶寶比如', '0911991944', '2023-05-12 16:19:59'),
(388, 'mail285707@test.com', 'B311566598j', 'img01', '蕭彥廷', '1989-11-13', 'C128026845', '女', '臺北市信義區', 159, 64, '雙子座', 'AB', '有', '小酌', '博士', '飛行機師', '發現其中疾病編輯通過級別太多律師寶寶比如', '0911129473', '2023-05-12 16:19:59'),
(389, 'mail589657@test.com', 'S411125214k', 'img01', '李冠霆', '1988-12-29', 'N182892009', '女', '新北市五股區', 182, 98, '水瓶座', 'A', '無', '小酌', '國小', '系統分析師', '發現其中疾病編輯通過級別太多律師寶寶比如', '0911580488', '2023-05-12 16:19:59'),
(390, 'mail176647@test.com', 'L958387608q', 'img01', '伍宇辰', '1997-01-01', 'Z113559131', '女', '新北市淡水區', 174, 53, '水瓶座', 'B', '無', '滴酒不沾', '國小', '藝術總監', '生命移動', '0911648623', '2023-05-12 16:19:59'),
(391, 'mail936681@test.com', 'P970523810y', 'img01', '包柏鈞', '1986-08-03', 'G271220663', '男', '新北市林口區', 157, 102, '獅子座', 'A', '有', '小酌', '博士', '空服人員', '也可保健避免什麼黑', '0911298670', '2023-05-12 16:19:59'),
(392, 'mail724310@test.com', 'Y688811799e', 'img01', '鐘佳臻', '1994-07-08', 'K137427142', '男', '新北市三重區', 166, 86, '獅子座', 'A', '無', '小酌', '學士', '類比IC設計工程師', '發現其中疾病編輯通過級別太多律師寶寶比如', '0911956418', '2023-05-12 16:19:59'),
(393, 'mail866596@test.com', 'D707211102l', 'img01', '麥育誠', '1992-11-20', 'N230808866', '女', '新北市深坑區', 166, 87, '天秤座', 'AB', '有', '酒豪', '學士', '類比IC設計工程師', '發現其中疾病編輯通過級別太多律師寶寶比如', '0911664729', '2023-05-12 16:19:59'),
(394, 'mail398977@test.com', 'Y787893410y', 'img01', '李宗翰', '1988-12-14', 'V195330139', '男', '新北市泰山區', 190, 65, '牡羊座', 'O', '無', '小酌', '國小', '艙面部船員', '生命移動', '0911374736', '2023-05-12 16:19:59'),
(395, 'mail720646@test.com', 'N253248306u', 'img01', '瞿奕翔', '1989-12-31', 'D277717857', '男', '臺北市大安區', 158, 96, '金牛座', 'A', '無', '小酌', '博士', '空服人員', '生命移動', '0911285063', '2023-05-12 16:19:59'),
(396, 'mail126290@test.com', 'O692806106y', 'img01', '孟佳蓉', '1990-05-10', 'M190207038', '男', '臺北市北投區', 199, 57, '射手座', 'O', '有', '滴酒不沾', '國小', '艙面部船員', '生命移動', '0911375357', '2023-05-12 16:19:59'),
(397, 'mail33813@test.com', 'X152455789r', 'img01', '凌宥辰', '1996-09-03', 'F237121500', '男', '基隆市安樂區', 186, 66, '天蠍座', 'B', '有', '小酌', '國小', '藥師輪機部船員', '公開固定水晶', '0911317259', '2023-05-12 16:19:59'),
(398, 'mail323484@test.com', 'U275181954v', 'img01', '苗怡安', '1999-11-18', 'B177024724', '女', '新北市烏來區', 197, 41, '天秤座', 'O', '有', '酒豪', '博士', '藥師輪機部船員', '公開固定水晶', '0911890589', '2023-05-12 16:19:59'),
(399, 'mail213942@test.com', 'C972728619t', 'img01', '丁奕翔', '1995-12-02', 'L147906726', '女', '基隆市暖暖區', 164, 60, '雙子座', 'A', '無', '小酌', '國中', '律師', '幾天肯定先後焦點既然和他熱情主機邀請搜尋引擎面前，女性建材什麼', '0911410207', '2023-05-12 16:19:59'),
(400, 'mail200579@test.com', 'N474465064y', 'img01', '尤芊妤', '1987-12-24', 'P214133163', '男', '新北市雙溪區', 180, 74, '魔羯座', 'AB', '無', '酒豪', '國小', '律師', '發現其中疾病編輯通過級別太多律師寶寶比如', '0911590193', '2023-05-12 16:19:59'),
(401, 'mail945589@test.com', 'D320856810d', 'img01', '辜郁晴', '1992-09-06', 'J214721068', '女', '新北市林口區', 161, 108, '魔羯座', 'B', '有', '滴酒不沾', '國中', '聯結車司機', '站內死了機會', '0911886150', '2023-05-12 16:19:59'),
(402, 'mail83583@test.com', 'S671291850k', 'img01', '欒佳怡', '1997-05-10', 'M271619918', '男', '臺北市萬華區', 157, 42, '獅子座', 'O', '無', '小酌', '國中', '飛行機師', '生命移動', '0911442484', '2023-05-12 16:19:59'),
(403, 'mail738553@test.com', 'S489927028z', 'img01', '車心妤', '1987-03-16', 'L253771557', '男', '新北市貢寮區', 153, 85, '金牛座', 'A', '有', '小酌', '學士', '牙醫師', '幾天肯定先後焦點既然和他熱情主機邀請搜尋引擎面前，女性建材什麼', '0911952452', '2023-05-12 16:19:59'),
(404, 'mail999233@test.com', 'O668900197r', 'img01', '鍾彥廷', '1985-11-06', 'P231315099', '男', '新北市烏來區', 195, 56, '魔羯座', 'A', '無', '小酌', '國中', '飛行機師', '也可保健避免什麼黑', '0911374640', '2023-05-12 16:19:59'),
(405, 'mail854299@test.com', 'X310055933y', 'img01', '萬佩珊', '1992-05-03', 'H250586113', '女', '新北市深坑區', 191, 107, '雙魚座', 'O', '無', '滴酒不沾', '國中', '藝術總監', '生命移動', '0911636604', '2023-05-12 16:19:59'),
(406, 'mail731542@test.com', 'H982699022u', 'img01', '雷柏睿', '1990-10-20', 'E147441877', '男', '新北市林口區', 199, 96, '天蠍座', 'A', '無', '酒豪', '碩士', '醫學美容', '也可保健避免什麼黑', '0911438031', '2023-05-12 16:19:59'),
(407, 'mail201066@test.com', 'F666842611q', 'img01', '温家維', '1988-01-04', 'T265220915', '女', '基隆市安樂區', 166, 67, '魔羯座', 'O', '無', '酒豪', '國小', '中醫師', '幾天肯定先後焦點既然和他熱情主機邀請搜尋引擎面前，女性建材什麼', '0911490130', '2023-05-12 16:19:59'),
(408, 'mail99054@test.com', 'I388873974r', 'img01', '沙彥霖', '1993-09-17', 'K184639735', '女', '新北市三峽區', 199, 76, '射手座', 'B', '無', '酒豪', '國小', '麻醉醫師', '公開固定水晶', '0911396466', '2023-05-12 16:19:59'),
(409, 'mail21688@test.com', 'K300651291e', 'img01', '唐柏安', '1988-10-28', 'D128833681', '男', '臺北市文山區', 183, 70, '魔羯座', 'O', '無', '酒豪', '博士', '護理長', '發現其中疾病編輯通過級別太多律師寶寶比如', '0911531553', '2023-05-12 16:19:59'),
(410, 'mail355117@test.com', 'C709722227y', 'img01', '莫祐誠', '1998-12-06', 'S119861804', '女', '臺北市士林區', 171, 69, '牡羊座', 'O', '有', '酒豪', '博士', '類比IC設計工程師', '上午日誌一位會計本人第一個人類靜靜', '0911266575', '2023-05-12 16:19:59'),
(411, 'mail773227@test.com', 'Q396416267j', 'img01', '焦怡瑄', '1994-12-29', 'K265034790', '女', '臺北市文山區', 178, 41, '天蠍座', 'O', '有', '小酌', '國小', '藝術總監', '幾天肯定先後焦點既然和他熱情主機邀請搜尋引擎面前，女性建材什麼', '0911362677', '2023-05-12 16:19:59'),
(412, 'mail399036@test.com', 'D523858883k', 'img01', '馮柏安', '1988-07-18', 'G251966504', '女', '臺北市文山區', 196, 78, '水瓶座', 'AB', '有', '酒豪', '博士', '中醫師', '站內死了機會', '0911515150', '2023-05-12 16:19:59'),
(413, 'mail577560@test.com', 'S636645346v', 'img01', '葛彥均', '1995-07-20', 'F262562589', '男', '基隆市暖暖區', 188, 104, '牡羊座', 'B', '無', '小酌', '國中', '聯結車司機', '幾天肯定先後焦點既然和他熱情主機邀請搜尋引擎面前，女性建材什麼', '0911433639', '2023-05-12 16:19:59'),
(414, 'mail10753@test.com', 'M178248430o', 'img01', '馮俊宇', '1997-03-23', 'I194944571', '女', '新北市五股區', 165, 61, '巨蟹座', 'A', '無', '小酌', '國小', '藥師輪機部船員', '生命移動', '0911580649', '2023-05-12 16:19:59'),
(415, 'mail138632@test.com', 'X701352391r', 'img01', '陳柏毅', '1987-06-04', 'L271422319', '女', '新北市汐止區', 161, 97, '巨蟹座', 'A', '有', '酒豪', '高中', '船上作業人員', '上午日誌一位會計本人第一個人類靜靜', '0911808407', '2023-05-12 16:19:59'),
(416, 'mail500500@test.com', 'Y960094082u', 'img01', '游冠廷', '1986-02-14', 'I135743730', '男', '新北市石門區', 188, 62, '牡羊座', 'B', '無', '滴酒不沾', '國中', 'IC設計工程師', '發現其中疾病編輯通過級別太多律師寶寶比如', '0911109181', '2023-05-12 16:19:59'),
(417, 'mail689432@test.com', 'V530218208r', 'img01', '文宇哲', '1993-08-11', 'B134797582', '女', '基隆市仁愛區', 186, 43, '雙子座', 'B', '無', '酒豪', '學士', '藥師輪機部船員', '發現其中疾病編輯通過級別太多律師寶寶比如', '0911322258', '2023-05-12 16:19:59'),
(418, 'mail27439@test.com', 'L321650821q', 'img01', '范姜心妤', '1998-02-02', 'O227865182', '女', '新北市三芝區', 170, 85, '天蠍座', 'O', '有', '小酌', '國中', '中醫師', '幾天肯定先後焦點既然和他熱情主機邀請搜尋引擎面前，女性建材什麼', '0911313541', '2023-05-12 16:19:59'),
(419, 'mail674330@test.com', 'I521794834j', 'img01', '柯庭妤', '1988-09-01', 'X257035683', '女', '基隆市中正區', 151, 96, '金牛座', 'A', '有', '小酌', '學士', '藝術總監', '站內死了機會', '0911653010', '2023-05-12 16:19:59'),
(420, 'mail336797@test.com', 'S901837623z', 'img01', '毛雅涵', '1998-12-11', 'P188829080', '男', '臺北市內湖區', 187, 87, '水瓶座', 'O', '有', '滴酒不沾', '學士', '飛行機師', '幾天肯定先後焦點既然和他熱情主機邀請搜尋引擎面前，女性建材什麼', '0911998742', '2023-05-12 16:19:59'),
(421, 'mail366814@test.com', 'K474841099e', 'img01', '沙宜君', '1991-09-04', 'Z229797818', '女', '新北市平溪區', 155, 97, '射手座', 'O', '無', '小酌', '國小', '律師', '上午日誌一位會計本人第一個人類靜靜', '0911990798', '2023-05-12 16:19:59'),
(422, 'mail716739@test.com', 'T579350091v', 'img01', '馮彥丞', '1988-03-14', 'X261251587', '女', '臺北市內湖區', 162, 74, '天蠍座', 'AB', '有', '小酌', '國小', '數位IC設計工程師', '幾天肯定先後焦點既然和他熱情主機邀請搜尋引擎面前，女性建材什麼', '0911406530', '2023-05-12 16:19:59'),
(423, 'mail189754@test.com', 'E936889023u', 'img01', '力凱傑', '1994-12-27', 'R149219027', '女', '臺北市信義區', 181, 44, '水瓶座', 'AB', '有', '滴酒不沾', '碩士', '船上作業人員', '幾天肯定先後焦點既然和他熱情主機邀請搜尋引擎面前，女性建材什麼', '0911895752', '2023-05-12 16:19:59'),
(424, 'mail48792@test.com', 'P829997428f', 'img01', '范姜宇翔', '1985-05-04', 'P184042462', '女', '新北市平溪區', 192, 62, '巨蟹座', 'O', '有', '滴酒不沾', '國中', 'IC設計工程師', '站內死了機會', '0911779982', '2023-05-12 16:19:59'),
(425, 'mail428848@test.com', 'D261819229b', 'img01', '常柏翔', '1998-01-17', 'L152887840', '男', '臺北市北投區', 163, 109, '天秤座', 'A', '無', '酒豪', '博士', '護理長', '幾天肯定先後焦點既然和他熱情主機邀請搜尋引擎面前，女性建材什麼', '0911461566', '2023-05-12 16:19:59'),
(426, 'mail349335@test.com', 'F468055757e', 'img01', '洪俊傑', '1997-02-28', 'R296003152', '女', '基隆市安樂區', 160, 80, '獅子座', 'B', '有', '滴酒不沾', '學士', '中醫師', '幾天肯定先後焦點既然和他熱情主機邀請搜尋引擎面前，女性建材什麼', '0911723116', '2023-05-12 16:19:59'),
(427, 'mail354006@test.com', 'A293539058u', 'img01', '温沛璇', '1985-08-21', 'R197854161', '男', '新北市三芝區', 176, 79, '天蠍座', 'A', '有', '酒豪', '博士', '系統分析師', '生命移動', '0911842593', '2023-05-12 16:19:59'),
(428, 'mail436092@test.com', 'I757718768p', 'img01', '夏柏翔', '1986-05-07', 'K295349905', '女', '新北市樹林區', 168, 102, '水瓶座', 'O', '無', '酒豪', '博士', '藥師輪機部船員', '也可保健避免什麼黑', '0911470198', '2023-05-12 16:19:59'),
(429, 'mail178275@test.com', 'Y641060893n', 'img01', '曲凱翔', '1986-09-25', 'R125848547', '女', '臺北市中山區', 167, 54, '雙子座', 'A', '有', '酒豪', '國中', '飛行機師', '幾天肯定先後焦點既然和他熱情主機邀請搜尋引擎面前，女性建材什麼', '0911335296', '2023-05-12 16:19:59'),
(430, 'mail779515@test.com', 'Z362752044j', 'img01', '謝依璇', '1996-10-20', 'X238172700', '女', '新北市深坑區', 177, 49, '雙魚座', 'O', '有', '酒豪', '國小', '醫師', '上午日誌一位會計本人第一個人類靜靜', '0911666922', '2023-05-12 16:19:59'),
(431, 'mail861167@test.com', 'Z565309690d', 'img01', '廖宜萱', '1992-12-08', 'C242735322', '男', '新北市平溪區', 198, 48, '魔羯座', 'A', '有', '小酌', '國中', '飛行機師', '上午日誌一位會計本人第一個人類靜靜', '0911644001', '2023-05-12 16:19:59'),
(432, 'mail974396@test.com', 'O592019291w', 'img01', '郭宇哲', '1993-11-05', 'E265671214', '女', '新北市永和區', 181, 53, '水瓶座', 'A', '無', '小酌', '碩士', '醫學美容', '生命移動', '0911982526', '2023-05-12 16:19:59'),
(433, 'mail364089@test.com', 'H527018841w', 'img01', '陳柏睿', '1990-08-21', 'C189098220', '男', '臺北市北投區', 199, 83, '牡羊座', 'O', '有', '滴酒不沾', '學士', '類比IC設計工程師', '站內死了機會', '0911264355', '2023-05-12 16:19:59'),
(434, 'mail53421@test.com', 'V748628697c', 'img01', '閻怡臻', '1990-02-20', 'E236079682', '女', '新北市蘆洲區', 195, 97, '天蠍座', 'O', '無', '酒豪', '學士', '數位IC設計工程師', '公開固定水晶', '0911503031', '2023-05-12 16:19:59'),
(435, 'mail652886@test.com', 'G445363222r', 'img01', '方奕廷', '1998-09-06', 'Z247006216', '男', '新北市土城區', 180, 102, '金牛座', 'B', '有', '小酌', '國小', '系統分析師', '發現其中疾病編輯通過級別太多律師寶寶比如', '0911970808', '2023-05-12 16:19:59'),
(436, 'mail294755@test.com', 'U857262267l', 'img01', '姜詩婷', '1988-05-18', 'Z140004755', '女', '新北市雙溪區', 164, 108, '水瓶座', 'AB', '有', '酒豪', '國中', '護理長', '也可保健避免什麼黑', '0911978325', '2023-05-12 16:19:59'),
(437, 'mail306601@test.com', 'H385975599a', 'img01', '吳廷宇', '1990-10-07', 'D254337117', '男', '基隆市暖暖區', 191, 71, '處女座', 'O', '有', '酒豪', '國小', '藝術總監', '幾天肯定先後焦點既然和他熱情主機邀請搜尋引擎面前，女性建材什麼', '0911853823', '2023-05-12 16:19:59'),
(438, 'mail844082@test.com', 'S993274413m', 'img01', '鄞子豪', '1990-10-18', 'I162854202', '男', '臺北市信義區', 192, 81, '水瓶座', 'B', '有', '小酌', '高中', '飛行機師', '幾天肯定先後焦點既然和他熱情主機邀請搜尋引擎面前，女性建材什麼', '0911138676', '2023-05-12 16:19:59'),
(439, 'mail975445@test.com', 'F382236625u', 'img01', '彭秉叡', '1999-02-11', 'W189565732', '男', '新北市中和區', 192, 63, '巨蟹座', 'A', '無', '小酌', '高中', '麻醉醫師', '幾天肯定先後焦點既然和他熱情主機邀請搜尋引擎面前，女性建材什麼', '0911371943', '2023-05-12 16:19:59'),
(440, 'mail433289@test.com', 'N450788997z', 'img01', '施家維', '1996-09-17', 'K268651723', '男', '新北市泰山區', 195, 75, '金牛座', 'AB', '有', '小酌', '國小', '類比IC設計工程師', '發現其中疾病編輯通過級別太多律師寶寶比如', '0911609691', '2023-05-12 16:19:59'),
(441, 'mail387622@test.com', 'W809367625l', 'img01', '詹佳怡', '1997-08-04', 'V232490112', '女', '基隆市暖暖區', 162, 96, '天秤座', 'B', '無', '小酌', '國中', '藥師輪機部船員', '站內死了機會', '0911126925', '2023-05-12 16:19:59'),
(442, 'mail527433@test.com', 'H873626255y', 'img01', '周宥霖', '1990-03-02', 'X237335771', '男', '新北市石碇區', 152, 84, '獅子座', 'A', '有', '滴酒不沾', '碩士', 'IC設計工程師', '上午日誌一位會計本人第一個人類靜靜', '0911219391', '2023-05-12 16:19:59'),
(443, 'mail561747@test.com', 'L588360970t', 'img01', '丘亭妤', '1988-09-29', 'Q292039920', '男', '基隆市安樂區', 196, 59, '雙魚座', 'O', '無', '小酌', '高中', '系統分析師', '生命移動', '0911799238', '2023-05-12 16:19:59'),
(444, 'mail965371@test.com', 'Y410393348f', 'img01', '吳品妍', '1994-01-10', 'I281899586', '男', '基隆市仁愛區', 195, 100, '獅子座', 'B', '有', '酒豪', '國中', '律師', '發現其中疾病編輯通過級別太多律師寶寶比如', '0911440166', '2023-05-12 16:19:59'),
(445, 'mail813763@test.com', 'Y156138438b', 'img01', '范柏諺', '1989-09-11', 'P115375841', '女', '新北市三芝區', 165, 56, '處女座', 'B', '無', '滴酒不沾', '學士', '護理長', '上午日誌一位會計本人第一個人類靜靜', '0911881858', '2023-05-12 16:19:59'),
(446, 'mail721175@test.com', 'W492766919y', 'img01', '陶宥翔', '1990-07-07', 'S175333587', '女', '新北市林口區', 155, 92, '獅子座', 'A', '有', '小酌', '高中', '醫師', '發現其中疾病編輯通過級別太多律師寶寶比如', '0911683168', '2023-05-12 16:19:59'),
(447, 'mail353054@test.com', 'L639067775n', 'img01', '龍家豪', '1996-03-09', 'V224788730', '女', '臺北市中正區', 153, 67, '巨蟹座', 'A', '無', '酒豪', '碩士', '護理長', '發現其中疾病編輯通過級別太多律師寶寶比如', '0911459813', '2023-05-12 16:19:59'),
(448, 'mail200084@test.com', 'K127209054o', 'img01', '熊子庭', '1998-01-03', 'X215788324', '女', '新北市新店區', 199, 60, '天秤座', 'B', '無', '滴酒不沾', '高中', 'IC設計工程師', '公開固定水晶', '0911350126', '2023-05-12 16:19:59'),
(449, 'mail192793@test.com', 'B791713818e', 'img01', '魏芯瑜', '1999-08-07', 'M111198955', '女', '新北市平溪區', 160, 41, '射手座', 'AB', '無', '酒豪', '學士', '律師', '上午日誌一位會計本人第一個人類靜靜', '0911578973', '2023-05-12 16:19:59'),
(450, 'mail683556@test.com', 'M132066313j', 'img01', '馮柏睿', '1987-03-20', 'O283048999', '女', '新北市三重區', 184, 84, '牡羊座', 'AB', '無', '小酌', '學士', '牙醫師', '也可保健避免什麼黑', '0911433235', '2023-05-12 16:19:59'),
(451, 'mail163912@test.com', 'G114641394f', 'img01', '沈政諺', '1990-09-14', 'S160348477', '男', '新北市貢寮區', 185, 90, '牡羊座', 'O', '有', '滴酒不沾', '國小', '飛行機師', '公開固定水晶', '0911647285', '2023-05-12 16:19:59'),
(452, 'mail942979@test.com', 'A335405375g', 'img01', '焦宇軒', '1999-05-15', 'G129312237', '女', '基隆市安樂區', 195, 43, '天蠍座', 'AB', '有', '小酌', '碩士', '聯結車司機', '公開固定水晶', '0911534450', '2023-05-12 16:19:59'),
(453, 'mail636526@test.com', 'W931476449o', 'img01', '華思妤', '1996-06-15', 'S256860063', '男', '新北市坪林區', 169, 46, '天秤座', 'B', '有', '小酌', '碩士', '律師', '生命移動', '0911851785', '2023-05-12 16:19:59'),
(454, 'mail252387@test.com', 'I818075380e', 'img01', '蒲妍蓁', '1999-12-14', 'H289886628', '男', '臺北市信義區', 178, 42, '水瓶座', 'AB', '有', '酒豪', '高中', '藥師輪機部船員', '也可保健避免什麼黑', '0911757376', '2023-05-12 16:19:59'),
(455, 'mail67856@test.com', 'Q352456797a', 'img01', '金博鈞', '1995-01-09', 'W224097892', '男', '新北市汐止區', 152, 56, '天蠍座', 'B', '無', '小酌', '學士', '艙面部船員', '站內死了機會', '0911419266', '2023-05-12 16:19:59'),
(456, 'mail551369@test.com', 'L907691973t', 'img01', '陶俊傑', '1988-10-05', 'O193812884', '女', '新北市鶯歌區', 184, 108, '處女座', 'B', '有', '小酌', '博士', '藝術總監', '生命移動', '0911712287', '2023-05-12 16:19:59'),
(457, 'mail497093@test.com', 'U127821872b', 'img01', '邢湘婷', '1987-05-20', 'M272426201', '男', '新北市樹林區', 168, 54, '獅子座', 'A', '有', '小酌', '國小', 'IC設計工程師', '生命移動', '0911264301', '2023-05-12 16:19:59'),
(458, 'mail222912@test.com', 'Q197551837g', 'img01', '陽庭瑄', '1997-12-29', 'N129306769', '女', '新北市石門區', 190, 85, '處女座', 'AB', '無', '滴酒不沾', '碩士', '藝術總監', '上午日誌一位會計本人第一個人類靜靜', '0911796437', '2023-05-12 16:19:59'),
(459, 'mail392550@test.com', 'H631022841z', 'img01', '屈宇辰', '1996-01-01', 'E273621338', '女', '新北市深坑區', 194, 102, '水瓶座', 'O', '有', '酒豪', '學士', '類比IC設計工程師', '生命移動', '0911438901', '2023-05-12 16:19:59'),
(460, 'mail509371@test.com', 'E596485387k', 'img01', '汪昱翔', '1997-03-05', 'S230755617', '女', '新北市萬里區', 190, 68, '水瓶座', 'B', '有', '小酌', '學士', '牙醫師', '站內死了機會', '0911555274', '2023-05-12 16:19:59'),
(461, 'mail933998@test.com', 'Z930190969f', 'img01', '譚育瑄', '1987-12-30', 'C186242415', '女', '基隆市中山區', 152, 61, '獅子座', 'O', '有', '酒豪', '博士', '空服人員', '站內死了機會', '0911122221', '2023-05-12 16:19:59'),
(462, 'mail171178@test.com', 'K860134862v', 'img01', '齊佳穎', '1993-09-20', 'J161113177', '女', '臺北市文山區', 167, 94, '巨蟹座', 'A', '有', '小酌', '碩士', '牙醫師', '上午日誌一位會計本人第一個人類靜靜', '0911296707', '2023-05-12 16:19:59'),
(463, 'mail775370@test.com', 'B350103328u', 'img01', '羅姿妤', '1988-05-02', 'J195614092', '男', '新北市萬里區', 152, 53, '天蠍座', 'O', '有', '小酌', '國中', '醫學美容', '公開固定水晶', '0911338553', '2023-05-12 16:19:59'),
(464, 'mail187559@test.com', 'S532158129f', 'img01', '虞子瑜', '1997-03-24', 'B140243405', '女', '基隆市暖暖區', 157, 97, '射手座', 'O', '有', '滴酒不沾', '國中', '艙面部船員', '幾天肯定先後焦點既然和他熱情主機邀請搜尋引擎面前，女性建材什麼', '0911694595', '2023-05-12 16:19:59'),
(465, 'mail735136@test.com', 'S486322572o', 'img01', '傅冠霆', '1992-03-26', 'W199140556', '女', '臺北市中山區', 163, 93, '天秤座', 'AB', '有', '小酌', '高中', '艙面部船員', '生命移動', '0911904582', '2023-05-12 16:19:59'),
(466, 'mail895661@test.com', 'X702057610d', 'img01', '利柏諺', '1990-07-27', 'G196068383', '女', '基隆市中山區', 174, 44, '雙子座', 'A', '有', '小酌', '國中', '類比IC設計工程師', '也可保健避免什麼黑', '0911836513', '2023-05-12 16:19:59'),
(467, 'mail592019@test.com', 'P633902804f', 'img01', '段秉軒', '1990-03-05', 'C288922499', '女', '新北市三芝區', 174, 82, '天秤座', 'O', '有', '小酌', '博士', '艙面部船員', '也可保健避免什麼黑', '0911557345', '2023-05-12 16:19:59'),
(468, 'mail846351@test.com', 'V889288594d', 'img01', '毛昱翔', '1995-11-17', 'F274109371', '女', '基隆市信義區', 154, 44, '天秤座', 'O', '無', '小酌', '博士', '系統分析師', '生命移動', '0911127227', '2023-05-12 16:19:59'),
(469, 'mail649613@test.com', 'I137496043r', 'img01', '章冠霖', '1994-10-07', 'A127424351', '男', '新北市三峽區', 158, 107, '水瓶座', 'O', '無', '小酌', '博士', '護理長', '生命移動', '0911591857', '2023-05-12 16:19:59'),
(470, 'mail531450@test.com', 'D441791381x', 'img01', '韓子瑄', '1985-09-11', 'L129543623', '男', '新北市三芝區', 193, 76, '處女座', 'O', '有', '酒豪', '學士', '飛行機師', '公開固定水晶', '0911756025', '2023-05-12 16:19:59'),
(471, 'mail856312@test.com', 'G852167167k', 'img01', '夏昱辰', '1995-03-15', 'M211927537', '男', '新北市泰山區', 175, 72, '魔羯座', 'A', '有', '酒豪', '碩士', '牙醫師', '生命移動', '0911735156', '2023-05-12 16:19:59'),
(472, 'mail17375@test.com', 'D666145429j', 'img01', '賴家瑋', '1989-02-28', 'L275973411', '女', '新北市坪林區', 187, 72, '牡羊座', 'O', '無', '滴酒不沾', '博士', '數位IC設計工程師', '站內死了機會', '0911779055', '2023-05-12 16:19:59'),
(473, 'mail902029@test.com', 'T337739148b', 'img01', '桂承翰', '1985-06-04', 'I250140097', '男', '基隆市中山區', 198, 101, '獅子座', 'A', '有', '滴酒不沾', '學士', '律師', '也可保健避免什麼黑', '0911558734', '2023-05-12 16:19:59'),
(474, 'mail224352@test.com', 'Q739231003d', 'img01', '牟妍蓁', '1993-12-24', 'G168047628', '女', '臺北市大同區', 190, 86, '金牛座', 'AB', '有', '滴酒不沾', '博士', 'IC設計工程師', '生命移動', '0911678413', '2023-05-12 16:19:59'),
(475, 'mail724093@test.com', 'X630619922z', 'img01', '段靖淳', '1990-07-01', 'N278716022', '男', '新北市中和區', 159, 58, '雙子座', 'AB', '無', '酒豪', '博士', '系統分析師', '生命移動', '0911157159', '2023-05-12 16:19:59'),
(476, 'mail744240@test.com', 'I213051562l', 'img01', '薛凱傑', '1988-09-23', 'U268131174', '女', '新北市三芝區', 186, 109, '巨蟹座', 'B', '無', '小酌', '學士', '船上作業人員', '也可保健避免什麼黑', '0911256474', '2023-05-12 16:19:59'),
(477, 'mail381558@test.com', 'B305536038w', 'img01', '董詩晴', '1988-03-11', 'B221561614', '女', '新北市三峽區', 199, 74, '天蠍座', 'B', '無', '小酌', '國小', '類比IC設計工程師', '公開固定水晶', '0911352220', '2023-05-12 16:19:59'),
(478, 'mail286592@test.com', 'I507605325v', 'img01', '廖冠傑', '1996-07-11', 'L215168347', '女', '新北市坪林區', 176, 84, '牡羊座', 'O', '無', '小酌', '學士', '醫學美容', '生命移動', '0911965382', '2023-05-12 16:19:59'),
(479, 'mail132305@test.com', 'F779990008r', 'img01', '凃品萱', '1999-03-16', 'F124074272', '女', '臺北市南港區', 153, 45, '魔羯座', 'A', '有', '酒豪', '國小', '護理長', '上午日誌一位會計本人第一個人類靜靜', '0911523659', '2023-05-12 16:19:59'),
(480, 'mail295186@test.com', 'G705482074o', 'img01', '顏怡蓁', '1988-09-15', 'Y125464058', '女', '新北市樹林區', 152, 50, '獅子座', 'AB', '有', '酒豪', '博士', '空服人員', '上午日誌一位會計本人第一個人類靜靜', '0911626581', '2023-05-12 16:19:59'),
(481, 'mail42064@test.com', 'I307750795z', 'img01', '汪芯瑜', '1995-06-25', 'B236576184', '男', '基隆市中山區', 165, 74, '獅子座', 'A', '有', '滴酒不沾', '碩士', '數位IC設計工程師', '生命移動', '0911291359', '2023-05-12 16:19:59'),
(482, 'mail699579@test.com', 'W886217806i', 'img01', '賈依璇', '1986-07-07', 'V132404883', '女', '臺北市北投區', 173, 40, '雙魚座', 'AB', '有', '小酌', '學士', '牙醫師', '發現其中疾病編輯通過級別太多律師寶寶比如', '0911301935', '2023-05-12 16:19:59'),
(483, 'mail911067@test.com', 'J172847499t', 'img01', '幸奕廷', '1999-06-10', 'M143442746', '女', '臺北市松山區', 158, 78, '雙子座', 'B', '有', '滴酒不沾', '學士', '飛行機師', '幾天肯定先後焦點既然和他熱情主機邀請搜尋引擎面前，女性建材什麼', '0911519064', '2023-05-12 16:19:59'),
(484, 'mail777696@test.com', 'B423841911i', 'img01', '曲彥霖', '1986-04-11', 'Y283331752', '女', '新北市泰山區', 156, 68, '巨蟹座', 'B', '無', '小酌', '碩士', '數位IC設計工程師', '站內死了機會', '0911322330', '2023-05-12 16:19:59'),
(485, 'mail406640@test.com', 'E254789691h', 'img01', '呂凱翔', '1989-07-08', 'Z257027219', '女', '新北市石門區', 153, 75, '金牛座', 'AB', '有', '小酌', '博士', '醫師', '也可保健避免什麼黑', '0911190216', '2023-05-12 16:19:59'),
(486, 'mail263732@test.com', 'H936523688r', 'img01', '耿庭瑄', '1994-08-16', 'R149753847', '女', '新北市坪林區', 177, 104, '雙子座', 'A', '無', '滴酒不沾', '國中', '藝術總監', '公開固定水晶', '0911318275', '2023-05-12 16:19:59'),
(487, 'mail128034@test.com', 'E331627675f', 'img01', '車彥辰', '1987-12-06', 'C136535717', '男', '新北市瑞芳區', 183, 42, '處女座', 'B', '有', '小酌', '高中', '船上作業人員', '站內死了機會', '0911819618', '2023-05-12 16:19:59'),
(488, 'mail632235@test.com', 'F396209828i', 'img01', '鄞彥丞', '1999-02-03', 'O156394433', '女', '新北市汐止區', 196, 54, '獅子座', 'O', '有', '滴酒不沾', '國小', '藥師輪機部船員', '站內死了機會', '0911605993', '2023-05-12 16:19:59');
INSERT INTO `member` (`member_id`, `email`, `password`, `images`, `member_name`, `member_birth`, `id_number`, `gender`, `location`, `height`, `weight`, `zodiac`, `bloodtype`, `smoke`, `alchohol`, `education_level`, `job`, `profile`, `mobile`, `create_at`) VALUES
(489, 'mail409065@test.com', 'G691292535x', 'img01', '包俊宇', '1985-10-10', 'X167584566', '女', '新北市泰山區', 183, 40, '天秤座', 'B', '有', '酒豪', '博士', '中醫師', '站內死了機會', '0911335582', '2023-05-12 16:19:59'),
(490, 'mail569536@test.com', 'D285719851s', 'img01', '游瑋庭', '1993-01-28', 'H168913923', '女', '新北市瑞芳區', 184, 81, '獅子座', 'A', '有', '滴酒不沾', '國小', '中醫師', '幾天肯定先後焦點既然和他熱情主機邀請搜尋引擎面前，女性建材什麼', '0911990893', '2023-05-12 16:19:59'),
(491, 'mail513674@test.com', 'P903110824n', 'img01', '屈育萱', '1987-12-17', 'S160742430', '女', '臺北市大安區', 166, 58, '牡羊座', 'O', '有', '滴酒不沾', '博士', '艙面部船員', '上午日誌一位會計本人第一個人類靜靜', '0911835069', '2023-05-12 16:19:59'),
(492, 'mail658888@test.com', 'A863641667w', 'img01', '錢子瑜', '1985-11-06', 'Q136865556', '女', '新北市汐止區', 158, 57, '金牛座', 'AB', '無', '小酌', '學士', '聯結車司機', '站內死了機會', '0911978862', '2023-05-12 16:19:59'),
(493, 'mail430779@test.com', 'V900458198a', 'img01', '包宥廷', '1996-09-02', 'I129679945', '男', '新北市三芝區', 163, 45, '水瓶座', 'B', '有', '小酌', '國小', '空服人員', '生命移動', '0911300204', '2023-05-12 16:19:59'),
(494, 'mail537306@test.com', 'R104398952v', 'img01', '解宥鈞', '1986-03-26', 'R254739445', '男', '新北市汐止區', 197, 48, '牡羊座', 'A', '有', '小酌', '學士', '中醫師', '公開固定水晶', '0911794626', '2023-05-12 16:19:59'),
(495, 'mail573020@test.com', 'Q152745020r', 'img01', '江宜萱', '1986-03-31', 'N184344230', '男', '新北市雙溪區', 175, 51, '水瓶座', 'AB', '有', '滴酒不沾', '國小', '藝術總監', '公開固定水晶', '0911241273', '2023-05-12 16:19:59'),
(496, 'mail946819@test.com', 'P586679573n', 'img01', '范宜庭', '1992-02-16', 'R177426750', '男', '基隆市中山區', 162, 68, '牡羊座', 'B', '無', '滴酒不沾', '博士', '律師', '上午日誌一位會計本人第一個人類靜靜', '0911450333', '2023-05-12 16:19:59'),
(497, 'mail285561@test.com', 'C647474394s', 'img01', '崔家妤', '1996-07-29', 'Y156841023', '男', '新北市烏來區', 159, 59, '射手座', 'O', '有', '酒豪', '國中', '系統分析師', '上午日誌一位會計本人第一個人類靜靜', '0911532603', '2023-05-12 16:19:59'),
(498, 'mail337969@test.com', 'O100096723s', 'img01', '應庭瑄', '1993-09-17', 'D175979009', '女', '新北市石碇區', 180, 105, '巨蟹座', 'B', '有', '小酌', '碩士', '藝術總監', '幾天肯定先後焦點既然和他熱情主機邀請搜尋引擎面前，女性建材什麼', '0911908191', '2023-05-12 16:19:59'),
(499, 'mail333854@test.com', 'T308025659f', 'img01', '鄞昱辰', '1989-08-23', 'M126877033', '男', '新北市平溪區', 168, 108, '射手座', 'O', '有', '酒豪', '國中', '護理長', '上午日誌一位會計本人第一個人類靜靜', '0911355134', '2023-05-12 16:19:59'),
(500, 'mail470343@test.com', 'N781230156p', 'img01', '曹秉諺', '1987-11-02', 'S282099105', '女', '基隆市暖暖區', 188, 83, '處女座', 'B', '無', '滴酒不沾', '碩士', '牙醫師', '也可保健避免什麼黑', '0911463100', '2023-05-12 16:19:59'),
(501, 'mail36124@test.com', 'X291223953n', 'img01', '方欣穎', '1999-07-03', 'P216424688', '男', '臺北市信義區', 195, 63, '金牛座', 'O', '無', '滴酒不沾', '學士', '麻醉醫師', '公開固定水晶', '0911755383', '2023-05-12 16:19:59'),
(502, 'mail60606@test.com', 'P653884539h', 'img01', '買宜蓁', '1999-02-11', 'Z142362311', '男', '基隆市中山區', 175, 59, '雙魚座', 'A', '有', '小酌', '學士', '醫師', '上午日誌一位會計本人第一個人類靜靜', '0911231011', '2023-05-12 16:19:59'),
(503, 'mail470436@test.com', 'R180126157j', 'img01', '穆鈺婷', '1989-01-17', 'U197756877', '女', '基隆市仁愛區', 170, 53, '巨蟹座', 'A', '有', '滴酒不沾', '博士', 'IC設計工程師', '發現其中疾病編輯通過級別太多律師寶寶比如', '0911196001', '2023-05-12 16:19:59'),
(504, 'mail866770@test.com', 'M596319472k', 'img01', '車雅築', '1985-06-16', 'M146691534', '女', '新北市三重區', 197, 89, '巨蟹座', 'B', '有', '小酌', '博士', '中醫師', '生命移動', '0911419009', '2023-05-12 16:19:59'),
(505, 'mail237856@test.com', 'X239907232d', 'img01', '宮子恩', '1995-01-22', 'N180942641', '女', '臺北市中山區', 187, 99, '獅子座', 'AB', '無', '小酌', '國中', '藝術總監', '生命移動', '0911281752', '2023-05-12 16:19:59'),
(506, 'mail481028@test.com', 'Z197933820t', 'img01', '丘語婕', '1986-09-23', 'O230839142', '男', '新北市汐止區', 168, 72, '獅子座', 'AB', '無', '酒豪', '博士', '聯結車司機', '公開固定水晶', '0911482820', '2023-05-12 16:19:59'),
(507, 'mail307029@test.com', 'Z484230477f', 'img01', '邵佳儀', '1993-11-24', 'T129304749', '男', '臺北市松山區', 157, 63, '雙魚座', 'O', '無', '小酌', '碩士', '聯結車司機', '發現其中疾病編輯通過級別太多律師寶寶比如', '0911277981', '2023-05-12 16:19:59'),
(508, 'mail859613@test.com', 'W769836999a', 'img01', '包彥辰', '1997-08-02', 'G192248465', '男', '臺北市文山區', 198, 71, '水瓶座', 'B', '無', '滴酒不沾', '學士', '醫師', '站內死了機會', '0911717287', '2023-05-12 16:19:59'),
(509, 'mail247054@test.com', 'Y864744593j', 'img01', '譚秉諺', '1996-09-21', 'E143849587', '男', '新北市貢寮區', 195, 43, '金牛座', 'A', '無', '滴酒不沾', '國小', '系統分析師', '站內死了機會', '0911700251', '2023-05-12 16:19:59'),
(510, 'mail585648@test.com', 'J474234370y', 'img01', '曾柏均', '1993-07-08', 'T292756591', '女', '新北市淡水區', 197, 57, '水瓶座', 'B', '有', '小酌', '學士', '系統分析師', '公開固定水晶', '0911689519', '2023-05-12 16:19:59'),
(511, 'mail24657@test.com', 'P953044799b', 'img01', '黎俊廷', '1999-12-04', 'G259433601', '男', '新北市土城區', 156, 98, '金牛座', 'O', '無', '滴酒不沾', '碩士', '數位IC設計工程師', '公開固定水晶', '0911430073', '2023-05-12 16:19:59'),
(512, 'mail315970@test.com', 'G142734849v', 'img01', '史宜臻', '1994-02-10', 'R232431437', '女', '基隆市信義區', 151, 66, '水瓶座', 'AB', '無', '酒豪', '高中', '建築師', '生命移動', '0911190564', '2023-05-12 16:19:59'),
(513, 'mail528699@test.com', 'T103254314h', 'img01', '華佳欣', '1999-05-03', 'L237828049', '男', '臺北市中正區', 190, 96, '金牛座', 'AB', '無', '滴酒不沾', '博士', '醫師', '公開固定水晶', '0911383898', '2023-05-12 16:19:59'),
(514, 'mail968231@test.com', 'Y521138751b', 'img01', '利苡瑄', '1998-01-26', 'U145682857', '男', '臺北市南港區', 176, 110, '金牛座', 'A', '無', '酒豪', '國中', '數位IC設計工程師', '幾天肯定先後焦點既然和他熱情主機邀請搜尋引擎面前，女性建材什麼', '0911495599', '2023-05-12 16:19:59'),
(515, 'mail447634@test.com', 'L790990775p', 'img01', '柯沛璇', '1989-07-07', 'K121261644', '男', '臺北市大安區', 195, 103, '獅子座', 'A', '有', '滴酒不沾', '高中', '聯結車司機', '公開固定水晶', '0911824316', '2023-05-12 16:19:59'),
(516, 'mail705138@test.com', 'J171638623n', 'img01', '楊宜君', '1995-08-31', 'L269514007', '女', '臺北市萬華區', 162, 90, '金牛座', 'A', '無', '滴酒不沾', '國小', '空服人員', '幾天肯定先後焦點既然和他熱情主機邀請搜尋引擎面前，女性建材什麼', '0911279768', '2023-05-12 16:19:59'),
(517, 'mail124625@test.com', 'C551482171z', 'img01', '王廷宇', '1992-06-14', 'J231048748', '女', '新北市萬里區', 152, 74, '處女座', 'A', '無', '酒豪', '博士', '麻醉醫師', '發現其中疾病編輯通過級別太多律師寶寶比如', '0911658354', '2023-05-12 16:19:59'),
(518, 'mail105166@test.com', 'C146372655u', 'img01', '莊佩珊', '1985-07-27', 'G162857290', '男', '新北市淡水區', 179, 110, '處女座', 'B', '無', '滴酒不沾', '博士', '麻醉醫師', '也可保健避免什麼黑', '0911964143', '2023-05-12 16:19:59'),
(519, 'mail199804@test.com', 'I867479631d', 'img01', '邢詩婷', '1998-02-11', 'T235566160', '女', '新北市樹林區', 151, 68, '獅子座', 'O', '有', '滴酒不沾', '碩士', '醫學美容', '發現其中疾病編輯通過級別太多律師寶寶比如', '0911709978', '2023-05-12 16:19:59'),
(520, 'mail302776@test.com', 'R705290759r', 'img01', '麥郁涵', '1998-12-11', 'N116205358', '男', '新北市貢寮區', 167, 69, '魔羯座', 'O', '無', '小酌', '國小', '中醫師', '也可保健避免什麼黑', '0911975852', '2023-05-12 16:19:59'),
(521, 'mail108003@test.com', 'M969514147o', 'img01', '闕郁婷', '1993-07-15', 'H123843704', '男', '新北市泰山區', 176, 67, '魔羯座', 'A', '無', '酒豪', '國中', '藝術總監', '發現其中疾病編輯通過級別太多律師寶寶比如', '0911331026', '2023-05-12 16:19:59'),
(522, 'mail592089@test.com', 'H972098910m', 'img01', '鄔秉宏', '1995-07-25', 'L228420329', '女', '新北市三重區', 199, 66, '雙魚座', 'B', '有', '小酌', '高中', '系統分析師', '公開固定水晶', '0911936821', '2023-05-12 16:19:59'),
(523, 'mail821478@test.com', 'Y813697976z', 'img01', '岳柏安', '1988-02-20', 'A141512387', '女', '新北市汐止區', 170, 108, '金牛座', 'A', '有', '小酌', '博士', '牙醫師', '生命移動', '0911456206', '2023-05-12 16:19:59'),
(524, 'mail33594@test.com', 'I848985537r', 'img01', '施宇恩', '1997-06-27', 'R238596715', '女', '新北市石碇區', 177, 87, '天蠍座', 'AB', '無', '滴酒不沾', '高中', '類比IC設計工程師', '發現其中疾病編輯通過級別太多律師寶寶比如', '0911243304', '2023-05-12 16:19:59'),
(525, 'mail72576@test.com', 'V510156281h', 'img01', '李翊瑄', '1985-05-17', 'R165151272', '男', '新北市平溪區', 151, 100, '金牛座', 'O', '有', '小酌', '博士', '聯結車司機', '站內死了機會', '0911704528', '2023-05-12 16:19:59'),
(526, 'mail80923@test.com', 'U286101687r', 'img01', '左佳怡', '1988-03-07', 'K287384665', '女', '基隆市中正區', 196, 87, '雙魚座', 'AB', '有', '小酌', '學士', '麻醉醫師', '生命移動', '0911272122', '2023-05-12 16:19:59'),
(527, 'mail863893@test.com', 'S451856650t', 'img01', '戚宇宸', '1991-07-06', 'B137333886', '女', '基隆市暖暖區', 199, 90, '雙魚座', 'AB', '無', '滴酒不沾', '高中', '醫學美容', '發現其中疾病編輯通過級別太多律師寶寶比如', '0911324918', '2023-05-12 16:19:59'),
(528, 'mail774616@test.com', 'K631271191l', 'img01', '焦靖雯', '1991-04-06', 'E230450229', '女', '臺北市中正區', 167, 42, '處女座', 'A', '無', '滴酒不沾', '國中', '數位IC設計工程師', '站內死了機會', '0911720230', '2023-05-12 16:19:59'),
(529, 'mail198016@test.com', 'P441752595t', 'img01', '連怡瑄', '1986-06-25', 'H138138720', '女', '臺北市士林區', 161, 65, '天秤座', 'B', '無', '小酌', '國小', 'IC設計工程師', '公開固定水晶', '0911119138', '2023-05-12 16:19:59'),
(530, 'mail906345@test.com', 'N356485354z', 'img01', '蔡湘婷', '1991-10-30', 'E283530994', '男', '臺北市大安區', 196, 58, '處女座', 'A', '無', '小酌', '高中', '藝術總監', '站內死了機會', '0911297948', '2023-05-12 16:19:59'),
(531, 'mail368226@test.com', 'N281754251k', 'img01', '樂怡萱', '1993-11-13', 'U113917020', '男', '新北市新莊區', 173, 76, '魔羯座', 'O', '有', '滴酒不沾', '國小', '類比IC設計工程師', '幾天肯定先後焦點既然和他熱情主機邀請搜尋引擎面前，女性建材什麼', '0911300647', '2023-05-12 16:19:59'),
(532, 'mail438153@test.com', 'Z123377698n', 'img01', '管宇辰', '1996-09-10', 'T172305244', '女', '臺北市松山區', 169, 96, '雙魚座', 'A', '無', '酒豪', '高中', '護理長', '發現其中疾病編輯通過級別太多律師寶寶比如', '0911880261', '2023-05-12 16:19:59'),
(533, 'mail352481@test.com', 'E871061929g', 'img01', '邵承恩', '1993-01-05', 'C226007256', '男', '新北市鶯歌區', 200, 76, '天秤座', 'B', '有', '酒豪', '國小', '麻醉醫師', '公開固定水晶', '0911309763', '2023-05-12 16:19:59'),
(534, 'mail63365@test.com', 'U628973909s', 'img01', '潘子軒', '1987-03-05', 'E171377935', '女', '基隆市七堵區', 150, 40, '天蠍座', 'O', '無', '滴酒不沾', '高中', '艙面部船員', '上午日誌一位會計本人第一個人類靜靜', '0911643831', '2023-05-12 16:19:59'),
(535, 'mail867085@test.com', 'U835449389c', 'img01', '程怡瑄', '1996-05-31', 'D182578323', '男', '基隆市安樂區', 197, 87, '處女座', 'AB', '無', '小酌', '學士', '律師', '生命移動', '0911862422', '2023-05-12 16:19:59'),
(536, 'mail102229@test.com', 'Y869324329b', 'img01', '龎詩晴', '1996-08-15', 'L155458728', '女', '基隆市中山區', 160, 107, '處女座', 'A', '無', '酒豪', '學士', '護理長', '站內死了機會', '0911294933', '2023-05-12 16:19:59'),
(537, 'mail669939@test.com', 'D566241109k', 'img01', '蘇柏翔', '1996-12-28', 'K245922830', '女', '臺北市士林區', 172, 60, '金牛座', 'B', '無', '小酌', '博士', '律師', '生命移動', '0911819345', '2023-05-12 16:19:59'),
(538, 'mail767393@test.com', 'E945674171n', 'img01', '闕柏安', '1995-05-12', 'M214343730', '女', '新北市貢寮區', 168, 93, '天秤座', 'O', '無', '酒豪', '高中', '空服人員', '站內死了機會', '0911239428', '2023-05-12 16:19:59'),
(539, 'mail477712@test.com', 'L449031716f', 'img01', '應芊妤', '1986-11-03', 'F219753141', '男', '臺北市信義區', 169, 89, '巨蟹座', 'AB', '無', '滴酒不沾', '碩士', '藥師輪機部船員', '幾天肯定先後焦點既然和他熱情主機邀請搜尋引擎面前，女性建材什麼', '0911126311', '2023-05-12 16:19:59'),
(540, 'mail480933@test.com', 'E427940420k', 'img01', '駱昱廷', '1987-10-01', 'R165574685', '女', '新北市土城區', 162, 54, '金牛座', 'B', '無', '滴酒不沾', '國小', '數位IC設計工程師', '站內死了機會', '0911519140', '2023-05-12 16:19:59'),
(541, 'mail539301@test.com', 'H819429782j', 'img01', '焦昱安', '1998-07-22', 'Z242922972', '男', '基隆市信義區', 167, 98, '雙魚座', 'O', '無', '小酌', '高中', '系統分析師', '公開固定水晶', '0911883111', '2023-05-12 16:19:59'),
(542, 'mail361838@test.com', 'Q780317514k', 'img01', '董宇恩', '1990-04-19', 'I223150690', '女', '臺北市南港區', 183, 99, '金牛座', 'B', '有', '滴酒不沾', '高中', 'IC設計工程師', '上午日誌一位會計本人第一個人類靜靜', '0911851907', '2023-05-12 16:19:59'),
(543, 'mail951696@test.com', 'Z113029203z', 'img01', '趙詩婷', '1992-07-24', 'U293916194', '女', '臺北市內湖區', 193, 86, '雙魚座', 'A', '有', '小酌', '國小', '律師', '上午日誌一位會計本人第一個人類靜靜', '0911262259', '2023-05-12 16:19:59'),
(544, 'mail502229@test.com', 'Q593394686q', 'img01', '鄒芷瑜', '1986-11-13', 'U177706052', '男', '基隆市安樂區', 198, 63, '獅子座', 'AB', '無', '酒豪', '碩士', '藝術總監', '也可保健避免什麼黑', '0911769060', '2023-05-12 16:19:59'),
(545, 'mail806057@test.com', 'X336355085x', 'img01', '易詩涵', '1992-01-29', 'E225912783', '男', '新北市汐止區', 191, 63, '天蠍座', 'AB', '有', '酒豪', '國小', '建築師', '生命移動', '0911488199', '2023-05-12 16:19:59'),
(546, 'mail20695@test.com', 'R166095008b', 'img01', '錢宜臻', '1989-07-05', 'T178788079', '男', '新北市泰山區', 177, 85, '金牛座', 'O', '無', '滴酒不沾', '學士', '護理長', '站內死了機會', '0911375540', '2023-05-12 16:19:59'),
(547, 'mail577359@test.com', 'P795834058n', 'img01', '刁承佑', '1997-07-15', 'S168534726', '女', '新北市新店區', 175, 87, '獅子座', 'A', '有', '滴酒不沾', '高中', '中醫師', '生命移動', '0911590638', '2023-05-12 16:19:59'),
(548, 'mail67604@test.com', 'Q463723594a', 'img01', '范俊廷', '1997-09-19', 'D280822158', '男', '新北市汐止區', 197, 110, '金牛座', 'B', '有', '酒豪', '碩士', '空服人員', '發現其中疾病編輯通過級別太多律師寶寶比如', '0911301273', '2023-05-12 16:19:59'),
(549, 'mail993654@test.com', 'T797477532n', 'img01', '顏奕辰', '1986-10-24', 'N234048577', '女', '新北市萬里區', 153, 41, '雙子座', 'AB', '有', '小酌', '學士', '牙醫師', '站內死了機會', '0911199145', '2023-05-12 16:19:59'),
(550, 'mail11094@test.com', 'R513649448g', 'img01', '單柏均', '1989-10-22', 'J241414942', '女', '基隆市仁愛區', 158, 49, '金牛座', 'B', '無', '酒豪', '國中', '空服人員', '幾天肯定先後焦點既然和他熱情主機邀請搜尋引擎面前，女性建材什麼', '0911568397', '2023-05-12 16:19:59'),
(551, 'mail831711@test.com', 'T898880253h', 'img01', '商柏翰', '1997-03-10', 'S188306938', '男', '臺北市松山區', 193, 65, '天秤座', 'O', '有', '酒豪', '學士', '藥師輪機部船員', '幾天肯定先後焦點既然和他熱情主機邀請搜尋引擎面前，女性建材什麼', '0911757024', '2023-05-12 16:19:59'),
(552, 'mail276761@test.com', 'M747849647k', 'img01', '安冠傑', '1989-05-26', 'X143643333', '男', '新北市深坑區', 180, 104, '雙子座', 'A', '有', '小酌', '國小', '醫師', '站內死了機會', '0911314410', '2023-05-12 16:19:59'),
(553, 'mail56444@test.com', 'D661716942t', 'img01', '應佳蓉', '1985-10-01', 'Q189297223', '女', '新北市三芝區', 185, 70, '處女座', 'O', '有', '滴酒不沾', '學士', '藥師輪機部船員', '站內死了機會', '0911983969', '2023-05-12 16:19:59'),
(554, 'mail238086@test.com', 'W143982764g', 'img01', '邵宇翔', '1999-03-14', 'V252446386', '男', '基隆市仁愛區', 177, 44, '巨蟹座', 'AB', '無', '滴酒不沾', '國中', 'IC設計工程師', '幾天肯定先後焦點既然和他熱情主機邀請搜尋引擎面前，女性建材什麼', '0911787829', '2023-05-12 16:19:59'),
(555, 'mail962140@test.com', 'H643253254r', 'img01', '郝芷涵', '1997-11-20', 'A268239300', '女', '臺北市大安區', 187, 88, '金牛座', 'B', '有', '小酌', '碩士', '船上作業人員', '上午日誌一位會計本人第一個人類靜靜', '0911253445', '2023-05-12 16:19:59'),
(556, 'mail839964@test.com', 'D383032106m', 'img01', '江昱辰', '1990-02-20', 'A238582308', '男', '臺北市北投區', 155, 43, '金牛座', 'A', '有', '酒豪', '國中', '系統分析師', '上午日誌一位會計本人第一個人類靜靜', '0911722598', '2023-05-12 16:19:59'),
(557, 'mail410538@test.com', 'R697879316u', 'img01', '施怡婷', '1986-09-21', 'A166333262', '男', '臺北市中正區', 173, 86, '魔羯座', 'O', '無', '酒豪', '國中', '船上作業人員', '公開固定水晶', '0911336223', '2023-05-12 16:19:59'),
(558, 'mail499727@test.com', 'A509287947k', 'img01', '戴宜庭', '1994-11-03', 'U174417299', '女', '臺北市南港區', 199, 84, '處女座', 'B', '有', '小酌', '國中', '牙醫師', '發現其中疾病編輯通過級別太多律師寶寶比如', '0911437605', '2023-05-12 16:19:59'),
(559, 'mail967109@test.com', 'W762691488e', 'img01', '雷亭妤', '1999-10-25', 'E170752936', '男', '臺北市中山區', 193, 109, '金牛座', 'B', '無', '滴酒不沾', '碩士', '藥師輪機部船員', '上午日誌一位會計本人第一個人類靜靜', '0911538207', '2023-05-12 16:19:59'),
(560, 'mail472912@test.com', 'A663240869d', 'img01', '熊彥丞', '1986-03-11', 'F269685502', '男', '新北市板橋區', 175, 109, '金牛座', 'AB', '無', '酒豪', '碩士', '聯結車司機', '也可保健避免什麼黑', '0911183919', '2023-05-12 16:19:59'),
(561, 'mail312879@test.com', 'E609867583a', 'img01', '孫奕辰', '1997-06-10', 'F194210151', '女', '新北市三重區', 179, 102, '雙魚座', 'O', '無', '滴酒不沾', '博士', '牙醫師', '公開固定水晶', '0911925225', '2023-05-12 16:19:59'),
(562, 'mail874790@test.com', 'Z495059397z', 'img01', '詹子傑', '1989-10-15', 'F199921817', '男', '臺北市文山區', 162, 84, '魔羯座', 'B', '有', '酒豪', '國中', '醫師', '站內死了機會', '0911308685', '2023-05-12 16:19:59'),
(563, 'mail743446@test.com', 'L180858486l', 'img01', '方冠霖', '1992-09-23', 'N248354319', '女', '新北市鶯歌區', 181, 91, '雙魚座', 'A', '無', '酒豪', '國小', '艙面部船員', '也可保健避免什麼黑', '0911905615', '2023-05-12 16:19:59'),
(564, 'mail291118@test.com', 'V240269689u', 'img01', '潘彥丞', '1990-04-02', 'Z178222843', '女', '新北市五股區', 189, 58, '巨蟹座', 'AB', '有', '酒豪', '博士', '艙面部船員', '也可保健避免什麼黑', '0911266436', '2023-05-12 16:19:59'),
(565, 'mail434640@test.com', 'G315808662j', 'img01', '易昱翔', '1986-07-24', 'D284381219', '女', '新北市三峽區', 190, 50, '雙魚座', 'A', '無', '酒豪', '學士', '醫師', '發現其中疾病編輯通過級別太多律師寶寶比如', '0911880675', '2023-05-12 16:19:59'),
(566, 'mail32017@test.com', 'J228080768l', 'img01', '錢柏諺', '1999-05-27', 'K120576311', '男', '新北市新莊區', 188, 80, '雙魚座', 'A', '無', '小酌', '碩士', '中醫師', '發現其中疾病編輯通過級別太多律師寶寶比如', '0911250592', '2023-05-12 16:19:59'),
(567, 'mail927371@test.com', 'W944223356a', 'img01', '安哲宇', '1988-10-16', 'K154475532', '女', '新北市貢寮區', 186, 87, '巨蟹座', 'A', '無', '小酌', '國小', '牙醫師', '上午日誌一位會計本人第一個人類靜靜', '0911741824', '2023-05-12 16:19:59'),
(568, 'mail375336@test.com', 'I395655644e', 'img01', '塗柏勳', '1989-12-01', 'G247984664', '女', '臺北市內湖區', 188, 57, '金牛座', 'O', '無', '滴酒不沾', '碩士', '醫學美容', '發現其中疾病編輯通過級別太多律師寶寶比如', '0911904619', '2023-05-12 16:19:59'),
(569, 'mail566695@test.com', 'E106064015r', 'img01', '關芷瑄', '1994-04-05', 'K272321702', '女', '臺北市中正區', 172, 47, '巨蟹座', 'AB', '有', '滴酒不沾', '碩士', '數位IC設計工程師', '幾天肯定先後焦點既然和他熱情主機邀請搜尋引擎面前，女性建材什麼', '0911495622', '2023-05-12 16:19:59'),
(570, 'mail341864@test.com', 'W794836884c', 'img01', '田欣穎', '1995-01-19', 'K269552322', '女', '新北市中和區', 187, 64, '射手座', 'AB', '有', '滴酒不沾', '國中', '艙面部船員', '發現其中疾病編輯通過級別太多律師寶寶比如', '0911556492', '2023-05-12 16:19:59'),
(571, 'mail656936@test.com', 'B916890973q', 'img01', '塗宇宸', '1999-07-23', 'S229956306', '女', '臺北市大安區', 160, 110, '巨蟹座', 'AB', '無', '酒豪', '學士', '醫學美容', '上午日誌一位會計本人第一個人類靜靜', '0911464958', '2023-05-12 16:19:59'),
(572, 'mail409312@test.com', 'F410720797v', 'img01', '尹家妤', '1993-07-13', 'O193314318', '男', '新北市貢寮區', 165, 42, '處女座', 'AB', '無', '酒豪', '高中', '醫師', '幾天肯定先後焦點既然和他熱情主機邀請搜尋引擎面前，女性建材什麼', '0911345665', '2023-05-12 16:19:59'),
(573, 'mail938884@test.com', 'P491958183a', 'img01', '盛子軒', '1987-12-26', 'I131055267', '女', '基隆市暖暖區', 155, 40, '獅子座', 'O', '有', '滴酒不沾', '國小', '聯結車司機', '幾天肯定先後焦點既然和他熱情主機邀請搜尋引擎面前，女性建材什麼', '0911511143', '2023-05-12 16:19:59'),
(574, 'mail178101@test.com', 'O175532029j', 'img01', '佘智凱', '1990-05-31', 'A144742237', '男', '臺北市松山區', 191, 98, '金牛座', 'AB', '有', '酒豪', '國小', '系統分析師', '幾天肯定先後焦點既然和他熱情主機邀請搜尋引擎面前，女性建材什麼', '0911424605', '2023-05-12 16:19:59'),
(575, 'mail885203@test.com', 'V295623455b', 'img01', '易宜庭', '1996-01-19', 'U228044456', '女', '新北市三峽區', 197, 98, '處女座', 'AB', '有', '滴酒不沾', '國小', '船上作業人員', '公開固定水晶', '0911739450', '2023-05-12 16:19:59'),
(576, 'mail173494@test.com', 'T557626096k', 'img01', '范姜姿妤', '1997-04-11', 'J252368400', '女', '新北市八里區', 161, 42, '獅子座', 'AB', '有', '滴酒不沾', '學士', '類比IC設計工程師', '公開固定水晶', '0911381956', '2023-05-12 16:19:59'),
(577, 'mail66835@test.com', 'Q544712082y', 'img01', '牛宇傑', '1998-08-17', 'S195048962', '女', '新北市平溪區', 200, 105, '天秤座', 'B', '有', '小酌', '博士', 'IC設計工程師', '發現其中疾病編輯通過級別太多律師寶寶比如', '0911338909', '2023-05-12 16:19:59'),
(578, 'mail596589@test.com', 'V696117129g', 'img01', '杜子涵', '1989-08-25', 'M276947014', '男', '新北市坪林區', 165, 61, '獅子座', 'O', '無', '小酌', '高中', '藝術總監', '公開固定水晶', '0911259644', '2023-05-12 16:19:59'),
(579, 'mail32464@test.com', 'C317318491v', 'img01', '鄧宇翔', '1999-08-29', 'C136074364', '男', '基隆市安樂區', 198, 59, '天秤座', 'AB', '無', '小酌', '博士', '醫學美容', '發現其中疾病編輯通過級別太多律師寶寶比如', '0911789734', '2023-05-12 16:19:59'),
(580, 'mail305699@test.com', 'T837512251q', 'img01', '雷威廷', '1993-06-26', 'L130912563', '女', '新北市五股區', 175, 73, '水瓶座', 'B', '有', '小酌', '國小', '麻醉醫師', '發現其中疾病編輯通過級別太多律師寶寶比如', '0911635176', '2023-05-12 16:19:59'),
(581, 'mail802413@test.com', 'D191569765o', 'img01', '蒲承翰', '1987-08-21', 'B115957870', '女', '新北市深坑區', 195, 53, '巨蟹座', 'B', '無', '滴酒不沾', '國小', '醫學美容', '站內死了機會', '0911488568', '2023-05-12 16:19:59'),
(582, 'mail162753@test.com', 'T482535244d', 'img01', '汪子軒', '1996-08-09', 'B275980234', '男', '新北市金山區', 184, 43, '雙子座', 'O', '無', '滴酒不沾', '博士', '醫學美容', '站內死了機會', '0911760610', '2023-05-12 16:19:59'),
(583, 'mail843951@test.com', 'K969688287o', 'img01', '鄭怡安', '1986-03-23', 'V289818498', '女', '基隆市仁愛區', 161, 68, '雙子座', 'B', '有', '小酌', '碩士', '空服人員', '生命移動', '0911498108', '2023-05-12 16:19:59'),
(584, 'mail960708@test.com', 'Q426674087k', 'img01', '郝冠妤', '1990-11-30', 'N261663897', '女', '新北市三峽區', 200, 64, '射手座', 'A', '無', '滴酒不沾', '學士', '聯結車司機', '發現其中疾病編輯通過級別太多律師寶寶比如', '0911920673', '2023-05-12 16:19:59'),
(585, 'mail749878@test.com', 'B734396225y', 'img01', '司宜庭', '1990-10-29', 'N123962167', '男', '新北市樹林區', 188, 66, '水瓶座', 'AB', '無', '酒豪', '國小', '麻醉醫師', '生命移動', '0911105691', '2023-05-12 16:19:59'),
(586, 'mail124903@test.com', 'Q929408475h', 'img01', '買瑋庭', '1988-09-17', 'X111669094', '男', '新北市烏來區', 165, 55, '水瓶座', 'B', '無', '滴酒不沾', '高中', '空服人員', '發現其中疾病編輯通過級別太多律師寶寶比如', '0911360995', '2023-05-12 16:19:59'),
(587, 'mail851472@test.com', 'A840643650x', 'img01', '時芷萱', '1995-10-01', 'D161411471', '女', '臺北市中正區', 184, 71, '雙魚座', 'AB', '有', '小酌', '學士', '建築師', '也可保健避免什麼黑', '0911939707', '2023-05-12 16:19:59'),
(588, 'mail782767@test.com', 'O349880849f', 'img01', '諶柏諺', '1989-07-16', 'H262853344', '男', '新北市三芝區', 180, 45, '雙子座', 'B', '有', '小酌', '學士', '中醫師', '生命移動', '0911334911', '2023-05-12 16:19:59'),
(589, 'mail78868@test.com', 'L318015417i', 'img01', '蔡承恩', '1989-11-26', 'D256496121', '女', '新北市泰山區', 181, 85, '天蠍座', 'B', '無', '小酌', '學士', '中醫師', '也可保健避免什麼黑', '0911601453', '2023-05-12 16:19:59'),
(590, 'mail415626@test.com', 'S994352712y', 'img01', '程家瑋', '1991-12-13', 'P162339818', '女', '新北市石碇區', 173, 100, '牡羊座', 'O', '有', '滴酒不沾', '國中', '藝術總監', '上午日誌一位會計本人第一個人類靜靜', '0911645071', '2023-05-12 16:19:59'),
(591, 'mail966395@test.com', 'A170200252a', 'img01', '桂昱翔', '1987-09-04', 'T144416290', '男', '臺北市文山區', 171, 78, '魔羯座', 'A', '有', '酒豪', '學士', '麻醉醫師', '發現其中疾病編輯通過級別太多律師寶寶比如', '0911261637', '2023-05-12 16:19:59'),
(592, 'mail808884@test.com', 'Y802764661i', 'img01', '萬凱文', '1990-11-14', 'A110401307', '男', '新北市鶯歌區', 191, 88, '天蠍座', 'AB', '有', '小酌', '學士', '醫師', '站內死了機會', '0911413133', '2023-05-12 16:19:59'),
(593, 'mail568525@test.com', 'C768362156v', 'img01', '成佳蓉', '1994-07-08', 'Z213300411', '男', '新北市平溪區', 193, 91, '天蠍座', 'A', '有', '酒豪', '博士', 'IC設計工程師', '幾天肯定先後焦點既然和他熱情主機邀請搜尋引擎面前，女性建材什麼', '0911287943', '2023-05-12 16:19:59'),
(594, 'mail423307@test.com', 'H221547273r', 'img01', '姚育誠', '1989-05-18', 'Y194311702', '男', '新北市板橋區', 197, 95, '天秤座', 'AB', '無', '酒豪', '學士', '藥師輪機部船員', '上午日誌一位會計本人第一個人類靜靜', '0911231159', '2023-05-12 16:19:59'),
(595, 'mail291900@test.com', 'D700328457a', 'img01', '楊彥霖', '1993-12-12', 'E220788730', '女', '新北市三重區', 189, 79, '牡羊座', 'O', '有', '小酌', '碩士', 'IC設計工程師', '上午日誌一位會計本人第一個人類靜靜', '0911250237', '2023-05-12 16:19:59'),
(596, 'mail55972@test.com', 'J657426669i', 'img01', '藍苡瑄', '1999-01-13', 'J194480871', '男', '新北市烏來區', 155, 68, '金牛座', 'A', '無', '小酌', '國小', '醫師', '也可保健避免什麼黑', '0911973372', '2023-05-12 16:19:59'),
(597, 'mail191185@test.com', 'S908095559k', 'img01', '徐怡靜', '1985-12-06', 'N181666022', '男', '臺北市文山區', 176, 96, '魔羯座', 'AB', '無', '酒豪', '國小', '中醫師', '站內死了機會', '0911721127', '2023-05-12 16:19:59'),
(598, 'mail214275@test.com', 'W425475949h', 'img01', '歐陽依璇', '1994-10-17', 'Z161907107', '男', '新北市永和區', 197, 108, '天秤座', 'AB', '無', '小酌', '學士', '中醫師', '公開固定水晶', '0911585239', '2023-05-12 16:19:59'),
(599, 'mail807895@test.com', 'Q549672754e', 'img01', '官宜萱', '1994-03-15', 'X136768957', '女', '臺北市士林區', 150, 55, '魔羯座', 'AB', '有', '酒豪', '高中', '飛行機師', '站內死了機會', '0911632338', '2023-05-12 16:19:59'),
(600, 'mail927696@test.com', 'F901704333x', 'img01', '凃祐嘉', '1990-01-06', 'E213073152', '男', '臺北市中正區', 174, 72, '射手座', 'O', '有', '滴酒不沾', '國中', '麻醉醫師', '也可保健避免什麼黑', '0911996903', '2023-05-12 16:19:59'),
(601, 'mail635750@test.com', 'U880380559c', 'img01', '章郁涵', '1988-03-31', 'J220241849', '男', '新北市鶯歌區', 196, 74, '巨蟹座', 'B', '有', '酒豪', '國小', '醫師', '發現其中疾病編輯通過級別太多律師寶寶比如', '0911670198', '2023-05-12 16:19:59'),
(602, 'mail961595@test.com', 'V481650649l', 'img01', '繆宇翔', '1985-07-28', 'E268604615', '女', '新北市新店區', 189, 102, '天秤座', 'O', '有', '滴酒不沾', '學士', '牙醫師', '公開固定水晶', '0911238756', '2023-05-12 16:19:59'),
(603, 'mail176851@test.com', 'H165414465o', 'img01', '管欣妤', '1994-01-22', 'P299437139', '男', '新北市三芝區', 152, 83, '射手座', 'A', '無', '小酌', '高中', '醫學美容', '發現其中疾病編輯通過級別太多律師寶寶比如', '0911519545', '2023-05-12 16:19:59'),
(604, 'mail398564@test.com', 'X388219623c', 'img01', '花雅涵', '1995-06-24', 'A137067401', '男', '新北市三芝區', 183, 85, '處女座', 'A', '無', '酒豪', '碩士', '艙面部船員', '發現其中疾病編輯通過級別太多律師寶寶比如', '0911383797', '2023-05-12 16:19:59'),
(605, 'mail358987@test.com', 'N329169035z', 'img01', '鄔雅雯', '1995-01-16', 'T233806303', '男', '新北市土城區', 167, 51, '巨蟹座', 'B', '無', '小酌', '國中', '聯結車司機', '站內死了機會', '0911802368', '2023-05-12 16:19:59'),
(606, 'mail34972@test.com', 'O147722090l', 'img01', '彭子軒', '1992-05-21', 'K178762793', '男', '新北市石碇區', 159, 110, '射手座', 'O', '無', '滴酒不沾', '碩士', '護理長', '上午日誌一位會計本人第一個人類靜靜', '0911230015', '2023-05-12 16:19:59'),
(607, 'mail483692@test.com', 'S842801288d', 'img01', '時奕安', '1997-11-03', 'J279939081', '女', '新北市深坑區', 169, 96, '雙子座', 'AB', '無', '滴酒不沾', '高中', '艙面部船員', '站內死了機會', '0911148992', '2023-05-12 16:19:59'),
(608, 'mail263032@test.com', 'W719858121m', 'img01', '牛子晴', '1988-03-05', 'V251657532', '女', '新北市三重區', 156, 58, '牡羊座', 'O', '無', '滴酒不沾', '國中', '船上作業人員', '生命移動', '0911745737', '2023-05-12 16:19:59'),
(609, 'mail337917@test.com', 'R803241083q', 'img01', '喬宸瑋', '1998-09-14', 'Y241683244', '女', '新北市金山區', 165, 61, '雙子座', 'A', '無', '小酌', '碩士', '建築師', '幾天肯定先後焦點既然和他熱情主機邀請搜尋引擎面前，女性建材什麼', '0911625396', '2023-05-12 16:19:59'),
(610, 'mail194142@test.com', 'Q415644071h', 'img01', '樂柏廷', '1997-12-07', 'I211521933', '女', '臺北市北投區', 191, 52, '巨蟹座', 'O', '有', '滴酒不沾', '博士', '飛行機師', '公開固定水晶', '0911510706', '2023-05-12 16:19:59'),
(611, 'mail874050@test.com', 'F152240251g', 'img01', '周宜臻', '1991-01-01', 'W264812123', '男', '臺北市內湖區', 159, 56, '牡羊座', 'O', '無', '滴酒不沾', '博士', '類比IC設計工程師', '站內死了機會', '0911399865', '2023-05-12 16:19:59'),
(612, 'mail446830@test.com', 'C622468278d', 'img01', '畢宇恩', '1985-02-11', 'H285820788', '女', '新北市萬里區', 155, 93, '牡羊座', 'B', '無', '酒豪', '國小', '牙醫師', '站內死了機會', '0911284837', '2023-05-12 16:19:59'),
(613, 'mail218669@test.com', 'X957478711g', 'img01', '雲怡婷', '1991-06-24', 'I211587000', '男', '臺北市士林區', 198, 110, '水瓶座', 'B', '有', '滴酒不沾', '學士', '麻醉醫師', '生命移動', '0911388658', '2023-05-12 16:19:59'),
(614, 'mail624087@test.com', 'V920373742q', 'img01', '方庭萱', '1998-09-05', 'F177716727', '男', '臺北市大安區', 165, 53, '處女座', 'A', '有', '小酌', '碩士', '護理長', '站內死了機會', '0911266516', '2023-05-12 16:19:59'),
(615, 'mail24582@test.com', 'F505178492i', 'img01', '何育誠', '1994-02-09', 'M172473323', '男', '臺北市士林區', 185, 62, '獅子座', 'AB', '無', '酒豪', '碩士', '船上作業人員', '發現其中疾病編輯通過級別太多律師寶寶比如', '0911381328', '2023-05-12 16:19:59'),
(616, 'mail438736@test.com', 'S759763113j', 'img01', '簡家妤', '1990-10-09', 'Y297701765', '男', '新北市新莊區', 191, 43, '巨蟹座', 'A', '無', '滴酒不沾', '國中', '船上作業人員', '站內死了機會', '0911262692', '2023-05-12 16:19:59'),
(617, 'mail248896@test.com', 'L802877124k', 'img01', '樂奕廷', '1986-02-10', 'O142617293', '女', '新北市雙溪區', 196, 42, '金牛座', 'B', '無', '小酌', '學士', '牙醫師', '站內死了機會', '0911475566', '2023-05-12 16:19:59'),
(618, 'mail713065@test.com', 'O932375585d', 'img01', '宋思妤', '1996-04-02', 'S272873897', '男', '基隆市中正區', 182, 80, '天蠍座', 'B', '無', '滴酒不沾', '博士', '系統分析師', '發現其中疾病編輯通過級別太多律師寶寶比如', '0911461083', '2023-05-12 16:19:59'),
(619, 'mail669362@test.com', 'O213395325j', 'img01', '馬育萱', '1994-01-02', 'Y178134902', '男', '新北市瑞芳區', 195, 77, '水瓶座', 'O', '無', '酒豪', '國中', '數位IC設計工程師', '公開固定水晶', '0911832703', '2023-05-12 16:19:59'),
(620, 'mail380840@test.com', 'S843367359d', 'img01', '鄧佳欣', '1985-12-04', 'T228819810', '女', '新北市中和區', 178, 101, '雙魚座', 'B', '無', '滴酒不沾', '學士', '船上作業人員', '也可保健避免什麼黑', '0911458146', '2023-05-12 16:19:59'),
(621, 'mail922251@test.com', 'W672225785r', 'img01', '龐俞安', '1988-09-07', 'P164987822', '男', '新北市鶯歌區', 200, 86, '巨蟹座', 'A', '有', '滴酒不沾', '國小', '律師', '生命移動', '0911367317', '2023-05-12 16:19:59'),
(622, 'mail915530@test.com', 'K414375342y', 'img01', '蘇宗翰', '1997-09-16', 'L113556843', '女', '臺北市士林區', 170, 89, '獅子座', 'B', '有', '酒豪', '博士', '系統分析師', '站內死了機會', '0911917694', '2023-05-12 16:19:59'),
(623, 'mail949045@test.com', 'N723810087b', 'img01', '賈宜蓁', '1990-07-26', 'X254541758', '男', '新北市三芝區', 165, 60, '獅子座', 'O', '有', '滴酒不沾', '高中', '牙醫師', '也可保健避免什麼黑', '0911732787', '2023-05-12 16:19:59'),
(624, 'mail781533@test.com', 'U441526002e', 'img01', '應怡靜', '1987-09-07', 'U195810732', '男', '臺北市中正區', 199, 83, '牡羊座', 'O', '有', '酒豪', '國中', '牙醫師', '發現其中疾病編輯通過級別太多律師寶寶比如', '0911372029', '2023-05-12 16:19:59'),
(625, 'mail725980@test.com', 'H828169463y', 'img01', '華禹彤', '1987-01-31', 'H124415045', '女', '新北市泰山區', 188, 92, '處女座', 'A', '有', '滴酒不沾', '學士', '聯結車司機', '發現其中疾病編輯通過級別太多律師寶寶比如', '0911407777', '2023-05-12 16:19:59'),
(626, 'mail527833@test.com', 'P473285112p', 'img01', '夏育瑄', '1985-12-26', 'O163763918', '女', '新北市永和區', 197, 102, '巨蟹座', 'O', '有', '滴酒不沾', '學士', '類比IC設計工程師', '生命移動', '0911911610', '2023-05-12 16:19:59'),
(627, 'mail859360@test.com', 'W521099271s', 'img01', '包宥翔', '1988-05-09', 'A134164387', '男', '臺北市文山區', 169, 53, '金牛座', 'AB', '有', '滴酒不沾', '博士', '牙醫師', '幾天肯定先後焦點既然和他熱情主機邀請搜尋引擎面前，女性建材什麼', '0911732135', '2023-05-12 16:19:59'),
(628, 'mail295223@test.com', 'A560799305f', 'img01', '段丞恩', '1987-01-26', 'Q178224924', '女', '臺北市中山區', 161, 73, '巨蟹座', 'O', '有', '酒豪', '碩士', '醫學美容', '也可保健避免什麼黑', '0911724984', '2023-05-12 16:19:59'),
(629, 'mail445900@test.com', 'F198007833m', 'img01', '黄芳瑜', '1985-05-25', 'J182859624', '女', '基隆市暖暖區', 184, 43, '天秤座', 'B', '有', '小酌', '學士', '中醫師', '上午日誌一位會計本人第一個人類靜靜', '0911338238', '2023-05-12 16:19:59'),
(630, 'mail762566@test.com', 'X694863940l', 'img01', '石瑋庭', '1999-11-17', 'A286855485', '女', '臺北市內湖區', 155, 107, '水瓶座', 'AB', '有', '小酌', '國小', '數位IC設計工程師', '公開固定水晶', '0911809800', '2023-05-12 16:19:59'),
(631, 'mail878615@test.com', 'I959144968c', 'img01', '段欣穎', '1990-08-02', 'Q190871158', '女', '臺北市松山區', 160, 69, '獅子座', 'O', '無', '滴酒不沾', '高中', '建築師', '幾天肯定先後焦點既然和他熱情主機邀請搜尋引擎面前，女性建材什麼', '0911846866', '2023-05-12 16:19:59'),
(632, 'mail348763@test.com', 'W763290273m', 'img01', '翟宥霖', '1994-05-23', 'X273336169', '女', '臺北市中山區', 168, 47, '獅子座', 'O', '有', '滴酒不沾', '學士', '中醫師', '生命移動', '0911972032', '2023-05-12 16:19:59'),
(633, 'mail374111@test.com', 'R576244651y', 'img01', '蕭品萱', '1989-02-13', 'F224501991', '男', '臺北市大同區', 198, 110, '水瓶座', 'O', '有', '酒豪', '國小', '護理長', '幾天肯定先後焦點既然和他熱情主機邀請搜尋引擎面前，女性建材什麼', '0911348169', '2023-05-12 16:19:59'),
(634, 'mail606838@test.com', 'D344740278i', 'img01', '阮柏辰', '1996-11-03', 'A260885115', '女', '臺北市中正區', 193, 41, '射手座', 'B', '無', '滴酒不沾', '國中', '類比IC設計工程師', '公開固定水晶', '0911621822', '2023-05-12 16:19:59'),
(635, 'mail974824@test.com', 'U710052600p', 'img01', '艾承翰', '1986-10-04', 'K231798812', '女', '新北市樹林區', 200, 70, '雙魚座', 'B', '有', '酒豪', '國中', '藥師輪機部船員', '生命移動', '0911845825', '2023-05-12 16:19:59'),
(636, 'mail882900@test.com', 'J937663742t', 'img01', '錢柏翰', '1991-05-25', 'O180970591', '女', '基隆市仁愛區', 193, 75, '雙魚座', 'AB', '無', '滴酒不沾', '學士', '系統分析師', '公開固定水晶', '0911194884', '2023-05-12 16:19:59'),
(637, 'mail966803@test.com', 'O612796601j', 'img01', '商怡靜', '1987-10-10', 'R181967681', '男', '新北市鶯歌區', 163, 58, '雙子座', 'B', '無', '小酌', '國小', '系統分析師', '上午日誌一位會計本人第一個人類靜靜', '0911138215', '2023-05-12 16:19:59'),
(638, 'mail820726@test.com', 'M766066896u', 'img01', '牟廷宇', '1985-05-26', 'I243073904', '男', '新北市蘆洲區', 168, 68, '雙子座', 'A', '有', '酒豪', '國小', '建築師', '站內死了機會', '0911617894', '2023-05-12 16:19:59'),
(639, 'mail270226@test.com', 'H918362469i', 'img01', '毛柏宇', '1991-03-15', 'G274715575', '女', '基隆市仁愛區', 175, 104, '獅子座', 'A', '有', '酒豪', '國中', 'IC設計工程師', '生命移動', '0911879436', '2023-05-12 16:19:59'),
(640, 'mail336986@test.com', 'C151967689d', 'img01', '花威廷', '1994-09-20', 'I189584898', '女', '臺北市內湖區', 156, 77, '牡羊座', 'A', '無', '滴酒不沾', '博士', '律師', '也可保健避免什麼黑', '0911642548', '2023-05-12 16:19:59'),
(641, 'mail878190@test.com', 'X201855943g', 'img01', '楊宇軒', '1987-03-26', 'W165558171', '男', '臺北市文山區', 175, 91, '射手座', 'B', '有', '滴酒不沾', '碩士', '中醫師', '站內死了機會', '0911323077', '2023-05-12 16:19:59'),
(642, 'mail606435@test.com', 'B185947709j', 'img01', '洪欣妤', '1989-05-08', 'G179219834', '女', '臺北市中正區', 190, 110, '天秤座', 'O', '無', '酒豪', '國中', '聯結車司機', '站內死了機會', '0911963730', '2023-05-12 16:19:59'),
(643, 'mail772497@test.com', 'Z622930605z', 'img01', '戴柏睿', '1998-05-01', 'B219893981', '女', '新北市瑞芳區', 178, 92, '雙魚座', 'O', '無', '小酌', '學士', '藥師輪機部船員', '也可保健避免什麼黑', '0911891528', '2023-05-12 16:19:59'),
(644, 'mail440608@test.com', 'I841515511z', 'img01', '季柏凱', '1985-11-04', 'L271302835', '女', '新北市蘆洲區', 161, 83, '魔羯座', 'AB', '有', '滴酒不沾', '碩士', '醫師', '發現其中疾病編輯通過級別太多律師寶寶比如', '0911956673', '2023-05-12 16:19:59'),
(645, 'mail432488@test.com', 'Q118418427w', 'img01', '屈柏廷', '1986-07-05', 'W138008670', '女', '新北市泰山區', 177, 70, '獅子座', 'B', '無', '酒豪', '碩士', '類比IC設計工程師', '幾天肯定先後焦點既然和他熱情主機邀請搜尋引擎面前，女性建材什麼', '0911190831', '2023-05-12 16:19:59'),
(646, 'mail495430@test.com', 'F606176810i', 'img01', '吳承勳', '1991-11-20', 'B235758264', '女', '臺北市南港區', 160, 63, '巨蟹座', 'O', '有', '滴酒不沾', '碩士', '醫學美容', '也可保健避免什麼黑', '0911125953', '2023-05-12 16:19:59'),
(647, 'mail779273@test.com', 'G970691425w', 'img01', '武妍蓁', '1991-11-18', 'G123267343', '男', '臺北市大同區', 167, 74, '雙魚座', 'A', '有', '酒豪', '高中', '類比IC設計工程師', '生命移動', '0911243278', '2023-05-12 16:19:59'),
(648, 'mail308440@test.com', 'Z405969392i', 'img01', '申柏廷', '1989-08-13', 'G152211704', '女', '新北市鶯歌區', 188, 44, '天蠍座', 'O', '無', '酒豪', '高中', '護理長', '公開固定水晶', '0911167944', '2023-05-12 16:19:59'),
(649, 'mail277037@test.com', 'M831650819g', 'img01', '范姜育誠', '1992-02-08', 'I260540492', '男', '新北市萬里區', 176, 82, '雙魚座', 'B', '有', '酒豪', '博士', 'IC設計工程師', '生命移動', '0911957999', '2023-05-12 16:19:59'),
(650, 'mail290262@test.com', 'H424042568l', 'img01', '白詩婷', '1995-10-14', 'D172094480', '男', '臺北市中正區', 186, 99, '天秤座', 'B', '無', '小酌', '碩士', '牙醫師', '公開固定水晶', '0911796563', '2023-05-12 16:19:59'),
(651, 'mail716201@test.com', 'O693871188x', 'img01', '池苡瑄', '1985-02-01', 'V126977022', '女', '基隆市安樂區', 193, 65, '天蠍座', 'AB', '無', '滴酒不沾', '國中', '艙面部船員', '發現其中疾病編輯通過級別太多律師寶寶比如', '0911891256', '2023-05-12 16:19:59'),
(652, 'mail186771@test.com', 'X456042470c', 'img01', '齊佳怡', '1999-11-09', 'H110362692', '男', '新北市三重區', 183, 55, '處女座', 'AB', '有', '酒豪', '碩士', '麻醉醫師', '上午日誌一位會計本人第一個人類靜靜', '0911835901', '2023-05-12 16:19:59'),
(653, 'mail485809@test.com', 'G782137767k', 'img01', '洪冠妤', '1988-08-05', 'Z228050784', '男', '臺北市北投區', 186, 91, '魔羯座', 'A', '無', '滴酒不沾', '國中', '建築師', '上午日誌一位會計本人第一個人類靜靜', '0911580100', '2023-05-12 16:19:59'),
(654, 'mail721210@test.com', 'O527091985h', 'img01', '鄒庭瑋', '1992-07-27', 'M243690632', '女', '臺北市萬華區', 174, 60, '金牛座', 'AB', '無', '酒豪', '碩士', '醫學美容', '幾天肯定先後焦點既然和他熱情主機邀請搜尋引擎面前，女性建材什麼', '0911573510', '2023-05-12 16:19:59'),
(655, 'mail970834@test.com', 'D784919944n', 'img01', '尹雅涵', '1988-05-07', 'U150802602', '男', '新北市新莊區', 178, 76, '天秤座', 'AB', '有', '小酌', '高中', '類比IC設計工程師', '公開固定水晶', '0911537684', '2023-05-12 16:19:59'),
(656, 'mail265191@test.com', 'M877772765i', 'img01', '裴怡萱', '1988-02-04', 'C245647916', '男', '基隆市信義區', 189, 57, '雙魚座', 'B', '有', '滴酒不沾', '國小', '建築師', '上午日誌一位會計本人第一個人類靜靜', '0911666646', '2023-05-12 16:19:59'),
(657, 'mail308922@test.com', 'S782861845e', 'img01', '李雅晴', '1995-11-17', 'J163126156', '男', '臺北市中正區', 170, 68, '處女座', 'O', '無', '酒豪', '碩士', '藝術總監', '幾天肯定先後焦點既然和他熱情主機邀請搜尋引擎面前，女性建材什麼', '0911699770', '2023-05-12 16:19:59'),
(658, 'mail24585@test.com', 'G393920755l', 'img01', '耿子晴', '1985-05-25', 'N264775382', '男', '臺北市萬華區', 171, 64, '天秤座', 'A', '有', '小酌', '博士', '聯結車司機', '發現其中疾病編輯通過級別太多律師寶寶比如', '0911905759', '2023-05-12 16:19:59'),
(659, 'mail471774@test.com', 'R818267685l', 'img01', '彭子瑄', '1999-05-04', 'E249790268', '男', '新北市泰山區', 187, 67, '天蠍座', 'AB', '無', '小酌', '學士', '艙面部船員', '發現其中疾病編輯通過級別太多律師寶寶比如', '0911158065', '2023-05-12 16:19:59'),
(660, 'mail670129@test.com', 'D129794347z', 'img01', '宮祐誠', '1987-12-30', 'R238254197', '男', '基隆市安樂區', 154, 97, '巨蟹座', 'B', '無', '酒豪', '博士', '中醫師', '站內死了機會', '0911685796', '2023-05-12 16:19:59'),
(661, 'mail665139@test.com', 'Q234922016a', 'img01', '賴冠宇', '1995-10-14', 'B188318899', '女', '臺北市大安區', 153, 90, '處女座', 'AB', '有', '酒豪', '國中', '護理長', '站內死了機會', '0911873609', '2023-05-12 16:19:59'),
(662, 'mail299367@test.com', 'E654050287m', 'img01', '梁佳穎', '1996-11-21', 'N251799293', '女', '新北市鶯歌區', 200, 62, '魔羯座', 'B', '有', '酒豪', '學士', '藝術總監', '上午日誌一位會計本人第一個人類靜靜', '0911969417', '2023-05-12 16:19:59'),
(663, 'mail114071@test.com', 'V826680282l', 'img01', '左佳臻', '1994-02-15', 'Y217984036', '女', '基隆市暖暖區', 176, 98, '牡羊座', 'AB', '無', '小酌', '國小', '醫學美容', '公開固定水晶', '0911501520', '2023-05-12 16:19:59'),
(664, 'mail520649@test.com', 'M613537964y', 'img01', '劉承祐', '1996-12-23', 'F273785514', '男', '新北市石門區', 161, 99, '牡羊座', 'A', '無', '小酌', '國小', '藥師輪機部船員', '公開固定水晶', '0911411318', '2023-05-12 16:19:59'),
(665, 'mail177813@test.com', 'G282634702r', 'img01', '龍浩宇', '1992-12-26', 'Y167898854', '女', '基隆市中正區', 178, 91, '雙子座', 'O', '無', '小酌', '國小', '飛行機師', '上午日誌一位會計本人第一個人類靜靜', '0911156122', '2023-05-12 16:19:59'),
(666, 'mail459870@test.com', 'E401021583h', 'img01', '葛郁涵', '1994-10-07', 'J267575690', '女', '新北市蘆洲區', 157, 86, '巨蟹座', 'B', '有', '滴酒不沾', '國中', '藝術總監', '站內死了機會', '0911200874', '2023-05-12 16:19:59'),
(667, 'mail839912@test.com', 'S518272638e', 'img01', '季怡君', '1998-04-11', 'Y296822319', '男', '新北市石碇區', 152, 47, '雙子座', 'B', '有', '滴酒不沾', '高中', '類比IC設計工程師', '站內死了機會', '0911509135', '2023-05-12 16:19:59'),
(668, 'mail731490@test.com', 'E759052576j', 'img01', '戴丞恩', '1994-04-28', 'T295609542', '男', '新北市永和區', 181, 98, '射手座', 'A', '無', '滴酒不沾', '博士', '聯結車司機', '也可保健避免什麼黑', '0911896637', '2023-05-12 16:19:59'),
(669, 'mail817563@test.com', 'W725488511u', 'img01', '徐宇軒', '1988-07-11', 'H272651287', '男', '臺北市內湖區', 187, 83, '金牛座', 'AB', '有', '滴酒不沾', '國小', '醫師', '幾天肯定先後焦點既然和他熱情主機邀請搜尋引擎面前，女性建材什麼', '0911737975', '2023-05-12 16:19:59'),
(670, 'mail442719@test.com', 'X675527870f', 'img01', '易怡萱', '1991-07-22', 'M285407138', '女', '新北市樹林區', 151, 107, '金牛座', 'A', '無', '滴酒不沾', '高中', '麻醉醫師', '公開固定水晶', '0911252761', '2023-05-12 16:19:59'),
(671, 'mail54457@test.com', 'W415520916f', 'img01', '萬怡瑄', '1998-10-29', 'N297774540', '女', '新北市石碇區', 164, 77, '巨蟹座', 'B', '有', '酒豪', '碩士', '律師', '發現其中疾病編輯通過級別太多律師寶寶比如', '0911452507', '2023-05-12 16:19:59'),
(672, 'mail835799@test.com', 'F967906955q', 'img01', '利承恩', '1987-09-01', 'X110159261', '男', '新北市石碇區', 191, 45, '射手座', 'AB', '無', '小酌', '博士', '類比IC設計工程師', '上午日誌一位會計本人第一個人類靜靜', '0911565740', '2023-05-12 16:19:59'),
(673, 'mail247936@test.com', 'U694329186f', 'img01', '路佳怡', '1995-02-25', 'C188377179', '男', '新北市瑞芳區', 177, 80, '巨蟹座', 'A', '無', '小酌', '學士', '醫學美容', '公開固定水晶', '0911109827', '2023-05-12 16:19:59'),
(674, 'mail252506@test.com', 'L985306749i', 'img01', '汪芷瑜', '1997-08-14', 'V271510891', '女', '臺北市中山區', 186, 51, '處女座', 'AB', '有', '酒豪', '國小', '麻醉醫師', '發現其中疾病編輯通過級別太多律師寶寶比如', '0911375521', '2023-05-12 16:19:59'),
(675, 'mail286848@test.com', 'S143062070v', 'img01', '顏佳蓁', '1994-01-23', 'N223489695', '男', '新北市淡水區', 188, 108, '雙子座', 'B', '有', '小酌', '博士', '數位IC設計工程師', '公開固定水晶', '0911375719', '2023-05-12 16:19:59'),
(676, 'mail336863@test.com', 'X361502714b', 'img01', '陽佳妤', '1985-03-05', 'C117268923', '男', '臺北市中正區', 190, 42, '牡羊座', 'B', '有', '滴酒不沾', '學士', '醫學美容', '發現其中疾病編輯通過級別太多律師寶寶比如', '0911370657', '2023-05-12 16:19:59'),
(677, 'mail64153@test.com', 'D698407740h', 'img01', '關承勳', '1987-01-18', 'E191287616', '女', '新北市蘆洲區', 158, 78, '處女座', 'O', '有', '酒豪', '國中', '護理長', '幾天肯定先後焦點既然和他熱情主機邀請搜尋引擎面前，女性建材什麼', '0911342877', '2023-05-12 16:19:59'),
(678, 'mail94741@test.com', 'M626700662s', 'img01', '時苡瑄', '1995-06-17', 'E254325826', '女', '臺北市松山區', 150, 79, '巨蟹座', 'A', '有', '酒豪', '國小', '空服人員', '也可保健避免什麼黑', '0911421328', '2023-05-12 16:19:59'),
(679, 'mail472595@test.com', 'Q257482324i', 'img01', '戴郁涵', '1998-06-30', 'S157025278', '男', '臺北市大同區', 168, 108, '雙子座', 'A', '有', '小酌', '國中', '建築師', '幾天肯定先後焦點既然和他熱情主機邀請搜尋引擎面前，女性建材什麼', '0911702903', '2023-05-12 16:19:59'),
(680, 'mail675693@test.com', 'T372864640h', 'img01', '崔昱安', '1991-09-04', 'W281042051', '男', '新北市淡水區', 167, 78, '雙子座', 'A', '有', '酒豪', '國中', '建築師', '發現其中疾病編輯通過級別太多律師寶寶比如', '0911705598', '2023-05-12 16:19:59'),
(681, 'mail558120@test.com', 'G714707082y', 'img01', '符昱安', '1990-12-22', 'Y139457448', '男', '新北市永和區', 157, 65, '牡羊座', 'AB', '有', '小酌', '國中', '飛行機師', '公開固定水晶', '0911233407', '2023-05-12 16:19:59'),
(682, 'mail459045@test.com', 'U584443726y', 'img01', '陽政諺', '1996-11-21', 'N244025647', '男', '新北市金山區', 188, 106, '牡羊座', 'A', '有', '酒豪', '國小', '系統分析師', '發現其中疾病編輯通過級別太多律師寶寶比如', '0911521724', '2023-05-12 16:19:59'),
(683, 'mail255621@test.com', 'A294427376f', 'img01', '鄭智凱', '1987-02-10', 'H234392039', '男', '新北市石碇區', 183, 110, '天蠍座', 'AB', '無', '酒豪', '高中', '空服人員', '公開固定水晶', '0911465354', '2023-05-12 16:19:59'),
(684, 'mail532468@test.com', 'P954757001g', 'img01', '巴心瑜', '1995-08-04', 'Y154014323', '男', '臺北市萬華區', 192, 47, '巨蟹座', 'A', '有', '滴酒不沾', '學士', '麻醉醫師', '幾天肯定先後焦點既然和他熱情主機邀請搜尋引擎面前，女性建材什麼', '0911337850', '2023-05-12 16:19:59'),
(685, 'mail366316@test.com', 'Y638804679o', 'img01', '甘靖淳', '1999-11-23', 'E191129406', '男', '新北市蘆洲區', 193, 73, '射手座', 'A', '無', '滴酒不沾', '國中', '牙醫師', '發現其中疾病編輯通過級別太多律師寶寶比如', '0911943491', '2023-05-12 16:19:59'),
(686, 'mail607741@test.com', 'G623733200l', 'img01', '夏奕廷', '1987-01-26', 'H154491552', '男', '臺北市北投區', 171, 108, '射手座', 'B', '無', '小酌', '國中', '藝術總監', '上午日誌一位會計本人第一個人類靜靜', '0911410978', '2023-05-12 16:19:59'),
(687, 'mail745182@test.com', 'A186283038z', 'img01', '祝思妤', '1996-07-14', 'Q229800954', '男', '新北市平溪區', 174, 95, '水瓶座', 'B', '有', '滴酒不沾', '博士', '聯結車司機', '也可保健避免什麼黑', '0911234968', '2023-05-12 16:19:59'),
(688, 'mail497581@test.com', 'A789636359l', 'img01', '費子豪', '1985-10-25', 'N246089051', '女', '新北市蘆洲區', 150, 104, '巨蟹座', 'B', '無', '小酌', '高中', '建築師', '站內死了機會', '0911800118', '2023-05-12 16:19:59'),
(689, 'mail70422@test.com', 'S935734646m', 'img01', '潘昱廷', '1995-03-24', 'Z242978554', '女', '新北市八里區', 190, 97, '金牛座', 'A', '有', '小酌', '碩士', '中醫師', '上午日誌一位會計本人第一個人類靜靜', '0911460422', '2023-05-12 16:19:59'),
(690, 'mail634797@test.com', 'Q254433132s', 'img01', '藍妍蓁', '1987-11-16', 'B113732635', '男', '新北市貢寮區', 159, 96, '水瓶座', 'AB', '無', '酒豪', '國中', 'IC設計工程師', '上午日誌一位會計本人第一個人類靜靜', '0911816063', '2023-05-12 16:19:59'),
(691, 'mail554886@test.com', 'B450603009q', 'img01', '涂子庭', '1991-01-08', 'V153840563', '男', '新北市八里區', 179, 56, '雙子座', 'AB', '有', '滴酒不沾', '高中', '律師', '公開固定水晶', '0911853237', '2023-05-12 16:19:59'),
(692, 'mail511352@test.com', 'Y979640264e', 'img01', '梅哲瑋', '1994-06-30', 'W234844333', '男', '基隆市中山區', 150, 41, '天秤座', 'B', '無', '滴酒不沾', '學士', '醫師', '生命移動', '0911221448', '2023-05-12 16:19:59'),
(693, 'mail963567@test.com', 'G521692662m', 'img01', '馮威廷', '1996-08-28', 'L283275050', '男', '新北市板橋區', 187, 103, '金牛座', 'AB', '有', '酒豪', '高中', '數位IC設計工程師', '也可保健避免什麼黑', '0911123118', '2023-05-12 16:19:59'),
(694, 'mail642574@test.com', 'E662831692z', 'img01', '凃芷瑜', '1985-10-30', 'L185229371', '男', '新北市五股區', 179, 65, '處女座', 'A', '有', '滴酒不沾', '國小', '藥師輪機部船員', '站內死了機會', '0911980170', '2023-05-12 16:19:59'),
(695, 'mail411070@test.com', 'V223077952c', 'img01', '紀郁晴', '1988-10-18', 'E168170147', '男', '新北市板橋區', 168, 60, '天蠍座', 'AB', '有', '小酌', '國小', '醫學美容', '生命移動', '0911945371', '2023-05-12 16:19:59'),
(696, 'mail155489@test.com', 'S219452889j', 'img01', '周冠穎', '1997-12-07', 'E262066991', '女', '新北市土城區', 185, 105, '雙魚座', 'B', '無', '酒豪', '國小', '醫學美容', '公開固定水晶', '0911749862', '2023-05-12 16:19:59'),
(697, 'mail389314@test.com', 'I971437162a', 'img01', '全柏勳', '1992-11-03', 'M271680255', '女', '新北市淡水區', 174, 104, '金牛座', 'AB', '有', '小酌', '博士', '藥師輪機部船員', '上午日誌一位會計本人第一個人類靜靜', '0911770120', '2023-05-12 16:19:59'),
(698, 'mail294116@test.com', 'H164597484m', 'img01', '唐芷瑄', '1998-06-22', 'Y121464713', '女', '新北市汐止區', 155, 50, '處女座', 'A', '有', '酒豪', '高中', 'IC設計工程師', '站內死了機會', '0911632841', '2023-05-12 16:19:59'),
(699, 'mail662146@test.com', 'C695353361x', 'img01', '力柏睿', '1994-12-30', 'N154056233', '女', '基隆市中正區', 189, 45, '牡羊座', 'AB', '無', '酒豪', '碩士', '聯結車司機', '也可保健避免什麼黑', '0911893489', '2023-05-12 16:19:59'),
(700, 'mail351686@test.com', 'A220584153z', 'img01', '孫宜萱', '1994-08-17', 'D212027180', '男', '基隆市仁愛區', 153, 105, '巨蟹座', 'AB', '有', '滴酒不沾', '國中', '數位IC設計工程師', '幾天肯定先後焦點既然和他熱情主機邀請搜尋引擎面前，女性建材什麼', '0911646431', '2023-05-12 16:19:59'),
(701, 'mail815617@test.com', 'B532341754y', 'img01', '崔景翔', '1986-09-23', 'T215384156', '男', '新北市淡水區', 161, 75, '雙魚座', 'O', '無', '滴酒不沾', '博士', '藝術總監', '公開固定水晶', '0911596265', '2023-05-12 16:19:59'),
(702, 'mail764893@test.com', 'E269981380n', 'img01', '蒲子芸', '1991-06-23', 'X227446561', '男', '新北市三重區', 166, 54, '天秤座', 'O', '無', '酒豪', '博士', '醫學美容', '也可保健避免什麼黑', '0911978045', '2023-05-12 16:19:59'),
(703, 'mail594103@test.com', 'A998549113r', 'img01', '戚祐嘉', '1998-10-05', 'F214266728', '男', '新北市三重區', 191, 63, '水瓶座', 'B', '無', '滴酒不沾', '學士', '律師', '公開固定水晶', '0911226664', '2023-05-12 16:19:59'),
(704, 'mail817376@test.com', 'M528486564n', 'img01', '向智凱', '1997-06-04', 'J242222806', '男', '新北市板橋區', 150, 105, '射手座', 'AB', '無', '小酌', '博士', '律師', '幾天肯定先後焦點既然和他熱情主機邀請搜尋引擎面前，女性建材什麼', '0911291378', '2023-05-12 16:19:59'),
(705, 'mail708434@test.com', 'F335280442c', 'img01', '畢宥均', '1989-08-07', 'X233134316', '女', '新北市新莊區', 159, 65, '金牛座', 'A', '有', '酒豪', '學士', '艙面部船員', '公開固定水晶', '0911370978', '2023-05-12 16:19:59'),
(706, 'mail624453@test.com', 'H728326595z', 'img01', '石宥丞', '1998-10-30', 'Z110926744', '女', '臺北市文山區', 158, 82, '水瓶座', 'AB', '無', '滴酒不沾', '國中', '飛行機師', '站內死了機會', '0911826160', '2023-05-12 16:19:59'),
(707, 'mail163825@test.com', 'Y450478143u', 'img01', '管芊妤', '1999-11-24', 'A128475354', '女', '基隆市中正區', 167, 97, '水瓶座', 'A', '有', '小酌', '高中', '醫學美容', '幾天肯定先後焦點既然和他熱情主機邀請搜尋引擎面前，女性建材什麼', '0911951301', '2023-05-12 16:19:59'),
(708, 'mail28213@test.com', 'U285184557b', 'img01', '欒雅涵', '1997-08-07', 'Q172962879', '女', '臺北市南港區', 175, 46, '牡羊座', 'B', '有', '酒豪', '高中', '聯結車司機', '也可保健避免什麼黑', '0911109092', '2023-05-12 16:19:59'),
(709, 'mail343362@test.com', 'U644652176j', 'img01', '邱俊佑', '1992-05-12', 'F296601976', '男', '新北市平溪區', 180, 72, '牡羊座', 'AB', '無', '小酌', '國小', '數位IC設計工程師', '發現其中疾病編輯通過級別太多律師寶寶比如', '0911397079', '2023-05-12 16:19:59'),
(710, 'mail587707@test.com', 'K241099467y', 'img01', '曾子恩', '1999-10-25', 'U153956629', '男', '基隆市暖暖區', 189, 51, '巨蟹座', 'O', '有', '酒豪', '國小', '聯結車司機', '幾天肯定先後焦點既然和他熱情主機邀請搜尋引擎面前，女性建材什麼', '0911746441', '2023-05-12 16:19:59'),
(711, 'mail818521@test.com', 'V474417319m', 'img01', '凃宥丞', '1988-12-30', 'C246184315', '男', '臺北市大同區', 168, 50, '天秤座', 'AB', '無', '小酌', '學士', '建築師', '也可保健避免什麼黑', '0911858117', '2023-05-12 16:19:59'),
(712, 'mail503256@test.com', 'U526161650v', 'img01', '練秉軒', '1999-12-24', 'B245570785', '男', '新北市雙溪區', 191, 88, '獅子座', 'B', '有', '小酌', '學士', '醫師', '幾天肯定先後焦點既然和他熱情主機邀請搜尋引擎面前，女性建材什麼', '0911929568', '2023-05-12 16:19:59'),
(713, 'mail996433@test.com', 'P775444853q', 'img01', '麥羽彤', '1988-07-22', 'M169997234', '男', '基隆市信義區', 194, 86, '獅子座', 'B', '無', '滴酒不沾', '高中', '聯結車司機', '也可保健避免什麼黑', '0911216834', '2023-05-12 16:19:59'),
(714, 'mail909564@test.com', 'H773708342f', 'img01', '江芸瑄', '1986-12-26', 'X284518073', '女', '新北市石碇區', 166, 51, '金牛座', 'O', '有', '酒豪', '高中', '中醫師', '也可保健避免什麼黑', '0911614428', '2023-05-12 16:19:59'),
(715, 'mail529667@test.com', 'K127523389y', 'img01', '涂承勳', '1987-07-02', 'Q165870455', '女', '基隆市中山區', 190, 94, '射手座', 'B', '有', '小酌', '高中', '律師', '公開固定水晶', '0911365028', '2023-05-12 16:19:59'),
(716, 'mail488093@test.com', 'E701427944k', 'img01', '艾柏翔', '1994-03-07', 'P160325311', '男', '新北市貢寮區', 192, 100, '雙子座', 'O', '無', '小酌', '博士', '船上作業人員', '發現其中疾病編輯通過級別太多律師寶寶比如', '0911249588', '2023-05-12 16:19:59'),
(717, 'mail153008@test.com', 'L122804632w', 'img01', '易雅婷', '1999-09-10', 'I167121875', '女', '新北市淡水區', 150, 70, '雙魚座', 'A', '有', '滴酒不沾', '學士', '藥師輪機部船員', '公開固定水晶', '0911797123', '2023-05-12 16:19:59'),
(718, 'mail220435@test.com', 'L796579845r', 'img01', '管宜庭', '1996-01-14', 'F258377762', '女', '臺北市中正區', 168, 61, '雙子座', 'O', '無', '酒豪', '碩士', '藥師輪機部船員', '生命移動', '0911291289', '2023-05-12 16:19:59'),
(719, 'mail924614@test.com', 'Q272062827g', 'img01', '章宜蓁', '1985-04-05', 'G150021899', '男', '新北市五股區', 196, 44, '處女座', 'A', '無', '小酌', '碩士', '聯結車司機', '也可保健避免什麼黑', '0911540162', '2023-05-12 16:19:59'),
(720, 'mail344455@test.com', 'D863337803y', 'img01', '雲聖翔', '1997-09-26', 'F193757534', '男', '基隆市安樂區', 167, 54, '天秤座', 'B', '無', '小酌', '國中', '系統分析師', '生命移動', '0911158058', '2023-05-12 16:19:59'),
(721, 'mail768098@test.com', 'O461775437y', 'img01', '陸芷妍', '1997-01-20', 'A120005595', '男', '新北市汐止區', 179, 99, '魔羯座', 'O', '無', '小酌', '碩士', '數位IC設計工程師', '公開固定水晶', '0911589167', '2023-05-12 16:19:59'),
(722, 'mail766526@test.com', 'S941161246f', 'img01', '王詩婷', '1986-10-22', 'J134428138', '男', '新北市汐止區', 198, 47, '金牛座', 'B', '有', '小酌', '國中', '數位IC設計工程師', '上午日誌一位會計本人第一個人類靜靜', '0911962419', '2023-05-12 16:19:59'),
(723, 'mail224436@test.com', 'R591608614c', 'img01', '陳宥鈞', '1998-06-01', 'O137988450', '男', '新北市烏來區', 180, 43, '天蠍座', 'B', '無', '酒豪', '國小', 'IC設計工程師', '公開固定水晶', '0911413197', '2023-05-12 16:19:59'),
(724, 'mail414672@test.com', 'R930919797e', 'img01', '力佳儀', '1989-01-05', 'B222372525', '女', '新北市板橋區', 171, 65, '牡羊座', 'A', '有', '小酌', '高中', '空服人員', '也可保健避免什麼黑', '0911263386', '2023-05-12 16:19:59'),
(725, 'mail229413@test.com', 'L797438709a', 'img01', '尹宥任', '1989-12-09', 'I147637780', '女', '新北市五股區', 179, 90, '天秤座', 'O', '有', '小酌', '國小', '醫學美容', '也可保健避免什麼黑', '0911411860', '2023-05-12 16:19:59'),
(726, 'mail200302@test.com', 'C847949938u', 'img01', '艾宇辰', '1990-10-02', 'N249973082', '女', '新北市板橋區', 200, 72, '水瓶座', 'A', '有', '酒豪', '國中', 'IC設計工程師', '也可保健避免什麼黑', '0911904234', '2023-05-12 16:19:59'),
(727, 'mail987690@test.com', 'C919922900a', 'img01', '范湘婷', '1986-10-13', 'X184071893', '男', '新北市深坑區', 160, 92, '金牛座', 'A', '無', '小酌', '學士', '數位IC設計工程師', '生命移動', '0911634477', '2023-05-12 16:19:59'),
(728, 'mail98632@test.com', 'Z776153853y', 'img01', '石宥翔', '1997-10-01', 'C183227206', '男', '臺北市中正區', 200, 68, '雙子座', 'O', '有', '滴酒不沾', '學士', '醫師', '上午日誌一位會計本人第一個人類靜靜', '0911795162', '2023-05-12 16:19:59'),
(729, 'mail271149@test.com', 'F141802023v', 'img01', '刁承祐', '1999-10-26', 'H136515538', '女', '新北市坪林區', 157, 85, '水瓶座', 'B', '有', '小酌', '高中', '醫師', '站內死了機會', '0911303798', '2023-05-12 16:19:59'),
(730, 'mail395461@test.com', 'U294591118t', 'img01', '籃芷涵', '1988-02-22', 'I211658309', '男', '新北市板橋區', 194, 90, '處女座', 'A', '無', '滴酒不沾', '國小', 'IC設計工程師', '發現其中疾病編輯通過級別太多律師寶寶比如', '0911971302', '2023-05-12 16:19:59'),
(731, 'mail615763@test.com', 'S923117672b', 'img01', '高宜蓁', '1995-12-27', 'D265033221', '男', '新北市汐止區', 172, 76, '水瓶座', 'O', '無', '小酌', '學士', '律師', '公開固定水晶', '0911339847', '2023-05-12 16:19:59'),
(732, 'mail909117@test.com', 'K690801415l', 'img01', '管昱安', '1999-03-17', 'S242067953', '女', '基隆市仁愛區', 184, 98, '雙魚座', 'O', '無', '滴酒不沾', '國小', '藝術總監', '生命移動', '0911447511', '2023-05-12 16:19:59');
INSERT INTO `member` (`member_id`, `email`, `password`, `images`, `member_name`, `member_birth`, `id_number`, `gender`, `location`, `height`, `weight`, `zodiac`, `bloodtype`, `smoke`, `alchohol`, `education_level`, `job`, `profile`, `mobile`, `create_at`) VALUES
(733, 'mail301704@test.com', 'C914967498o', 'img01', '溫宇哲', '1993-02-26', 'F123206312', '男', '新北市雙溪區', 169, 59, '天蠍座', 'AB', '有', '小酌', '高中', 'IC設計工程師', '站內死了機會', '0911142742', '2023-05-12 16:19:59'),
(734, 'mail363519@test.com', 'V225062793v', 'img01', '顧瑋庭', '1994-11-15', 'J111737851', '男', '新北市土城區', 154, 69, '射手座', 'B', '無', '滴酒不沾', '博士', '建築師', '也可保健避免什麼黑', '0911135361', '2023-05-12 16:19:59'),
(735, 'mail379115@test.com', 'E416854762t', 'img01', '童芷涵', '1990-05-17', 'Z266720094', '女', '新北市五股區', 189, 101, '天秤座', 'B', '有', '小酌', '學士', '艙面部船員', '公開固定水晶', '0911622293', '2023-05-12 16:19:59'),
(736, 'mail957388@test.com', 'E559072825u', 'img01', '管佳恩', '1997-01-11', 'J241957943', '男', '新北市烏來區', 187, 60, '處女座', 'AB', '有', '酒豪', '國中', '牙醫師', '生命移動', '0911925765', '2023-05-12 16:19:59'),
(737, 'mail969900@test.com', 'G365044066w', 'img01', '樊芷涵', '1995-09-13', 'L169113984', '男', '新北市瑞芳區', 173, 41, '雙魚座', 'A', '無', '酒豪', '博士', '空服人員', '公開固定水晶', '0911790222', '2023-05-12 16:19:59'),
(738, 'mail34518@test.com', 'Z235238554m', 'img01', '韓冠霆', '1990-09-22', 'J187914208', '男', '新北市淡水區', 169, 53, '水瓶座', 'B', '無', '酒豪', '博士', '船上作業人員', '發現其中疾病編輯通過級別太多律師寶寶比如', '0911877095', '2023-05-12 16:19:59'),
(739, 'mail123435@test.com', 'D942800540o', 'img01', '鄒庭妤', '1991-09-14', 'N168640527', '男', '臺北市萬華區', 151, 103, '天蠍座', 'A', '有', '滴酒不沾', '高中', '律師', '發現其中疾病編輯通過級別太多律師寶寶比如', '0911910799', '2023-05-12 16:19:59'),
(740, 'mail577131@test.com', 'G386577094j', 'img01', '黄家瑜', '1986-05-17', 'D199038855', '男', '基隆市七堵區', 193, 73, '金牛座', 'B', '無', '酒豪', '學士', '聯結車司機', '也可保健避免什麼黑', '0911681803', '2023-05-12 16:19:59'),
(741, 'mail467039@test.com', 'S659470786w', 'img01', '練承諺', '1993-02-09', 'K237620491', '男', '新北市烏來區', 194, 108, '天蠍座', 'O', '有', '小酌', '學士', '中醫師', '上午日誌一位會計本人第一個人類靜靜', '0911795509', '2023-05-12 16:19:59'),
(742, 'mail617292@test.com', 'P285454492l', 'img01', '于芯瑜', '1997-02-10', 'P130048133', '男', '新北市土城區', 167, 78, '魔羯座', 'B', '無', '小酌', '國小', '麻醉醫師', '公開固定水晶', '0911481993', '2023-05-12 16:19:59'),
(743, 'mail506501@test.com', 'V204806529d', 'img01', '丘品妍', '1999-05-21', 'B217076599', '男', '臺北市松山區', 154, 56, '巨蟹座', 'O', '有', '滴酒不沾', '學士', '空服人員', '上午日誌一位會計本人第一個人類靜靜', '0911740410', '2023-05-12 16:19:59'),
(744, 'mail256820@test.com', 'W748335257o', 'img01', '江子軒', '1990-12-19', 'H294943050', '男', '基隆市仁愛區', 178, 65, '雙子座', 'O', '無', '小酌', '學士', '藥師輪機部船員', '生命移動', '0911580114', '2023-05-12 16:19:59'),
(745, 'mail482887@test.com', 'D603660998u', 'img01', '焦柏均', '1999-11-19', 'U221788924', '男', '新北市新莊區', 167, 88, '雙子座', 'A', '有', '小酌', '博士', '律師', '生命移動', '0911847725', '2023-05-12 16:19:59'),
(746, 'mail297923@test.com', 'A960564970m', 'img01', '歐陽柏丞', '1985-09-04', 'B282733438', '女', '新北市新店區', 182, 96, '金牛座', 'A', '無', '滴酒不沾', '高中', '麻醉醫師', '發現其中疾病編輯通過級別太多律師寶寶比如', '0911836775', '2023-05-12 16:19:59'),
(747, 'mail583977@test.com', 'L376649821m', 'img01', '麥凱翔', '1998-08-12', 'E153080414', '男', '新北市三重區', 161, 107, '牡羊座', 'AB', '有', '酒豪', '國中', '醫學美容', '幾天肯定先後焦點既然和他熱情主機邀請搜尋引擎面前，女性建材什麼', '0911521426', '2023-05-12 16:19:59'),
(748, 'mail708128@test.com', 'D456066398m', 'img01', '賴欣穎', '1992-03-18', 'T297816126', '女', '新北市三重區', 195, 52, '水瓶座', 'B', '有', '酒豪', '高中', '艙面部船員', '發現其中疾病編輯通過級別太多律師寶寶比如', '0911600282', '2023-05-12 16:19:59'),
(749, 'mail453446@test.com', 'Z785646955v', 'img01', '華秉諺', '1995-09-19', 'R297511599', '女', '新北市淡水區', 197, 50, '處女座', 'B', '無', '酒豪', '碩士', '船上作業人員', '生命移動', '0911826860', '2023-05-12 16:19:59'),
(750, 'mail154627@test.com', 'C628370720v', 'img01', '華羽彤', '1985-07-08', 'Y211718588', '女', '臺北市內湖區', 172, 70, '雙魚座', 'O', '有', '小酌', '學士', '艙面部船員', '公開固定水晶', '0911539623', '2023-05-12 16:19:59'),
(751, 'mail285408@test.com', 'M793966941r', 'img01', '岳彥廷', '1992-06-05', 'P247806747', '女', '新北市蘆洲區', 199, 109, '射手座', 'O', '無', '小酌', '碩士', 'IC設計工程師', '公開固定水晶', '0911454617', '2023-05-12 16:19:59'),
(752, 'mail508966@test.com', 'F653125987q', 'img01', '祁子涵', '1995-11-09', 'O154912742', '女', '新北市瑞芳區', 200, 68, '金牛座', 'AB', '無', '滴酒不沾', '博士', 'IC設計工程師', '公開固定水晶', '0911933385', '2023-05-12 16:19:59'),
(753, 'mail478669@test.com', 'H944459923s', 'img01', '洪柏霖', '1989-11-26', 'X188917067', '男', '新北市深坑區', 167, 78, '射手座', 'AB', '無', '滴酒不沾', '高中', '律師', '生命移動', '0911371194', '2023-05-12 16:19:59'),
(754, 'mail201255@test.com', 'T514257426p', 'img01', '高品妤', '1997-07-18', 'D162211943', '女', '新北市金山區', 153, 42, '處女座', 'O', '有', '小酌', '碩士', '麻醉醫師', '幾天肯定先後焦點既然和他熱情主機邀請搜尋引擎面前，女性建材什麼', '0911737545', '2023-05-12 16:19:59'),
(755, 'mail61686@test.com', 'D372160879f', 'img01', '沙冠宇', '1986-12-18', 'F133820834', '男', '臺北市北投區', 169, 83, '魔羯座', 'O', '有', '酒豪', '學士', '類比IC設計工程師', '生命移動', '0911548079', '2023-05-12 16:19:59'),
(756, 'mail895970@test.com', 'C107793796e', 'img01', '温承諺', '1999-06-24', 'U251762051', '女', '臺北市大安區', 160, 50, '魔羯座', 'AB', '無', '滴酒不沾', '國小', '空服人員', '發現其中疾病編輯通過級別太多律師寶寶比如', '0911556665', '2023-05-12 16:19:59'),
(757, 'mail522454@test.com', 'R659692892o', 'img01', '雲柏霖', '1996-04-26', 'I296823107', '女', '新北市雙溪區', 173, 70, '巨蟹座', 'A', '有', '酒豪', '碩士', '船上作業人員', '也可保健避免什麼黑', '0911989794', '2023-05-12 16:19:59'),
(758, 'mail818208@test.com', 'B991648507x', 'img01', '梁沛璇', '1998-06-21', 'E265227371', '男', '新北市萬里區', 200, 95, '牡羊座', 'O', '無', '小酌', '國中', '律師', '也可保健避免什麼黑', '0911465394', '2023-05-12 16:19:59'),
(759, 'mail127270@test.com', 'L914937589t', 'img01', '梅庭瑜', '1996-09-23', 'H248040565', '男', '臺北市內湖區', 180, 70, '巨蟹座', 'B', '有', '小酌', '國中', '飛行機師', '公開固定水晶', '0911687522', '2023-05-12 16:19:59'),
(760, 'mail754526@test.com', 'D625541331l', 'img01', '谷雅晴', '1988-12-03', 'G188531776', '男', '臺北市士林區', 162, 59, '巨蟹座', 'A', '無', '小酌', '碩士', '麻醉醫師', '生命移動', '0911619915', '2023-05-12 16:19:59'),
(761, 'mail431851@test.com', 'C480099930l', 'img01', '覃子豪', '1991-04-23', 'F229749039', '男', '新北市板橋區', 180, 100, '金牛座', 'O', '無', '酒豪', '高中', '系統分析師', '幾天肯定先後焦點既然和他熱情主機邀請搜尋引擎面前，女性建材什麼', '0911297163', '2023-05-12 16:19:59'),
(762, 'mail47368@test.com', 'P293502874g', 'img01', '姚芳瑜', '1996-08-27', 'U269250635', '男', '新北市金山區', 170, 53, '水瓶座', 'AB', '無', '滴酒不沾', '學士', '建築師', '公開固定水晶', '0911821135', '2023-05-12 16:19:59'),
(763, 'mail676131@test.com', 'O914211113u', 'img01', '紀芷萱', '1985-09-10', 'A157859966', '女', '新北市三重區', 186, 101, '牡羊座', 'AB', '無', '酒豪', '國小', '系統分析師', '生命移動', '0911218859', '2023-05-12 16:19:59'),
(764, 'mail508463@test.com', 'L299398319f', 'img01', '何庭瑄', '1997-12-21', 'U254796299', '男', '臺北市大同區', 174, 108, '射手座', 'AB', '有', '小酌', '高中', '艙面部船員', '發現其中疾病編輯通過級別太多律師寶寶比如', '0911739651', '2023-05-12 16:19:59'),
(765, 'mail828641@test.com', 'M809245219c', 'img01', '池祐誠', '1998-10-08', 'M159254243', '女', '新北市萬里區', 180, 110, '金牛座', 'A', '有', '小酌', '碩士', '藥師輪機部船員', '幾天肯定先後焦點既然和他熱情主機邀請搜尋引擎面前，女性建材什麼', '0911704733', '2023-05-12 16:19:59'),
(766, 'mail321063@test.com', 'H850649856p', 'img01', '畢宥鈞', '1998-12-31', 'W111367542', '男', '新北市林口區', 169, 107, '牡羊座', 'B', '有', '滴酒不沾', '博士', '艙面部船員', '站內死了機會', '0911863389', '2023-05-12 16:19:59'),
(767, 'mail968869@test.com', 'G980599861f', 'img01', '謝冠佑', '1995-07-13', 'I236153038', '女', '新北市泰山區', 182, 76, '射手座', 'B', '無', '滴酒不沾', '國小', '建築師', '發現其中疾病編輯通過級別太多律師寶寶比如', '0911545630', '2023-05-12 16:19:59'),
(768, 'mail131844@test.com', 'X784551023x', 'img01', '白俊傑', '1998-07-15', 'H162074387', '女', '新北市樹林區', 154, 83, '金牛座', 'O', '有', '酒豪', '高中', '飛行機師', '幾天肯定先後焦點既然和他熱情主機邀請搜尋引擎面前，女性建材什麼', '0911727114', '2023-05-12 16:19:59'),
(769, 'mail968569@test.com', 'V714814577s', 'img01', '瞿哲宇', '1992-10-05', 'H189873693', '男', '基隆市信義區', 152, 63, '雙子座', 'A', '無', '酒豪', '博士', '飛行機師', '站內死了機會', '0911499421', '2023-05-12 16:19:59'),
(770, 'mail240181@test.com', 'Q791052114o', 'img01', '曾冠霖', '1988-07-03', 'G294696293', '女', '新北市永和區', 194, 109, '天秤座', 'A', '無', '滴酒不沾', '國中', '藝術總監', '生命移動', '0911249503', '2023-05-12 16:19:59'),
(771, 'mail364256@test.com', 'W900317035d', 'img01', '宗冠穎', '1986-08-11', 'V234618863', '女', '臺北市信義區', 159, 61, '處女座', 'O', '有', '小酌', '國小', '類比IC設計工程師', '發現其中疾病編輯通過級別太多律師寶寶比如', '0911236505', '2023-05-12 16:19:59'),
(772, 'mail932952@test.com', 'N232984017k', 'img01', '梅宸瑋', '1998-09-21', 'H216783435', '男', '新北市淡水區', 153, 74, '射手座', 'A', '無', '滴酒不沾', '國小', '類比IC設計工程師', '發現其中疾病編輯通過級別太多律師寶寶比如', '0911225024', '2023-05-12 16:19:59'),
(773, 'mail512125@test.com', 'I536408731m', 'img01', '全育萱', '1986-11-19', 'L115712287', '男', '新北市中和區', 180, 48, '魔羯座', 'A', '無', '滴酒不沾', '碩士', '聯結車司機', '公開固定水晶', '0911124130', '2023-05-12 16:19:59'),
(774, 'mail966899@test.com', 'A489980788t', 'img01', '章佳蓉', '1992-03-10', 'T190853725', '女', '新北市五股區', 196, 58, '雙子座', 'A', '有', '小酌', '碩士', '麻醉醫師', '幾天肯定先後焦點既然和他熱情主機邀請搜尋引擎面前，女性建材什麼', '0911275083', '2023-05-12 16:19:59'),
(775, 'mail586787@test.com', 'T114016477b', 'img01', '買宇辰', '1988-04-19', 'F155954143', '男', '新北市三峽區', 160, 55, '天蠍座', 'A', '無', '酒豪', '博士', '系統分析師', '站內死了機會', '0911355515', '2023-05-12 16:19:59'),
(776, 'mail894446@test.com', 'A667118123t', 'img01', '鄭承佑', '1988-12-30', 'K141550578', '男', '新北市蘆洲區', 160, 79, '牡羊座', 'A', '有', '酒豪', '學士', '藥師輪機部船員', '發現其中疾病編輯通過級別太多律師寶寶比如', '0911763612', '2023-05-12 16:19:59'),
(777, 'mail623725@test.com', 'R446312069r', 'img01', '官昱凱', '1996-04-12', 'A223296378', '男', '新北市新莊區', 164, 97, '雙子座', 'O', '有', '小酌', '學士', '醫學美容', '上午日誌一位會計本人第一個人類靜靜', '0911684378', '2023-05-12 16:19:59'),
(778, 'mail584591@test.com', 'S138931396d', 'img01', '闕宥丞', '1986-11-20', 'D232913948', '男', '新北市八里區', 186, 97, '雙魚座', 'O', '無', '小酌', '學士', '建築師', '也可保健避免什麼黑', '0911353876', '2023-05-12 16:19:59'),
(779, 'mail614811@test.com', 'Z942833624q', 'img01', '蔣彥廷', '1996-06-27', 'F140956092', '男', '新北市瑞芳區', 163, 107, '牡羊座', 'AB', '無', '小酌', '國小', '聯結車司機', '幾天肯定先後焦點既然和他熱情主機邀請搜尋引擎面前，女性建材什麼', '0911215317', '2023-05-12 16:19:59'),
(780, 'mail517571@test.com', 'C711100307j', 'img01', '涂宥丞', '1987-02-02', 'X216303693', '女', '新北市鶯歌區', 150, 50, '處女座', 'AB', '無', '小酌', '高中', '艙面部船員', '幾天肯定先後焦點既然和他熱情主機邀請搜尋引擎面前，女性建材什麼', '0911828043', '2023-05-12 16:19:59'),
(781, 'mail39119@test.com', 'F360994377p', 'img01', '童欣怡', '1995-09-07', 'J229321559', '女', '臺北市大同區', 179, 84, '射手座', 'AB', '有', '滴酒不沾', '國小', '類比IC設計工程師', '上午日誌一位會計本人第一個人類靜靜', '0911545902', '2023-05-12 16:19:59'),
(782, 'mail788159@test.com', 'N306718565o', 'img01', '殷冠廷', '1986-06-28', 'U118763135', '女', '新北市五股區', 190, 65, '雙子座', 'A', '有', '小酌', '高中', '類比IC設計工程師', '發現其中疾病編輯通過級別太多律師寶寶比如', '0911995189', '2023-05-12 16:19:59'),
(783, 'mail150187@test.com', 'Q705597841f', 'img01', '宋家瑜', '1997-08-20', 'J115283548', '男', '基隆市七堵區', 189, 102, '牡羊座', 'O', '有', '酒豪', '國中', '艙面部船員', '生命移動', '0911624347', '2023-05-12 16:19:59'),
(784, 'mail199414@test.com', 'N829331137x', 'img01', '牛詩涵', '1996-10-04', 'H176294743', '男', '新北市石門區', 172, 80, '獅子座', 'B', '有', '小酌', '博士', 'IC設計工程師', '公開固定水晶', '0911377897', '2023-05-12 16:19:59'),
(785, 'mail832200@test.com', 'Y387503645v', 'img01', '屈心妤', '1995-04-19', 'F278180521', '女', '新北市林口區', 176, 85, '雙魚座', 'B', '有', '小酌', '國中', '飛行機師', '生命移動', '0911208933', '2023-05-12 16:19:59'),
(786, 'mail911807@test.com', 'Z959877963c', 'img01', '屈家銘', '1987-11-25', 'O217403004', '女', '臺北市信義區', 159, 100, '天蠍座', 'O', '無', '小酌', '國小', '類比IC設計工程師', '發現其中疾病編輯通過級別太多律師寶寶比如', '0911172656', '2023-05-12 16:19:59'),
(787, 'mail945226@test.com', 'E817111228m', 'img01', '常丞恩', '1986-05-12', 'E247974301', '男', '新北市板橋區', 165, 89, '獅子座', 'B', '無', '酒豪', '國中', '飛行機師', '幾天肯定先後焦點既然和他熱情主機邀請搜尋引擎面前，女性建材什麼', '0911797508', '2023-05-12 16:19:59'),
(788, 'mail361528@test.com', 'X763169232g', 'img01', '翟宣妤', '1987-05-21', 'V220755963', '男', '新北市樹林區', 175, 65, '水瓶座', 'O', '無', '小酌', '博士', '護理長', '公開固定水晶', '0911305552', '2023-05-12 16:19:59'),
(789, 'mail333678@test.com', 'L387502119k', 'img01', '官佳妤', '1985-07-24', 'Y186533234', '男', '新北市泰山區', 166, 73, '水瓶座', 'B', '無', '酒豪', '學士', '建築師', '幾天肯定先後焦點既然和他熱情主機邀請搜尋引擎面前，女性建材什麼', '0911321661', '2023-05-12 16:19:59'),
(790, 'mail497174@test.com', 'W703160671z', 'img01', '紀鈺婷', '1991-06-29', 'F274314139', '女', '新北市烏來區', 169, 55, '牡羊座', 'AB', '有', '酒豪', '高中', '艙面部船員', '幾天肯定先後焦點既然和他熱情主機邀請搜尋引擎面前，女性建材什麼', '0911432407', '2023-05-12 16:19:59'),
(791, 'mail346267@test.com', 'X927235442a', 'img01', '錢奕辰', '1992-12-02', 'J171065175', '女', '新北市永和區', 176, 88, '天秤座', 'A', '有', '酒豪', '博士', '醫師', '生命移動', '0911493914', '2023-05-12 16:19:59'),
(792, 'mail134659@test.com', 'E512718551y', 'img01', '房宜芳', '1991-06-16', 'H172699263', '女', '新北市蘆洲區', 176, 41, '巨蟹座', 'AB', '有', '酒豪', '高中', '系統分析師', '幾天肯定先後焦點既然和他熱情主機邀請搜尋引擎面前，女性建材什麼', '0911980576', '2023-05-12 16:19:59'),
(793, 'mail936641@test.com', 'B482985581g', 'img01', '辛柏勳', '1990-07-10', 'Y233282416', '女', '臺北市中山區', 194, 108, '雙魚座', 'O', '有', '酒豪', '國中', '中醫師', '站內死了機會', '0911989074', '2023-05-12 16:19:59'),
(794, 'mail859204@test.com', 'H150202534n', 'img01', '華凱文', '1991-03-27', 'A282114575', '男', '臺北市南港區', 154, 74, '魔羯座', 'AB', '有', '滴酒不沾', '高中', '船上作業人員', '也可保健避免什麼黑', '0911151443', '2023-05-12 16:19:59'),
(795, 'mail87693@test.com', 'N296550677r', 'img01', '柳佩珊', '1991-07-13', 'O254351646', '女', '新北市林口區', 177, 67, '雙子座', 'B', '無', '滴酒不沾', '國小', '飛行機師', '站內死了機會', '0911460718', '2023-05-12 16:19:59'),
(796, 'mail565990@test.com', 'Z666791210m', 'img01', '華詩涵', '1991-06-23', 'Z286934990', '男', '臺北市中山區', 191, 74, '魔羯座', 'B', '無', '小酌', '碩士', '律師', '生命移動', '0911463432', '2023-05-12 16:19:59'),
(797, 'mail976279@test.com', 'U842573337m', 'img01', '羅祐誠', '1991-09-14', 'H132540129', '男', '新北市五股區', 154, 107, '巨蟹座', 'A', '有', '小酌', '國小', '麻醉醫師', '幾天肯定先後焦點既然和他熱情主機邀請搜尋引擎面前，女性建材什麼', '0911181487', '2023-05-12 16:19:59'),
(798, 'mail207366@test.com', 'D566669391d', 'img01', '瞿宣妤', '1987-12-06', 'U184573343', '男', '基隆市暖暖區', 150, 96, '雙魚座', 'B', '有', '酒豪', '國小', '空服人員', '也可保健避免什麼黑', '0911208003', '2023-05-12 16:19:59'),
(799, 'mail854705@test.com', 'R208492801b', 'img01', '莫亭妤', '1994-09-19', 'I145559659', '男', '臺北市大同區', 162, 106, '魔羯座', 'AB', '有', '酒豪', '博士', '牙醫師', '幾天肯定先後焦點既然和他熱情主機邀請搜尋引擎面前，女性建材什麼', '0911595421', '2023-05-12 16:19:59'),
(800, 'mail596976@test.com', 'B202174070q', 'img01', '戴柏諺', '1993-01-08', 'Y252939567', '女', '新北市中和區', 173, 72, '處女座', 'AB', '有', '酒豪', '國中', '建築師', '幾天肯定先後焦點既然和他熱情主機邀請搜尋引擎面前，女性建材什麼', '0911240178', '2023-05-12 16:19:59'),
(801, 'mail939846@test.com', 'M108209166g', 'img01', '龐依璇', '1996-10-25', 'W296736856', '男', '新北市蘆洲區', 174, 91, '處女座', 'O', '有', '小酌', '國中', '藥師輪機部船員', '幾天肯定先後焦點既然和他熱情主機邀請搜尋引擎面前，女性建材什麼', '0911705489', '2023-05-12 16:19:59'),
(802, 'mail577205@test.com', 'N893550630c', 'img01', '盧宗翰', '1996-12-25', 'C225706345', '男', '新北市林口區', 159, 98, '天秤座', 'A', '無', '滴酒不沾', '博士', '數位IC設計工程師', '也可保健避免什麼黑', '0911143075', '2023-05-12 16:19:59'),
(803, 'mail316027@test.com', 'Z725906566b', 'img01', '游承祐', '1988-04-06', 'H236251124', '女', '基隆市信義區', 183, 87, '雙子座', 'B', '有', '小酌', '國小', '中醫師', '幾天肯定先後焦點既然和他熱情主機邀請搜尋引擎面前，女性建材什麼', '0911819303', '2023-05-12 16:19:59'),
(804, 'mail341632@test.com', 'Q598382054l', 'img01', '全雅涵', '1991-02-14', 'D121738232', '男', '臺北市文山區', 165, 77, '獅子座', 'O', '有', '滴酒不沾', '高中', '數位IC設計工程師', '幾天肯定先後焦點既然和他熱情主機邀請搜尋引擎面前，女性建材什麼', '0911392326', '2023-05-12 16:19:59'),
(805, 'mail972089@test.com', 'Y275064104m', 'img01', '賴欣妤', '1994-07-07', 'B263571996', '女', '臺北市內湖區', 169, 93, '天蠍座', 'O', '有', '滴酒不沾', '學士', '醫學美容', '也可保健避免什麼黑', '0911395773', '2023-05-12 16:19:59'),
(806, 'mail518697@test.com', 'U688132450n', 'img01', '麥育瑄', '1991-07-12', 'W172078260', '男', '新北市淡水區', 193, 96, '天秤座', 'AB', '無', '小酌', '高中', '空服人員', '發現其中疾病編輯通過級別太多律師寶寶比如', '0911321994', '2023-05-12 16:19:59'),
(807, 'mail928047@test.com', 'W268077962g', 'img01', '莊子瑜', '1995-07-05', 'U289328362', '女', '新北市坪林區', 188, 88, '魔羯座', 'O', '有', '小酌', '國中', '聯結車司機', '生命移動', '0911831013', '2023-05-12 16:19:59'),
(808, 'mail545205@test.com', 'K835889021o', 'img01', '曹宜芳', '1987-06-02', 'C241717045', '女', '臺北市北投區', 182, 97, '射手座', 'AB', '有', '酒豪', '學士', '數位IC設計工程師', '公開固定水晶', '0911863771', '2023-05-12 16:19:59'),
(809, 'mail534137@test.com', 'I354635990i', 'img01', '成柏安', '1986-12-28', 'A117839871', '女', '新北市萬里區', 200, 104, '雙魚座', 'AB', '有', '滴酒不沾', '國小', '艙面部船員', '生命移動', '0911420456', '2023-05-12 16:19:59'),
(810, 'mail846246@test.com', 'K892924486m', 'img01', '申芳瑜', '1987-02-20', 'N183350146', '男', '基隆市中正區', 191, 108, '牡羊座', 'A', '無', '滴酒不沾', '國中', '船上作業人員', '也可保健避免什麼黑', '0911928517', '2023-05-12 16:19:59'),
(811, 'mail935580@test.com', 'S919032544u', 'img01', '季宇恩', '1991-08-19', 'R163152357', '男', '基隆市仁愛區', 152, 62, '金牛座', 'B', '無', '酒豪', '學士', '中醫師', '上午日誌一位會計本人第一個人類靜靜', '0911100005', '2023-05-12 16:19:59'),
(812, 'mail822841@test.com', 'G432999139v', 'img01', '官子翔', '1993-01-27', 'K218257956', '男', '新北市淡水區', 198, 108, '魔羯座', 'O', '無', '酒豪', '碩士', 'IC設計工程師', '上午日誌一位會計本人第一個人類靜靜', '0911596752', '2023-05-12 16:19:59'),
(813, 'mail682245@test.com', 'L778282593d', 'img01', '顧語婕', '1991-06-04', 'V243045565', '女', '臺北市萬華區', 176, 48, '天蠍座', 'A', '無', '滴酒不沾', '碩士', '船上作業人員', '公開固定水晶', '0911498337', '2023-05-12 16:19:59'),
(814, 'mail448436@test.com', 'S881645363v', 'img01', '章昱辰', '1994-10-26', 'G295850213', '男', '新北市鶯歌區', 193, 84, '處女座', 'AB', '有', '小酌', '學士', '聯結車司機', '上午日誌一位會計本人第一個人類靜靜', '0911593601', '2023-05-12 16:19:59'),
(815, 'mail811916@test.com', 'Q225060057z', 'img01', '喬哲維', '1998-06-03', 'U228545706', '女', '新北市金山區', 190, 40, '牡羊座', 'AB', '無', '滴酒不沾', '高中', '類比IC設計工程師', '也可保健避免什麼黑', '0911513802', '2023-05-12 16:19:59'),
(816, 'mail786359@test.com', 'A894919931e', 'img01', '解廷宇', '1993-12-15', 'I179883926', '女', '新北市平溪區', 181, 85, '牡羊座', 'AB', '無', '酒豪', '博士', '醫學美容', '生命移動', '0911166495', '2023-05-12 16:19:59'),
(817, 'mail835934@test.com', 'W101576395o', 'img01', '丘湘婷', '1988-04-24', 'V193088701', '女', '新北市土城區', 154, 98, '金牛座', 'AB', '無', '酒豪', '碩士', '藝術總監', '站內死了機會', '0911902578', '2023-05-12 16:19:59'),
(818, 'mail424661@test.com', 'L674120748h', 'img01', '駱禹彤', '1994-02-19', 'Z177891721', '男', '新北市中和區', 194, 72, '射手座', 'O', '無', '小酌', '學士', '船上作業人員', '上午日誌一位會計本人第一個人類靜靜', '0911219243', '2023-05-12 16:19:59'),
(819, 'mail865809@test.com', 'V840854477q', 'img01', '錢冠霆', '1995-11-27', 'C287514349', '女', '新北市板橋區', 171, 84, '雙魚座', 'A', '有', '滴酒不沾', '碩士', '飛行機師', '發現其中疾病編輯通過級別太多律師寶寶比如', '0911723479', '2023-05-12 16:19:59'),
(820, 'mail684404@test.com', 'F835154087f', 'img01', '黎冠傑', '1999-04-27', 'X188541650', '男', '新北市鶯歌區', 176, 71, '巨蟹座', 'AB', '有', '小酌', '高中', '數位IC設計工程師', '生命移動', '0911759738', '2023-05-12 16:19:59'),
(821, 'mail457416@test.com', 'Z860836166f', 'img01', '馬芸瑄', '1999-08-22', 'W249009986', '女', '新北市石門區', 176, 98, '巨蟹座', 'O', '無', '酒豪', '國小', '醫學美容', '生命移動', '0911658598', '2023-05-12 16:19:59'),
(822, 'mail227420@test.com', 'H263855673n', 'img01', '舒景翔', '1985-07-07', 'C179521961', '女', '新北市林口區', 160, 53, '雙魚座', 'AB', '無', '滴酒不沾', '學士', '藝術總監', '生命移動', '0911282838', '2023-05-12 16:19:59'),
(823, 'mail342958@test.com', 'L780506959n', 'img01', '陽冠霆', '1995-01-09', 'B243942688', '男', '新北市樹林區', 192, 48, '魔羯座', 'B', '有', '酒豪', '學士', '類比IC設計工程師', '發現其中疾病編輯通過級別太多律師寶寶比如', '0911253954', '2023-05-12 16:19:59'),
(824, 'mail140160@test.com', 'Y945308842r', 'img01', '卓詠晴', '1991-10-29', 'P181248806', '男', '新北市新莊區', 159, 91, '天秤座', 'O', '無', '滴酒不沾', '博士', '牙醫師', '公開固定水晶', '0911874781', '2023-05-12 16:19:59'),
(825, 'mail425415@test.com', 'I505423564a', 'img01', '凌欣妤', '1999-11-12', 'S247704815', '女', '臺北市大安區', 190, 77, '天蠍座', 'A', '有', '滴酒不沾', '高中', '建築師', '也可保健避免什麼黑', '0911768165', '2023-05-12 16:19:59'),
(826, 'mail261999@test.com', 'R885860106t', 'img01', '辛宥丞', '1989-12-18', 'E199060776', '女', '新北市汐止區', 163, 70, '天秤座', 'AB', '無', '酒豪', '高中', '數位IC設計工程師', '站內死了機會', '0911313885', '2023-05-12 16:19:59'),
(827, 'mail573888@test.com', 'L245332818g', 'img01', '易家妤', '1986-12-19', 'N185326099', '男', '新北市新店區', 170, 77, '牡羊座', 'O', '無', '酒豪', '高中', '藥師輪機部船員', '發現其中疾病編輯通過級別太多律師寶寶比如', '0911856770', '2023-05-12 16:19:59'),
(828, 'mail744338@test.com', 'R175898373e', 'img01', '力佳蓉', '1996-12-18', 'I189699475', '女', '臺北市內湖區', 163, 54, '魔羯座', 'AB', '有', '酒豪', '國中', '律師', '發現其中疾病編輯通過級別太多律師寶寶比如', '0911590261', '2023-05-12 16:19:59'),
(829, 'mail211112@test.com', 'B584374411z', 'img01', '伍宥辰', '1990-04-15', 'X133843903', '女', '臺北市文山區', 193, 64, '獅子座', 'B', '有', '小酌', '學士', '建築師', '幾天肯定先後焦點既然和他熱情主機邀請搜尋引擎面前，女性建材什麼', '0911743733', '2023-05-12 16:19:59'),
(830, 'mail98805@test.com', 'Z151091188f', 'img01', '成芷涵', '1985-10-30', 'N262538832', '女', '新北市五股區', 181, 73, '牡羊座', 'A', '有', '酒豪', '學士', '藝術總監', '公開固定水晶', '0911348120', '2023-05-12 16:19:59'),
(831, 'mail502781@test.com', 'C404999728i', 'img01', '宗子萱', '1985-03-13', 'J182677118', '女', '新北市蘆洲區', 175, 93, '金牛座', 'AB', '無', '小酌', '國中', '中醫師', '也可保健避免什麼黑', '0911614820', '2023-05-12 16:19:59'),
(832, 'mail499219@test.com', 'L599782228b', 'img01', '董思婷', '1995-07-12', 'D110330724', '男', '新北市平溪區', 162, 96, '處女座', 'AB', '有', '小酌', '高中', '麻醉醫師', '生命移動', '0911960376', '2023-05-12 16:19:59'),
(833, 'mail362786@test.com', 'N305679041v', 'img01', '凃冠佑', '1986-08-11', 'O261071004', '女', '臺北市中正區', 164, 40, '水瓶座', 'O', '有', '小酌', '學士', '藝術總監', '公開固定水晶', '0911298194', '2023-05-12 16:19:59'),
(834, 'mail355682@test.com', 'U466404678e', 'img01', '龐芯瑜', '1994-08-02', 'M144150911', '女', '新北市深坑區', 161, 57, '金牛座', 'A', '有', '酒豪', '國中', '律師', '上午日誌一位會計本人第一個人類靜靜', '0911856275', '2023-05-12 16:19:59'),
(835, 'mail791199@test.com', 'I394743782n', 'img01', '賴子芸', '1989-04-15', 'O248143421', '女', '新北市淡水區', 186, 95, '牡羊座', 'O', '有', '滴酒不沾', '高中', '船上作業人員', '也可保健避免什麼黑', '0911355688', '2023-05-12 16:19:59'),
(836, 'mail419249@test.com', 'K722164869l', 'img01', '盛冠廷', '1999-03-09', 'U291149489', '男', '臺北市萬華區', 158, 66, '天蠍座', 'O', '無', '滴酒不沾', '高中', '空服人員', '站內死了機會', '0911724236', '2023-05-12 16:19:59'),
(837, 'mail682132@test.com', 'I522120091z', 'img01', '湯子豪', '1989-07-23', 'D131006384', '女', '基隆市信義區', 182, 85, '巨蟹座', 'B', '有', '小酌', '國中', 'IC設計工程師', '站內死了機會', '0911833067', '2023-05-12 16:19:59'),
(838, 'mail25918@test.com', 'R982701596l', 'img01', '涂柏毅', '1993-07-09', 'T250081346', '女', '新北市坪林區', 162, 61, '射手座', 'AB', '無', '酒豪', '高中', '聯結車司機', '幾天肯定先後焦點既然和他熱情主機邀請搜尋引擎面前，女性建材什麼', '0911319566', '2023-05-12 16:19:59'),
(839, 'mail360090@test.com', 'X253959141c', 'img01', '翁姿妤', '1990-11-22', 'O216790641', '女', '新北市永和區', 180, 89, '天蠍座', 'AB', '無', '酒豪', '國小', '數位IC設計工程師', '幾天肯定先後焦點既然和他熱情主機邀請搜尋引擎面前，女性建材什麼', '0911154977', '2023-05-12 16:19:59'),
(840, 'mail218638@test.com', 'Q547671971w', 'img01', '蕭子軒', '1997-05-12', 'T117290442', '女', '臺北市中正區', 194, 44, '獅子座', 'AB', '無', '酒豪', '國中', '空服人員', '公開固定水晶', '0911681384', '2023-05-12 16:19:59'),
(841, 'mail496280@test.com', 'U486633939k', 'img01', '覃柏辰', '1986-08-11', 'C251507756', '男', '新北市石碇區', 183, 44, '牡羊座', 'AB', '有', '酒豪', '國中', '類比IC設計工程師', '生命移動', '0911235132', '2023-05-12 16:19:59'),
(842, 'mail382065@test.com', 'W414332901s', 'img01', '龔怡蓁', '1993-04-22', 'T217117805', '男', '新北市鶯歌區', 157, 103, '雙子座', 'A', '無', '滴酒不沾', '博士', '建築師', '公開固定水晶', '0911835075', '2023-05-12 16:19:59'),
(843, 'mail695457@test.com', 'U583992416f', 'img01', '古郁涵', '1990-10-06', 'D183075617', '女', '新北市金山區', 188, 64, '獅子座', 'B', '無', '酒豪', '國小', '藥師輪機部船員', '發現其中疾病編輯通過級別太多律師寶寶比如', '0911374016', '2023-05-12 16:19:59'),
(844, 'mail326118@test.com', 'I406819528s', 'img01', '常俊宇', '1985-10-29', 'Q291136495', '女', '新北市土城區', 191, 84, '巨蟹座', 'AB', '無', '滴酒不沾', '學士', '空服人員', '發現其中疾病編輯通過級別太多律師寶寶比如', '0911142808', '2023-05-12 16:19:59'),
(845, 'mail195582@test.com', 'H166771701p', 'img01', '裴冠妤', '1987-10-24', 'P156582016', '男', '新北市泰山區', 182, 81, '魔羯座', 'O', '有', '酒豪', '博士', '藝術總監', '生命移動', '0911620591', '2023-05-12 16:19:59'),
(846, 'mail113962@test.com', 'Q508388074y', 'img01', '陶宇傑', '1990-07-11', 'Y161925636', '男', '新北市中和區', 160, 110, '金牛座', 'B', '有', '小酌', '國中', '麻醉醫師', '也可保健避免什麼黑', '0911488126', '2023-05-12 16:19:59'),
(847, 'mail385102@test.com', 'C302153086u', 'img01', '祁承諺', '1989-04-08', 'Y184186010', '男', '新北市淡水區', 177, 49, '射手座', 'A', '有', '小酌', '國小', '數位IC設計工程師', '上午日誌一位會計本人第一個人類靜靜', '0911341697', '2023-05-12 16:19:59'),
(848, 'mail860750@test.com', 'K547672107i', 'img01', '蘇秉叡', '1997-06-03', 'U127707998', '女', '臺北市萬華區', 167, 61, '處女座', 'B', '無', '滴酒不沾', '碩士', '空服人員', '幾天肯定先後焦點既然和他熱情主機邀請搜尋引擎面前，女性建材什麼', '0911887439', '2023-05-12 16:19:59'),
(849, 'mail842939@test.com', 'U804916472t', 'img01', '邱昱廷', '1999-04-28', 'Z260262590', '男', '新北市五股區', 168, 69, '獅子座', 'AB', '無', '滴酒不沾', '博士', '飛行機師', '幾天肯定先後焦點既然和他熱情主機邀請搜尋引擎面前，女性建材什麼', '0911489891', '2023-05-12 16:19:59'),
(850, 'mail563625@test.com', 'R261873550o', 'img01', '褚姿妤', '1999-10-11', 'Z283621454', '女', '基隆市暖暖區', 181, 88, '天秤座', 'O', '無', '滴酒不沾', '國中', '數位IC設計工程師', '生命移動', '0911903869', '2023-05-12 16:19:59'),
(851, 'mail905262@test.com', 'C385241020u', 'img01', '林彥辰', '1990-04-24', 'M183357357', '女', '新北市石碇區', 180, 88, '處女座', 'AB', '無', '酒豪', '博士', '中醫師', '上午日誌一位會計本人第一個人類靜靜', '0911446858', '2023-05-12 16:19:59'),
(852, 'mail39788@test.com', 'S637023844t', 'img01', '焦芷瑄', '1986-07-08', 'Q156268480', '男', '新北市中和區', 180, 105, '獅子座', 'AB', '無', '小酌', '學士', '藥師輪機部船員', '生命移動', '0911757766', '2023-05-12 16:19:59'),
(853, 'mail943845@test.com', 'K770720389l', 'img01', '岳佳穎', '1989-01-13', 'S219311374', '男', '基隆市七堵區', 169, 75, '巨蟹座', 'AB', '無', '酒豪', '國小', '中醫師', '公開固定水晶', '0911856216', '2023-05-12 16:19:59'),
(854, 'mail950849@test.com', 'P238251981i', 'img01', '華彥丞', '1992-04-29', 'F216482428', '男', '新北市萬里區', 183, 45, '水瓶座', 'B', '無', '滴酒不沾', '國小', '系統分析師', '幾天肯定先後焦點既然和他熱情主機邀請搜尋引擎面前，女性建材什麼', '0911786126', '2023-05-12 16:19:59'),
(855, 'mail567325@test.com', 'I433520534j', 'img01', '陸政諺', '1990-08-30', 'F235681729', '女', '新北市中和區', 165, 89, '牡羊座', 'O', '無', '小酌', '國中', 'IC設計工程師', '公開固定水晶', '0911558922', '2023-05-12 16:19:59'),
(856, 'mail76315@test.com', 'W637448922z', 'img01', '覃昱翔', '1995-02-15', 'S165590049', '男', '新北市石門區', 166, 98, '巨蟹座', 'B', '有', '酒豪', '碩士', '數位IC設計工程師', '上午日誌一位會計本人第一個人類靜靜', '0911712614', '2023-05-12 16:19:59'),
(857, 'mail806177@test.com', 'S307127983s', 'img01', '武昀臻', '1991-02-11', 'O176562256', '女', '新北市土城區', 150, 101, '天蠍座', 'O', '有', '滴酒不沾', '高中', '空服人員', '也可保健避免什麼黑', '0911557559', '2023-05-12 16:19:59'),
(858, 'mail459697@test.com', 'U197485195c', 'img01', '錢庭瑄', '1988-05-11', 'C284532732', '男', '新北市坪林區', 178, 94, '金牛座', 'A', '有', '酒豪', '高中', '船上作業人員', '公開固定水晶', '0911262112', '2023-05-12 16:19:59'),
(859, 'mail167959@test.com', 'O505742351s', 'img01', '薛宥均', '1994-01-04', 'V115575417', '女', '新北市貢寮區', 195, 73, '雙魚座', 'A', '有', '滴酒不沾', '高中', '藥師輪機部船員', '發現其中疾病編輯通過級別太多律師寶寶比如', '0911434739', '2023-05-12 16:19:59'),
(860, 'mail223959@test.com', 'S452256389e', 'img01', '譚秉叡', '1989-02-12', 'A137906785', '男', '臺北市士林區', 196, 69, '水瓶座', 'O', '無', '酒豪', '碩士', '數位IC設計工程師', '上午日誌一位會計本人第一個人類靜靜', '0911350150', '2023-05-12 16:19:59'),
(861, 'mail563590@test.com', 'N959900293a', 'img01', '鄒思婷', '1988-05-12', 'I296179277', '男', '新北市新店區', 196, 85, '天蠍座', 'O', '有', '酒豪', '高中', 'IC設計工程師', '站內死了機會', '0911503492', '2023-05-12 16:19:59'),
(862, 'mail150029@test.com', 'Q227180684i', 'img01', '葛俊凱', '1987-11-11', 'C221378595', '女', '新北市中和區', 194, 74, '水瓶座', 'AB', '無', '滴酒不沾', '學士', '醫師', '發現其中疾病編輯通過級別太多律師寶寶比如', '0911876072', '2023-05-12 16:19:59'),
(863, 'mail641517@test.com', 'F567474927w', 'img01', '施宜芳', '1988-08-29', 'D238554941', '男', '新北市板橋區', 171, 48, '雙子座', 'B', '無', '酒豪', '學士', '牙醫師', '上午日誌一位會計本人第一個人類靜靜', '0911796314', '2023-05-12 16:19:59'),
(864, 'mail820106@test.com', 'Y690868262r', 'img01', '廖宇哲', '1992-08-28', 'V222985479', '男', '新北市中和區', 161, 93, '雙子座', 'O', '無', '滴酒不沾', '博士', '類比IC設計工程師', '幾天肯定先後焦點既然和他熱情主機邀請搜尋引擎面前，女性建材什麼', '0911413772', '2023-05-12 16:19:59'),
(865, 'mail389206@test.com', 'X451557885y', 'img01', '卜子芸', '1997-11-20', 'Y264166080', '男', '新北市泰山區', 168, 62, '射手座', 'B', '無', '滴酒不沾', '高中', '藝術總監', '發現其中疾病編輯通過級別太多律師寶寶比如', '0911244775', '2023-05-12 16:19:59'),
(866, 'mail456638@test.com', 'I674067962y', 'img01', '邢怡靜', '1999-10-17', 'I156134057', '女', '臺北市中正區', 150, 45, '雙子座', 'A', '有', '酒豪', '高中', '飛行機師', '公開固定水晶', '0911641609', '2023-05-12 16:19:59'),
(867, 'mail866037@test.com', 'C261170355r', 'img01', '金芸瑄', '1998-05-03', 'B138487628', '女', '基隆市仁愛區', 185, 68, '水瓶座', 'AB', '無', '小酌', '國小', '建築師', '發現其中疾病編輯通過級別太多律師寶寶比如', '0911290111', '2023-05-12 16:19:59'),
(868, 'mail290826@test.com', 'S771068248h', 'img01', '江子豪', '1990-02-04', 'X271877506', '女', '臺北市北投區', 200, 71, '巨蟹座', 'A', '無', '滴酒不沾', '博士', '醫學美容', '上午日誌一位會計本人第一個人類靜靜', '0911335453', '2023-05-12 16:19:59'),
(869, 'mail195814@test.com', 'O978715909o', 'img01', '向景翔', '1989-05-13', 'W133489076', '男', '新北市泰山區', 180, 54, '巨蟹座', 'A', '無', '小酌', '碩士', '系統分析師', '上午日誌一位會計本人第一個人類靜靜', '0911150179', '2023-05-12 16:19:59'),
(870, 'mail920675@test.com', 'Z330538664r', 'img01', '毛禹彤', '1989-08-02', 'I130989942', '男', '新北市貢寮區', 172, 55, '雙子座', 'B', '無', '小酌', '博士', '艙面部船員', '生命移動', '0911757197', '2023-05-12 16:19:59'),
(871, 'mail663336@test.com', 'D164606216l', 'img01', '安柏翰', '1994-06-03', 'L144579736', '女', '新北市新店區', 167, 89, '天秤座', 'B', '無', '小酌', '高中', '藥師輪機部船員', '也可保健避免什麼黑', '0911438431', '2023-05-12 16:19:59'),
(872, 'mail61183@test.com', 'B778780279z', 'img01', '官凱文', '1996-02-24', 'J132445684', '男', '臺北市士林區', 184, 49, '雙魚座', 'O', '有', '滴酒不沾', '國中', '藝術總監', '發現其中疾病編輯通過級別太多律師寶寶比如', '0911955958', '2023-05-12 16:19:59'),
(873, 'mail517761@test.com', 'Z983594118p', 'img01', '顏彥均', '1999-08-21', 'G180809257', '男', '臺北市信義區', 185, 104, '雙子座', 'O', '無', '小酌', '國小', '醫學美容', '上午日誌一位會計本人第一個人類靜靜', '0911259793', '2023-05-12 16:19:59'),
(874, 'mail718333@test.com', 'C831741261c', 'img01', '留宥鈞', '1988-03-27', 'J271997733', '男', '新北市土城區', 182, 104, '金牛座', 'AB', '有', '滴酒不沾', '碩士', '護理長', '也可保健避免什麼黑', '0911431382', '2023-05-12 16:19:59'),
(875, 'mail448830@test.com', 'Y872883338x', 'img01', '施家瑜', '1993-05-07', 'Y122901269', '男', '新北市深坑區', 160, 90, '金牛座', 'A', '有', '小酌', '碩士', '麻醉醫師', '公開固定水晶', '0911525018', '2023-05-12 16:19:59'),
(876, 'mail219951@test.com', 'N969637028f', 'img01', '魯昱翔', '1991-12-07', 'V176726334', '男', '新北市石門區', 171, 43, '水瓶座', 'O', '有', '酒豪', '國小', '數位IC設計工程師', '發現其中疾病編輯通過級別太多律師寶寶比如', '0911930201', '2023-05-12 16:19:59'),
(877, 'mail359819@test.com', 'Z216253464y', 'img01', '包欣穎', '1996-04-09', 'Y297658069', '男', '新北市永和區', 200, 52, '巨蟹座', 'A', '有', '酒豪', '國中', '空服人員', '發現其中疾病編輯通過級別太多律師寶寶比如', '0911652368', '2023-05-12 16:19:59'),
(878, 'mail605201@test.com', 'U794572436m', 'img01', '魏昱安', '1994-12-02', 'L129817184', '男', '新北市中和區', 170, 75, '天蠍座', 'B', '有', '酒豪', '學士', '中醫師', '發現其中疾病編輯通過級別太多律師寶寶比如', '0911844721', '2023-05-12 16:19:59'),
(879, 'mail144909@test.com', 'S375361339c', 'img01', '祁奕翔', '1995-07-13', 'Q154616282', '男', '新北市金山區', 157, 66, '金牛座', 'AB', '有', '酒豪', '碩士', '系統分析師', '公開固定水晶', '0911472830', '2023-05-12 16:19:59'),
(880, 'mail546110@test.com', 'N618850828d', 'img01', '阮于萱', '1985-12-07', 'P141663056', '女', '新北市烏來區', 182, 50, '雙魚座', 'B', '無', '酒豪', '博士', '船上作業人員', '幾天肯定先後焦點既然和他熱情主機邀請搜尋引擎面前，女性建材什麼', '0911534744', '2023-05-12 16:19:59'),
(881, 'mail836178@test.com', 'Y909691206s', 'img01', '賈姿妤', '1997-05-11', 'G132210961', '女', '新北市金山區', 184, 57, '射手座', 'B', '有', '小酌', '博士', '醫學美容', '也可保健避免什麼黑', '0911673547', '2023-05-12 16:19:59'),
(882, 'mail531499@test.com', 'J408035185l', 'img01', '畢奕翔', '1989-11-27', 'D180214745', '女', '新北市深坑區', 169, 69, '雙魚座', 'A', '無', '酒豪', '學士', '船上作業人員', '站內死了機會', '0911888127', '2023-05-12 16:19:59'),
(883, 'mail462014@test.com', 'O928928267f', 'img01', '李柏諺', '1987-03-16', 'X115541211', '女', '新北市土城區', 191, 99, '牡羊座', 'O', '有', '滴酒不沾', '博士', '艙面部船員', '發現其中疾病編輯通過級別太多律師寶寶比如', '0911253400', '2023-05-12 16:19:59'),
(884, 'mail389466@test.com', 'Y231308733u', 'img01', '趙昱安', '1995-10-18', 'H165233372', '男', '基隆市中正區', 153, 73, '巨蟹座', 'B', '有', '滴酒不沾', '國小', '建築師', '發現其中疾病編輯通過級別太多律師寶寶比如', '0911193363', '2023-05-12 16:19:59'),
(885, 'mail710251@test.com', 'S323756582m', 'img01', '駱俞安', '1986-12-25', 'N179577286', '女', '新北市中和區', 194, 90, '金牛座', 'A', '有', '酒豪', '國中', '律師', '上午日誌一位會計本人第一個人類靜靜', '0911766252', '2023-05-12 16:19:59'),
(886, 'mail714623@test.com', 'Z895100881v', 'img01', '辜柏凱', '1991-12-19', 'T290142383', '女', '臺北市內湖區', 199, 43, '處女座', 'B', '無', '酒豪', '國中', '空服人員', '生命移動', '0911355224', '2023-05-12 16:19:59'),
(887, 'mail249064@test.com', 'X874056406q', 'img01', '白宸瑋', '1995-07-03', 'D169627570', '男', '臺北市大安區', 189, 77, '巨蟹座', 'AB', '無', '酒豪', '國中', '護理長', '公開固定水晶', '0911458117', '2023-05-12 16:19:59'),
(888, 'mail746399@test.com', 'T959053643w', 'img01', '段柏勳', '1989-09-14', 'Q168314975', '男', '基隆市安樂區', 173, 86, '雙魚座', 'O', '有', '小酌', '博士', '牙醫師', '公開固定水晶', '0911955276', '2023-05-12 16:19:59'),
(889, 'mail782558@test.com', 'M606605231s', 'img01', '邢柏均', '1994-01-30', 'E279339488', '男', '臺北市士林區', 194, 97, '射手座', 'B', '無', '小酌', '學士', '建築師', '幾天肯定先後焦點既然和他熱情主機邀請搜尋引擎面前，女性建材什麼', '0911145607', '2023-05-12 16:19:59'),
(890, 'mail388030@test.com', 'B439227239x', 'img01', '祁宥任', '1996-04-22', 'J266528192', '女', '新北市林口區', 160, 87, '天蠍座', 'A', '有', '小酌', '碩士', 'IC設計工程師', '發現其中疾病編輯通過級別太多律師寶寶比如', '0911721963', '2023-05-12 16:19:59'),
(891, 'mail525099@test.com', 'R449054577z', 'img01', '吳雅婷', '1993-06-08', 'N158306796', '女', '臺北市士林區', 180, 46, '金牛座', 'B', '有', '小酌', '高中', '數位IC設計工程師', '站內死了機會', '0911993183', '2023-05-12 16:19:59'),
(892, 'mail736156@test.com', 'N125219441f', 'img01', '翁郁婷', '1992-03-05', 'K149630267', '女', '臺北市士林區', 198, 62, '牡羊座', 'O', '無', '酒豪', '學士', '艙面部船員', '發現其中疾病編輯通過級別太多律師寶寶比如', '0911809952', '2023-05-12 16:19:59'),
(893, 'mail283115@test.com', 'Q351689522y', 'img01', '崔怡婷', '1994-05-07', 'S246541247', '女', '新北市石門區', 182, 65, '射手座', 'B', '無', '滴酒不沾', '國小', '醫師', '站內死了機會', '0911964282', '2023-05-12 16:19:59'),
(894, 'mail906233@test.com', 'P399929769b', 'img01', '饒詩婷', '1987-04-25', 'N211155936', '女', '新北市淡水區', 171, 88, '雙子座', 'A', '無', '小酌', '國小', '醫師', '站內死了機會', '0911338004', '2023-05-12 16:19:59'),
(895, 'mail115079@test.com', 'F990173986i', 'img01', '段子芸', '1985-06-05', 'T135636122', '女', '新北市五股區', 160, 48, '水瓶座', 'A', '無', '酒豪', '博士', '艙面部船員', '公開固定水晶', '0911928161', '2023-05-12 16:19:59'),
(896, 'mail732179@test.com', 'E741918832f', 'img01', '宋子萱', '1988-01-22', 'J199532114', '女', '新北市新店區', 198, 55, '魔羯座', 'A', '無', '滴酒不沾', '博士', '牙醫師', '生命移動', '0911458482', '2023-05-12 16:19:59'),
(897, 'mail705451@test.com', 'Z855728997x', 'img01', '解昱廷', '1985-03-20', 'Z219364196', '女', '新北市萬里區', 197, 55, '處女座', 'B', '無', '滴酒不沾', '碩士', '系統分析師', '上午日誌一位會計本人第一個人類靜靜', '0911266606', '2023-05-12 16:19:59'),
(898, 'mail58082@test.com', 'U737519769d', 'img01', '喬柏丞', '1998-01-16', 'Q226222771', '男', '新北市林口區', 172, 63, '射手座', 'O', '有', '小酌', '博士', '醫學美容', '也可保健避免什麼黑', '0911296132', '2023-05-12 16:19:59'),
(899, 'mail470509@test.com', 'O673456245s', 'img01', '留宥辰', '1991-08-02', 'S124525668', '女', '新北市平溪區', 200, 46, '牡羊座', 'A', '有', '酒豪', '國小', '系統分析師', '上午日誌一位會計本人第一個人類靜靜', '0911285481', '2023-05-12 16:19:59'),
(900, 'mail313037@test.com', 'U730453168d', 'img01', '龐羽涵', '1999-02-06', 'D219376040', '男', '新北市蘆洲區', 200, 60, '金牛座', 'AB', '無', '滴酒不沾', '學士', '聯結車司機', '發現其中疾病編輯通過級別太多律師寶寶比如', '0911124061', '2023-05-12 16:19:59'),
(901, 'mail169660@test.com', 'T679186951t', 'img01', '卜子傑', '1990-06-04', 'Z259734662', '女', '新北市石門區', 154, 84, '獅子座', 'AB', '有', '小酌', '高中', '船上作業人員', '生命移動', '0911719183', '2023-05-12 16:19:59'),
(902, 'mail830619@test.com', 'T247864599r', 'img01', '管家妤', '1986-05-08', 'E293563542', '女', '新北市鶯歌區', 179, 67, '金牛座', 'AB', '有', '小酌', '碩士', '律師', '發現其中疾病編輯通過級別太多律師寶寶比如', '0911801607', '2023-05-12 16:19:59'),
(903, 'mail639538@test.com', 'X793212250r', 'img01', '買家豪', '1998-02-24', 'T112556786', '女', '臺北市內湖區', 191, 94, '處女座', 'O', '無', '小酌', '高中', '系統分析師', '生命移動', '0911697887', '2023-05-12 16:19:59'),
(904, 'mail845083@test.com', 'A149222585t', 'img01', '尤宇恩', '1986-06-28', 'K292615239', '女', '新北市五股區', 159, 55, '牡羊座', 'AB', '無', '酒豪', '高中', '中醫師', '發現其中疾病編輯通過級別太多律師寶寶比如', '0911207005', '2023-05-12 16:19:59'),
(905, 'mail589638@test.com', 'M242574441j', 'img01', '萬姿穎', '1990-08-24', 'W249777553', '女', '新北市淡水區', 188, 92, '魔羯座', 'A', '有', '酒豪', '學士', '船上作業人員', '幾天肯定先後焦點既然和他熱情主機邀請搜尋引擎面前，女性建材什麼', '0911734987', '2023-05-12 16:19:59'),
(906, 'mail532717@test.com', 'C172615737l', 'img01', '賴睿恩', '1997-01-17', 'A284123488', '女', '新北市三重區', 181, 61, '水瓶座', 'O', '有', '酒豪', '碩士', '牙醫師', '上午日誌一位會計本人第一個人類靜靜', '0911944334', '2023-05-12 16:19:59'),
(907, 'mail392332@test.com', 'T554219450a', 'img01', '苗承祐', '1988-03-10', 'W298797502', '女', '基隆市七堵區', 155, 49, '魔羯座', 'AB', '有', '小酌', '學士', '護理長', '上午日誌一位會計本人第一個人類靜靜', '0911106537', '2023-05-12 16:19:59'),
(908, 'mail154874@test.com', 'R612402822c', 'img01', '賈承勳', '1990-11-18', 'A181404535', '男', '新北市烏來區', 159, 62, '獅子座', 'O', '無', '酒豪', '國中', '船上作業人員', '幾天肯定先後焦點既然和他熱情主機邀請搜尋引擎面前，女性建材什麼', '0911538115', '2023-05-12 16:19:59'),
(909, 'mail213192@test.com', 'O657884790m', 'img01', '翁庭瑋', '1988-04-26', 'M256606570', '女', '新北市樹林區', 185, 89, '天蠍座', 'O', '有', '滴酒不沾', '學士', '建築師', '幾天肯定先後焦點既然和他熱情主機邀請搜尋引擎面前，女性建材什麼', '0911576465', '2023-05-12 16:19:59'),
(910, 'mail719113@test.com', 'W472198802j', 'img01', '祝柏宏', '1997-09-01', 'Y240025321', '女', '新北市新店區', 177, 76, '魔羯座', 'O', '無', '酒豪', '博士', '艙面部船員', '上午日誌一位會計本人第一個人類靜靜', '0911838711', '2023-05-12 16:19:59'),
(911, 'mail835441@test.com', 'I554415121d', 'img01', '蔡翊瑄', '1994-01-17', 'L150318452', '女', '新北市八里區', 150, 76, '水瓶座', 'A', '有', '酒豪', '學士', '建築師', '上午日誌一位會計本人第一個人類靜靜', '0911741955', '2023-05-12 16:19:59'),
(912, 'mail410233@test.com', 'L282325543q', 'img01', '周柏翰', '1995-11-07', 'P140788315', '女', '新北市金山區', 176, 97, '金牛座', 'AB', '無', '滴酒不沾', '國小', '聯結車司機', '也可保健避免什麼黑', '0911874693', '2023-05-12 16:19:59'),
(913, 'mail615679@test.com', 'E544209478c', 'img01', '易怡瑄', '1986-02-15', 'E210396800', '男', '新北市汐止區', 189, 53, '天秤座', 'A', '無', '滴酒不沾', '高中', '船上作業人員', '幾天肯定先後焦點既然和他熱情主機邀請搜尋引擎面前，女性建材什麼', '0911894429', '2023-05-12 16:19:59'),
(914, 'mail116003@test.com', 'O389129443f', 'img01', '巫宥霖', '1991-08-24', 'H162885555', '女', '臺北市萬華區', 198, 49, '處女座', 'A', '有', '小酌', '國小', '類比IC設計工程師', '生命移動', '0911318047', '2023-05-12 16:19:59'),
(915, 'mail359026@test.com', 'K237389496g', 'img01', '徐宣妤', '1993-06-26', 'C134010728', '女', '新北市淡水區', 180, 48, '天秤座', 'O', '無', '小酌', '學士', '艙面部船員', '生命移動', '0911883840', '2023-05-12 16:19:59'),
(916, 'mail948286@test.com', 'L246898740s', 'img01', '潘宥鈞', '1993-03-06', 'P249288153', '女', '新北市五股區', 154, 104, '天蠍座', 'O', '無', '小酌', '國中', '律師', '站內死了機會', '0911305149', '2023-05-12 16:19:59'),
(917, 'mail345485@test.com', 'J436177477x', 'img01', '許郁婷', '1987-01-11', 'F168241838', '男', '新北市土城區', 191, 109, '魔羯座', 'AB', '有', '小酌', '博士', '藥師輪機部船員', '發現其中疾病編輯通過級別太多律師寶寶比如', '0911941913', '2023-05-12 16:19:59'),
(918, 'mail839191@test.com', 'H239065711g', 'img01', '范芷瑄', '1985-10-29', 'F139474512', '男', '新北市永和區', 196, 72, '天秤座', 'B', '有', '滴酒不沾', '高中', '聯結車司機', '站內死了機會', '0911674181', '2023-05-12 16:19:59'),
(919, 'mail887683@test.com', 'U339807591e', 'img01', '桂湘婷', '1996-11-13', 'T272978866', '女', '基隆市信義區', 168, 63, '魔羯座', 'B', '有', '酒豪', '學士', '藥師輪機部船員', '發現其中疾病編輯通過級別太多律師寶寶比如', '0911984700', '2023-05-12 16:19:59'),
(920, 'mail633724@test.com', 'X395662352i', 'img01', '宗子軒', '1999-07-09', 'C153257068', '女', '基隆市安樂區', 191, 44, '獅子座', 'B', '無', '滴酒不沾', '碩士', '建築師', '公開固定水晶', '0911948045', '2023-05-12 16:19:59'),
(921, 'mail980663@test.com', 'E421618207t', 'img01', '周詠晴', '1992-10-19', 'D269837476', '男', '新北市板橋區', 173, 85, '水瓶座', 'A', '有', '滴酒不沾', '高中', '船上作業人員', '發現其中疾病編輯通過級別太多律師寶寶比如', '0911579076', '2023-05-12 16:19:59'),
(922, 'mail860640@test.com', 'H974457466z', 'img01', '牟芯瑜', '1986-02-03', 'B236804678', '女', '新北市新莊區', 166, 95, '水瓶座', 'B', '有', '小酌', '國中', '系統分析師', '幾天肯定先後焦點既然和他熱情主機邀請搜尋引擎面前，女性建材什麼', '0911808123', '2023-05-12 16:19:59'),
(923, 'mail827637@test.com', 'P166422211t', 'img01', '項佩珊', '1993-06-19', 'N117998666', '女', '新北市五股區', 161, 108, '雙魚座', 'AB', '有', '小酌', '學士', '藥師輪機部船員', '生命移動', '0911462344', '2023-05-12 16:19:59'),
(924, 'mail543453@test.com', 'F571788822w', 'img01', '倪佳欣', '1988-01-06', 'O266527228', '女', '基隆市信義區', 163, 101, '金牛座', 'O', '有', '酒豪', '國小', '藥師輪機部船員', '也可保健避免什麼黑', '0911577205', '2023-05-12 16:19:59'),
(925, 'mail473102@test.com', 'P328152304v', 'img01', '廖冠宇', '1990-06-26', 'C234038789', '女', '新北市林口區', 163, 53, '巨蟹座', 'AB', '無', '小酌', '學士', '類比IC設計工程師', '生命移動', '0911442597', '2023-05-12 16:19:59'),
(926, 'mail549639@test.com', 'X585172850o', 'img01', '葛佳蓉', '1999-01-30', 'X284249151', '女', '基隆市中正區', 159, 65, '水瓶座', 'B', '無', '小酌', '高中', '醫學美容', '上午日誌一位會計本人第一個人類靜靜', '0911901078', '2023-05-12 16:19:59'),
(927, 'mail93885@test.com', 'V465604182k', 'img01', '馬子瑄', '1987-10-26', 'V155549515', '女', '臺北市士林區', 200, 96, '雙魚座', 'AB', '有', '酒豪', '高中', '護理長', '也可保健避免什麼黑', '0911835533', '2023-05-12 16:19:59'),
(928, 'mail809128@test.com', 'M549101987b', 'img01', '湯品妤', '1986-02-24', 'E196164592', '女', '新北市五股區', 168, 100, '雙子座', 'A', '無', '滴酒不沾', '學士', '醫師', '也可保健避免什麼黑', '0911189796', '2023-05-12 16:19:59'),
(929, 'mail534620@test.com', 'M236815484g', 'img01', '戚芷涵', '1990-09-25', 'G242456253', '女', '基隆市信義區', 186, 102, '魔羯座', 'O', '無', '小酌', '學士', '律師', '站內死了機會', '0911581420', '2023-05-12 16:19:59'),
(930, 'mail259553@test.com', 'Q456463126z', 'img01', '趙珮慈', '1991-05-03', 'E135918078', '女', '新北市瑞芳區', 156, 64, '獅子座', 'AB', '無', '酒豪', '國中', '空服人員', '生命移動', '0911611968', '2023-05-12 16:19:59'),
(931, 'mail990181@test.com', 'U402767177x', 'img01', '萬冠霖', '1997-01-07', 'K126641276', '女', '臺北市文山區', 155, 56, '水瓶座', 'A', '無', '酒豪', '高中', 'IC設計工程師', '生命移動', '0911225202', '2023-05-12 16:19:59'),
(932, 'mail399472@test.com', 'Q963024222p', 'img01', '苗欣怡', '1995-02-02', 'N226311003', '男', '基隆市中山區', 186, 75, '牡羊座', 'B', '有', '酒豪', '碩士', '數位IC設計工程師', '公開固定水晶', '0911656549', '2023-05-12 16:19:59'),
(933, 'mail655597@test.com', 'H284682016v', 'img01', '侯詩晴', '1999-08-12', 'F195759756', '女', '基隆市中正區', 191, 82, '處女座', 'AB', '有', '滴酒不沾', '博士', '藥師輪機部船員', '公開固定水晶', '0911334333', '2023-05-12 16:19:59'),
(934, 'mail401077@test.com', 'M675047666k', 'img01', '繆湘婷', '1988-01-12', 'R229862621', '男', '臺北市大同區', 199, 41, '牡羊座', 'B', '有', '滴酒不沾', '博士', '空服人員', '公開固定水晶', '0911655203', '2023-05-12 16:19:59'),
(935, 'mail142577@test.com', 'Q389566208u', 'img01', '汪芯瑜', '1998-12-18', 'K184326271', '女', '臺北市大同區', 163, 92, '魔羯座', 'O', '無', '酒豪', '博士', '數位IC設計工程師', '幾天肯定先後焦點既然和他熱情主機邀請搜尋引擎面前，女性建材什麼', '0911190124', '2023-05-12 16:19:59'),
(936, 'mail855661@test.com', 'L411541733q', 'img01', '于雅雯', '1994-06-16', 'L165801230', '男', '新北市樹林區', 151, 40, '射手座', 'A', '無', '小酌', '國小', '牙醫師', '幾天肯定先後焦點既然和他熱情主機邀請搜尋引擎面前，女性建材什麼', '0911399997', '2023-05-12 16:19:59'),
(937, 'mail374758@test.com', 'X894977941x', 'img01', '瞿育萱', '1989-06-22', 'L168214467', '男', '基隆市中正區', 180, 51, '巨蟹座', 'A', '有', '滴酒不沾', '學士', '藝術總監', '生命移動', '0911169247', '2023-05-12 16:19:59'),
(938, 'mail26897@test.com', 'T478084351r', 'img01', '利家豪', '1988-08-12', 'E172984667', '男', '基隆市信義區', 158, 55, '雙子座', 'A', '無', '小酌', '國小', '護理長', '站內死了機會', '0911386598', '2023-05-12 16:19:59'),
(939, 'mail496166@test.com', 'O179472138t', 'img01', '于奕廷', '1988-06-13', 'E134795530', '女', '臺北市內湖區', 165, 57, '金牛座', 'B', '無', '小酌', '國中', '船上作業人員', '生命移動', '0911745915', '2023-05-12 16:19:59'),
(940, 'mail478786@test.com', 'B158854539b', 'img01', '裴承翰', '1994-10-11', 'J211034602', '女', '新北市金山區', 169, 47, '天秤座', 'O', '無', '酒豪', '碩士', '建築師', '站內死了機會', '0911765167', '2023-05-12 16:19:59'),
(941, 'mail358678@test.com', 'C419106789k', 'img01', '商哲瑋', '1986-06-21', 'W131590124', '男', '新北市八里區', 150, 41, '獅子座', 'O', '無', '小酌', '學士', '數位IC設計工程師', '發現其中疾病編輯通過級別太多律師寶寶比如', '0911371258', '2023-05-12 16:19:59'),
(942, 'mail410598@test.com', 'K998465117n', 'img01', '尚家銘', '1985-06-10', 'D245994568', '女', '新北市三重區', 180, 107, '牡羊座', 'B', '無', '滴酒不沾', '碩士', '艙面部船員', '上午日誌一位會計本人第一個人類靜靜', '0911851481', '2023-05-12 16:19:59'),
(943, 'mail974977@test.com', 'A156725625w', 'img01', '聶雅築', '1985-06-03', 'R172563167', '男', '臺北市士林區', 179, 76, '雙子座', 'AB', '有', '滴酒不沾', '國中', '麻醉醫師', '也可保健避免什麼黑', '0911957286', '2023-05-12 16:19:59'),
(944, 'mail309402@test.com', 'K895097865y', 'img01', '魯佳妤', '1992-02-27', 'V221384427', '男', '基隆市中山區', 170, 60, '水瓶座', 'A', '無', '滴酒不沾', '高中', '飛行機師', '也可保健避免什麼黑', '0911803201', '2023-05-12 16:19:59'),
(945, 'mail758942@test.com', 'M728653209x', 'img01', '桂柏宇', '1990-06-03', 'I217347763', '男', '基隆市信義區', 193, 42, '水瓶座', 'A', '有', '滴酒不沾', '國中', 'IC設計工程師', '公開固定水晶', '0911573329', '2023-05-12 16:19:59'),
(946, 'mail552257@test.com', 'Q887664103k', 'img01', '粘郁涵', '1988-06-09', 'B294880484', '女', '新北市雙溪區', 189, 68, '巨蟹座', 'A', '有', '滴酒不沾', '碩士', '牙醫師', '幾天肯定先後焦點既然和他熱情主機邀請搜尋引擎面前，女性建材什麼', '0911480962', '2023-05-12 16:19:59'),
(947, 'mail973137@test.com', 'F608843966o', 'img01', '力宇辰', '1990-01-19', 'G298284419', '女', '新北市樹林區', 191, 64, '獅子座', 'AB', '有', '滴酒不沾', '博士', '牙醫師', '公開固定水晶', '0911871257', '2023-05-12 16:19:59'),
(948, 'mail608527@test.com', 'J800264798b', 'img01', '薛柏辰', '1990-04-03', 'G120587493', '女', '臺北市內湖區', 170, 55, '金牛座', 'AB', '無', '小酌', '高中', '空服人員', '生命移動', '0911664902', '2023-05-12 16:19:59'),
(949, 'mail838082@test.com', 'Y953496542m', 'img01', '饒珮慈', '1989-07-11', 'A238600818', '女', '新北市永和區', 158, 44, '水瓶座', 'A', '有', '酒豪', '學士', '艙面部船員', '生命移動', '0911156570', '2023-05-12 16:19:59'),
(950, 'mail575776@test.com', 'K948941616j', 'img01', '單冠佑', '1991-03-17', 'D170418953', '女', '新北市金山區', 154, 76, '金牛座', 'O', '有', '小酌', '博士', '醫師', '生命移動', '0911642227', '2023-05-12 16:19:59'),
(951, 'mail951972@test.com', 'P790757544y', 'img01', '駱佳臻', '1996-05-29', 'N242616837', '女', '新北市永和區', 199, 60, '雙魚座', 'O', '有', '滴酒不沾', '國小', '建築師', '發現其中疾病編輯通過級別太多律師寶寶比如', '0911384713', '2023-05-12 16:19:59'),
(952, 'mail385634@test.com', 'O892821037k', 'img01', '彭承佑', '1998-10-22', 'Z162883268', '女', '新北市坪林區', 196, 109, '巨蟹座', 'O', '無', '酒豪', '國小', '飛行機師', '站內死了機會', '0911616834', '2023-05-12 16:19:59'),
(953, 'mail892259@test.com', 'Z986957263y', 'img01', '葛冠廷', '1994-02-07', 'P251725781', '女', '新北市樹林區', 165, 67, '天蠍座', 'A', '有', '滴酒不沾', '國小', '藝術總監', '幾天肯定先後焦點既然和他熱情主機邀請搜尋引擎面前，女性建材什麼', '0911240895', '2023-05-12 16:19:59'),
(954, 'mail785370@test.com', 'Y472812222g', 'img01', '幸柏安', '1989-08-03', 'Q176116039', '女', '臺北市北投區', 166, 90, '水瓶座', 'A', '有', '酒豪', '國中', '數位IC設計工程師', '也可保健避免什麼黑', '0911438549', '2023-05-12 16:19:59'),
(955, 'mail829186@test.com', 'Z425745255g', 'img01', '柯柏諺', '1986-06-08', 'P229280183', '女', '新北市林口區', 190, 77, '天蠍座', 'B', '有', '酒豪', '國中', '飛行機師', '發現其中疾病編輯通過級別太多律師寶寶比如', '0911858532', '2023-05-12 16:19:59'),
(956, 'mail711111@test.com', 'D371364520b', 'img01', '瞿柏宇', '1986-10-26', 'G240418398', '男', '基隆市安樂區', 182, 78, '處女座', 'AB', '有', '滴酒不沾', '高中', '醫學美容', '公開固定水晶', '0911156355', '2023-05-12 16:19:59'),
(957, 'mail151366@test.com', 'Z847109104u', 'img01', '張俊傑', '1999-06-05', 'K268351828', '男', '新北市淡水區', 152, 88, '處女座', 'O', '有', '酒豪', '碩士', '護理長', '上午日誌一位會計本人第一個人類靜靜', '0911184772', '2023-05-12 16:19:59'),
(958, 'mail480550@test.com', 'W335475827a', 'img01', '易佳穎', '1994-03-06', 'J251186225', '男', '基隆市信義區', 166, 62, '射手座', 'AB', '有', '滴酒不沾', '高中', 'IC設計工程師', '站內死了機會', '0911199374', '2023-05-12 16:19:59'),
(959, 'mail43748@test.com', 'D736254050c', 'img01', '牟品蓁', '1997-05-22', 'G273037023', '女', '基隆市安樂區', 193, 90, '魔羯座', 'AB', '無', '酒豪', '學士', '船上作業人員', '站內死了機會', '0911331879', '2023-05-12 16:19:59'),
(960, 'mail17435@test.com', 'B398175762l', 'img01', '丁雅琪', '1988-02-18', 'C197600335', '男', '新北市三重區', 165, 62, '水瓶座', 'A', '無', '滴酒不沾', '博士', '牙醫師', '站內死了機會', '0911528824', '2023-05-12 16:19:59'),
(961, 'mail782936@test.com', 'P234855478l', 'img01', '倪姿妤', '1999-01-07', 'G217744264', '女', '基隆市七堵區', 168, 53, '處女座', 'AB', '無', '酒豪', '國中', '飛行機師', '幾天肯定先後焦點既然和他熱情主機邀請搜尋引擎面前，女性建材什麼', '0911419410', '2023-05-12 16:19:59'),
(962, 'mail132293@test.com', 'R132305216d', 'img01', '瞿宜庭', '1985-08-15', 'S186467323', '男', '基隆市中正區', 192, 94, '處女座', 'A', '有', '酒豪', '博士', '艙面部船員', '公開固定水晶', '0911622048', '2023-05-12 16:19:59'),
(963, 'mail365684@test.com', 'K242213809d', 'img01', '韓芷涵', '1995-03-09', 'V122230095', '女', '臺北市信義區', 175, 42, '雙魚座', 'B', '無', '滴酒不沾', '博士', '藝術總監', '公開固定水晶', '0911228574', '2023-05-12 16:19:59'),
(964, 'mail652133@test.com', 'Z935264237u', 'img01', '姜禹彤', '1986-11-08', 'I146904231', '女', '新北市烏來區', 154, 108, '天秤座', 'A', '無', '酒豪', '學士', '空服人員', '公開固定水晶', '0911542488', '2023-05-12 16:19:59'),
(965, 'mail942559@test.com', 'Q669533886n', 'img01', '包柏勳', '1989-06-26', 'R210582587', '女', '臺北市士林區', 179, 102, '雙魚座', 'B', '無', '小酌', '國中', 'IC設計工程師', '上午日誌一位會計本人第一個人類靜靜', '0911700191', '2023-05-12 16:19:59'),
(966, 'mail89115@test.com', 'Z602896993b', 'img01', '尹品妤', '1988-12-31', 'D111458567', '女', '基隆市信義區', 187, 108, '射手座', 'O', '有', '酒豪', '學士', 'IC設計工程師', '生命移動', '0911373763', '2023-05-12 16:19:59'),
(967, 'mail237895@test.com', 'J327940215e', 'img01', '侯睿恩', '1993-07-31', 'N299243979', '女', '新北市林口區', 169, 55, '雙魚座', 'B', '有', '小酌', '國中', 'IC設計工程師', '站內死了機會', '0911274417', '2023-05-12 16:19:59'),
(968, 'mail318662@test.com', 'Z846124639d', 'img01', '譚昱翔', '1987-02-27', 'D276030647', '男', '臺北市松山區', 162, 55, '雙魚座', 'O', '有', '酒豪', '國小', 'IC設計工程師', '發現其中疾病編輯通過級別太多律師寶寶比如', '0911756509', '2023-05-12 16:19:59'),
(969, 'mail734919@test.com', 'R327182444n', 'img01', '汪佩珊', '1997-02-13', 'I199410972', '女', '基隆市中正區', 167, 84, '巨蟹座', 'B', '無', '小酌', '國小', 'IC設計工程師', '站內死了機會', '0911946202', '2023-05-12 16:19:59'),
(970, 'mail255944@test.com', 'J183682448c', 'img01', '韋宥丞', '1997-11-18', 'H196529524', '女', '臺北市南港區', 180, 102, '天秤座', 'B', '有', '酒豪', '高中', '護理長', '公開固定水晶', '0911579699', '2023-05-12 16:19:59'),
(971, 'mail734289@test.com', 'I723927384z', 'img01', '鍾彥廷', '1994-07-21', 'I124459774', '女', '新北市板橋區', 179, 83, '牡羊座', 'O', '無', '酒豪', '國中', '建築師', '也可保健避免什麼黑', '0911677704', '2023-05-12 16:19:59'),
(972, 'mail533325@test.com', 'Z417910815b', 'img01', '官昱安', '1997-06-05', 'S123795005', '男', '新北市雙溪區', 164, 42, '金牛座', 'AB', '有', '滴酒不沾', '學士', '船上作業人員', '也可保健避免什麼黑', '0911499308', '2023-05-12 16:19:59'),
(973, 'mail180383@test.com', 'D845304195m', 'img01', '向柏凱', '1999-08-12', 'A137629973', '女', '新北市三重區', 186, 79, '雙子座', 'B', '無', '滴酒不沾', '國小', '醫學美容', '生命移動', '0911299328', '2023-05-12 16:19:59'),
(974, 'mail393342@test.com', 'H426837179v', 'img01', '辛佳蓁', '1994-05-06', 'J157775979', '女', '臺北市信義區', 184, 80, '雙魚座', 'B', '有', '滴酒不沾', '碩士', '律師', '站內死了機會', '0911311759', '2023-05-12 16:19:59'),
(975, 'mail317558@test.com', 'J508157176s', 'img01', '蔣宥蓁', '1999-06-14', 'Y277999755', '女', '新北市五股區', 188, 69, '處女座', 'A', '有', '酒豪', '碩士', '醫師', '站內死了機會', '0911286426', '2023-05-12 16:19:59');
INSERT INTO `member` (`member_id`, `email`, `password`, `images`, `member_name`, `member_birth`, `id_number`, `gender`, `location`, `height`, `weight`, `zodiac`, `bloodtype`, `smoke`, `alchohol`, `education_level`, `job`, `profile`, `mobile`, `create_at`) VALUES
(976, 'mail229571@test.com', 'Y469903264n', 'img01', '官子萱', '1990-07-20', 'P168500704', '男', '新北市烏來區', 163, 79, '金牛座', 'O', '有', '酒豪', '高中', '聯結車司機', '上午日誌一位會計本人第一個人類靜靜', '0911477911', '2023-05-12 16:19:59'),
(977, 'mail264016@test.com', 'U262303815y', 'img01', '胡冠傑', '1988-12-13', 'N118738825', '女', '基隆市中山區', 190, 56, '雙子座', 'AB', '無', '滴酒不沾', '高中', '船上作業人員', '生命移動', '0911916880', '2023-05-12 16:19:59'),
(978, 'mail935156@test.com', 'E815760919r', 'img01', '繆奕翔', '1991-03-17', 'L270527536', '女', '新北市板橋區', 194, 52, '牡羊座', 'O', '有', '滴酒不沾', '國小', '類比IC設計工程師', '上午日誌一位會計本人第一個人類靜靜', '0911651000', '2023-05-12 16:19:59'),
(979, 'mail670376@test.com', 'U908033546n', 'img01', '刁博鈞', '1997-04-08', 'N227923229', '女', '新北市新莊區', 200, 66, '雙子座', 'A', '有', '小酌', '國小', '系統分析師', '也可保健避免什麼黑', '0911122128', '2023-05-12 16:19:59'),
(980, 'mail567080@test.com', 'M644697696q', 'img01', '范羽彤', '1994-10-08', 'Y121799223', '女', '新北市新店區', 188, 52, '魔羯座', 'O', '有', '酒豪', '國中', '聯結車司機', '發現其中疾病編輯通過級別太多律師寶寶比如', '0911557266', '2023-05-12 16:19:59'),
(981, 'mail318747@test.com', 'E717399377j', 'img01', '聶宥丞', '1996-05-23', 'F269705570', '男', '基隆市仁愛區', 164, 63, '金牛座', 'AB', '無', '小酌', '國小', '中醫師', '幾天肯定先後焦點既然和他熱情主機邀請搜尋引擎面前，女性建材什麼', '0911574404', '2023-05-12 16:19:59'),
(982, 'mail925694@test.com', 'S895000121w', 'img01', '章冠穎', '1988-05-19', 'R248258438', '男', '新北市淡水區', 160, 51, '處女座', 'AB', '有', '小酌', '碩士', '藝術總監', '發現其中疾病編輯通過級別太多律師寶寶比如', '0911275422', '2023-05-12 16:19:59'),
(983, 'mail734434@test.com', 'M892229363o', 'img01', '章凱傑', '1987-03-22', 'H162628871', '女', '新北市新店區', 169, 93, '巨蟹座', 'AB', '有', '滴酒不沾', '博士', '船上作業人員', '也可保健避免什麼黑', '0911544246', '2023-05-12 16:19:59'),
(984, 'mail803595@test.com', 'G219746760u', 'img01', '毛禹彤', '1988-09-03', 'N142678751', '女', '新北市蘆洲區', 178, 80, '雙魚座', 'A', '無', '小酌', '學士', '藥師輪機部船員', '上午日誌一位會計本人第一個人類靜靜', '0911873890', '2023-05-12 16:19:59'),
(985, 'mail336269@test.com', 'M564455893d', 'img01', '尚子瑜', '1994-05-31', 'Q299063683', '男', '基隆市信義區', 165, 52, '水瓶座', 'AB', '無', '小酌', '高中', '艙面部船員', '站內死了機會', '0911429178', '2023-05-12 16:19:59'),
(986, 'mail94215@test.com', 'H753641361y', 'img01', '衛智凱', '1999-09-21', 'A140142032', '男', '新北市雙溪區', 198, 108, '處女座', 'B', '無', '小酌', '國小', '飛行機師', '也可保健避免什麼黑', '0911247155', '2023-05-12 16:19:59'),
(987, 'mail914948@test.com', 'E100640790e', 'img01', '許品睿', '1996-09-20', 'S297874194', '女', '新北市萬里區', 153, 94, '雙子座', 'A', '有', '滴酒不沾', '碩士', '船上作業人員', '發現其中疾病編輯通過級別太多律師寶寶比如', '0911814299', '2023-05-12 16:19:59'),
(988, 'mail695594@test.com', 'H449589093r', 'img01', '夏俊傑', '1997-03-24', 'W235217723', '男', '臺北市內湖區', 188, 64, '水瓶座', 'O', '無', '滴酒不沾', '碩士', '醫師', '站內死了機會', '0911419223', '2023-05-12 16:19:59'),
(989, 'mail651771@test.com', 'N329565269z', 'img01', '崔沛璇', '1989-05-15', 'E276938255', '男', '新北市貢寮區', 173, 42, '水瓶座', 'AB', '無', '滴酒不沾', '博士', '麻醉醫師', '幾天肯定先後焦點既然和他熱情主機邀請搜尋引擎面前，女性建材什麼', '0911439873', '2023-05-12 16:19:59'),
(990, 'mail96449@test.com', 'H165742404r', 'img01', '何奕安', '1988-07-11', 'E115725119', '男', '新北市烏來區', 186, 100, '水瓶座', 'AB', '有', '滴酒不沾', '博士', '麻醉醫師', '發現其中疾病編輯通過級別太多律師寶寶比如', '0911687475', '2023-05-12 16:19:59'),
(991, 'mail613582@test.com', 'B954086210u', 'img01', '宋芯瑜', '1992-10-10', 'O214519357', '女', '新北市石碇區', 181, 58, '雙子座', 'B', '無', '酒豪', '學士', '麻醉醫師', '發現其中疾病編輯通過級別太多律師寶寶比如', '0911229700', '2023-05-12 16:19:59'),
(992, 'mail879282@test.com', 'I821121617g', 'img01', '阮俊凱', '1986-03-13', 'Q194168578', '男', '臺北市內湖區', 196, 84, '雙子座', 'O', '無', '滴酒不沾', '博士', '空服人員', '幾天肯定先後焦點既然和他熱情主機邀請搜尋引擎面前，女性建材什麼', '0911635460', '2023-05-12 16:19:59'),
(993, 'mail227215@test.com', 'D958418744c', 'img01', '葉庭萱', '1999-07-15', 'G112974541', '男', '臺北市大同區', 184, 90, '巨蟹座', 'A', '無', '酒豪', '博士', '數位IC設計工程師', '也可保健避免什麼黑', '0911159710', '2023-05-12 16:19:59'),
(994, 'mail836233@test.com', 'D139585799a', 'img01', '彭怡婷', '1985-10-17', 'F222916647', '男', '臺北市中山區', 193, 94, '天秤座', 'O', '有', '小酌', '博士', '藝術總監', '公開固定水晶', '0911201458', '2023-05-12 16:19:59'),
(995, 'mail266651@test.com', 'B953478104n', 'img01', '力思涵', '1997-10-06', 'L235347826', '女', '新北市樹林區', 199, 57, '雙子座', 'A', '有', '酒豪', '學士', '護理長', '站內死了機會', '0911405142', '2023-05-12 16:19:59'),
(996, 'mail874402@test.com', 'C456393073u', 'img01', '歐陽佳臻', '1990-06-22', 'U299970721', '女', '基隆市暖暖區', 185, 110, '巨蟹座', 'B', '有', '滴酒不沾', '國中', '艙面部船員', '發現其中疾病編輯通過級別太多律師寶寶比如', '0911948789', '2023-05-12 16:19:59'),
(997, 'mail919984@test.com', 'M688411211o', 'img01', '金子豪', '1989-04-24', 'G192776381', '男', '新北市永和區', 183, 98, '魔羯座', 'B', '有', '滴酒不沾', '國小', '艙面部船員', '站內死了機會', '0911397857', '2023-05-12 16:19:59'),
(998, 'mail229331@test.com', 'Y582259426d', 'img01', '馬宇翔', '1997-04-04', 'F151802039', '女', '新北市土城區', 195, 103, '巨蟹座', 'O', '有', '酒豪', '國中', '空服人員', '幾天肯定先後焦點既然和他熱情主機邀請搜尋引擎面前，女性建材什麼', '0911968124', '2023-05-12 16:19:59'),
(999, 'mail701208@test.com', 'E441772022z', 'img01', '池姿穎', '1995-06-22', 'H169341957', '男', '新北市蘆洲區', 170, 71, '雙子座', 'AB', '無', '酒豪', '博士', 'IC設計工程師', '生命移動', '0911494817', '2023-05-12 16:19:59'),
(1000, 'mail964353@test.com', 'O680787615i', 'img01', '巫沛璇', '1985-08-11', 'K277138492', '女', '新北市蘆洲區', 176, 60, '天秤座', 'B', '有', '滴酒不沾', '國小', '空服人員', '生命移動', '0911279323', '2023-05-12 16:19:59'),
(1002, '60801009e@gapps.ntnu.edu.tw', '', '3', 'etyty', '2023-05-03', 'etety', 'ey', 'ey', 1, 1, 'hhdf', '1', 'gfh', 'h', 'g', 'g', '5', 'g', '2023-05-16 17:41:49');

-- --------------------------------------------------------

--
-- 資料表結構 `offcial_itinerary`
--

CREATE TABLE `offcial_itinerary` (
  `id` int(11) NOT NULL,
  `name` varchar(100) NOT NULL,
  `email` varchar(100) NOT NULL
) ENGINE=InnoDB DEFAULT CHARSET=utf8;

--
-- 傾印資料表的資料 `offcial_itinerary`
--

INSERT INTO `offcial_itinerary` (`id`, `name`, `email`) VALUES
(1, 'tsao', 'yo860107@gmail.com');

-- --------------------------------------------------------

--
-- 資料表結構 `order`
--

CREATE TABLE `order` (
  `sid` int(11) NOT NULL,
  `會員ID` int(11) NOT NULL,
  `行程ID` int(11) NOT NULL,
  `人數` int(11) NOT NULL
) ENGINE=InnoDB DEFAULT CHARSET=utf8;

--
-- 傾印資料表的資料 `order`
--

INSERT INTO `order` (`sid`, `會員ID`, `行程ID`, `人數`) VALUES
(2, 2, 2, 3);

-- --------------------------------------------------------

--
-- 資料表結構 `orders`
--

CREATE TABLE `orders` (
  `order_id` int(11) NOT NULL,
  `member_id` int(11) NOT NULL,
  `receiver_name` varchar(20) NOT NULL,
  `receiver_gender` varchar(10) NOT NULL,
  `receiver_address` varchar(255) NOT NULL,
  `receiver_email` varchar(255) NOT NULL,
  `receiver_tel` varchar(255) NOT NULL,
  `order_note` varchar(255) DEFAULT NULL,
  `order_total` decimal(10,2) NOT NULL,
  `order_time` datetime NOT NULL,
  `ad` tinyint(1) NOT NULL,
  `order_complete` tinyint(1) NOT NULL,
  `complete_time` datetime DEFAULT NULL,
  `order_status` varchar(11) NOT NULL
) ENGINE=InnoDB DEFAULT CHARSET=utf8;

--
-- 傾印資料表的資料 `orders`
--

INSERT INTO `orders` (`order_id`, `member_id`, `receiver_name`, `receiver_gender`, `receiver_address`, `receiver_email`, `receiver_tel`, `order_note`, `order_total`, `order_time`, `ad`, `order_complete`, `complete_time`, `order_status`) VALUES
(1, 1, '龎哲宇', '先生', '基隆市七堵區', 'mail739856@test.com', '0911506206', '交由管理員', '600.00', '2023-05-19 02:38:59', 1, 0, '2023-05-19 02:39:18', '已完成'),
(2, 8, '秦昱凱', '小姐', '臺北市中正區', 'mail426212@test.com', '0911482140', '阿咪陀佛', '450.00', '2023-05-19 02:41:18', 1, 0, NULL, '已取消'),
(3, 17, '何昱翔', '小姐', '新北市泰山區', 'mail354332@test.com', '0911217083', '！', '3798.00', '2023-05-19 10:16:43', 1, 0, NULL, '訂單成立');

-- --------------------------------------------------------

--
-- 資料表結構 `orders_items`
--

CREATE TABLE `orders_items` (
  `order_id` int(11) NOT NULL,
  `product_id` int(11) NOT NULL,
  `product_num` int(11) NOT NULL
) ENGINE=InnoDB DEFAULT CHARSET=utf8;

--
-- 傾印資料表的資料 `orders_items`
--

INSERT INTO `orders_items` (`order_id`, `product_id`, `product_num`) VALUES
(1, 13, 2),
(2, 2, 2),
(2, 9, 10),
(3, 13, 12),
(3, 4, 2),
(4, 11, 1),
(4, 2, 55);

-- --------------------------------------------------------

--
-- 資料表結構 `products`
--

CREATE TABLE `products` (
  `product_id` int(11) NOT NULL,
  `product_name` varchar(255) NOT NULL,
  `product_price` decimal(10,2) NOT NULL,
  `product_brief` varchar(255) NOT NULL,
  `product_category` varchar(255) NOT NULL,
  `product_launch` datetime NOT NULL,
  `product_discon` datetime NOT NULL,
  `product_main_img` varchar(255) NOT NULL,
  `product_description` text NOT NULL,
  `product_post` varchar(20) NOT NULL,
  `product_update` datetime NOT NULL,
  `product_upload` date NOT NULL
) ENGINE=InnoDB DEFAULT CHARSET=utf8;

--
-- 傾印資料表的資料 `products`
--

INSERT INTO `products` (`product_id`, `product_name`, `product_price`, `product_brief`, `product_category`, `product_launch`, `product_discon`, `product_main_img`, `product_description`, `product_post`, `product_update`, `product_upload`) VALUES
(1, '冒險之旅鑰匙扣', '100.00', '跟旅伴發動剛偷來機車的神奇鑰匙', '旅行', '2023-05-18 18:04:00', '2023-05-27 02:06:00', '0898e3d4d06df7bbdf204a18300dad29a6ee0cdc.jpg', '看起來舊舊阿罵的鑰匙', 'oldkey', '2023-05-19 10:13:58', '2023-05-19'),
(2, '友誼地圖杯墊', '125.00', '旅行放假牙的杯墊', '旅行', '2023-05-18 18:08:00', '2023-05-27 02:09:00', '042baa71089ba1ae4d11644d342574b0a2489317.jpg', '大杯墊', 'baidein', '2023-05-19 02:10:33', '2023-05-19'),
(3, '友誼手機殼', '1200.00', '賺你錢的手機殼', '品牌周邊', '2023-05-18 18:14:00', '2023-05-20 02:14:00', '20d5a2298a9234d2a24700c4ba48f7367aa1747d.jpg', '超強手機殼超強手機殼超強手機殼超強手機殼超強手機殼超強手機殼超強手機殼超強手機殼超強手機殼超強手機殼超強手機殼超強手機殼超強手機殼超強手機殼超強手機殼超強手機殼超強手機殼超強手機殼超強手機殼超強手機殼超強手機殼超強手機殼超強手機殼', 'coolphonecase', '2023-05-19 02:28:48', '2023-05-19'),
(4, '探索旅行筆記本', '99.00', '抄旅途美食小抄的筆記本', '禮物', '2023-05-19 18:19:00', '2023-06-22 02:20:00', '82b474e916504020166becccbd79a82b25aafeea.jpg', '筆記本超超超', 'book', '2023-05-19 10:19:05', '2023-05-19'),
(5, '品牌旅行迷你相機', '10.00', '留下快樂回憶！', '品牌周邊', '2023-05-20 18:22:00', '2023-05-29 02:22:00', '4df93468af44c5477c1cbd2ea5721fb4e03620c9.jpg', '超強皮超強配件付發票', '123', '2023-05-19 10:18:26', '2023-05-19'),
(6, '地圖手鍊', '99.00', '愛之手鍊', '品牌周邊', '2023-05-18 18:24:00', '2023-05-27 02:24:00', '', '缺貨中，需等待100天才可出貨，柬埔寨進口手工地圖手鍊', 'chain', '2023-05-19 02:25:32', '2023-05-19'),
(7, '山-溫泉大飯店早餐券', '2000.00', '陽明山五星級！', '超值票券', '2023-05-18 18:25:00', '2023-05-27 02:26:00', '', 'XXX飯店，地址為台北市XX區XX路，用餐時段為中午12:00到下午18:00，不可轉贈', 'ticket', '2023-05-19 10:12:13', '2023-05-19'),
(8, '健康補給飲料', '20.00', '旅行中補充體力', '外出小點', '2023-05-18 18:27:00', '2023-05-27 02:28:00', '', '超好喝的超好喝的超好喝的超好喝的超好喝的超好喝的超好喝的超好喝的超好喝的超好喝的超好喝的超好喝的超好喝的超好喝的超好喝的超好喝的超好喝的超好喝的超好喝的超好喝的超好喝的超好喝的', 'drink', '2023-05-19 02:28:28', '2023-05-19'),
(9, '旅行小車車', '20.00', '老天保佑', '品牌周邊', '2023-05-18 18:29:00', '2023-05-27 02:29:00', '8b3d94056dd3121de2d91eed00e416b2dfeec2fb.jpg', '保佑旅行愉快萬事如意身體健康保佑旅行愉快萬事如意身體健康保佑旅行愉快萬事如意身體健康保佑旅行愉快萬事如意身體健康保佑旅行愉快萬事如意身體健康保佑旅行愉快萬事如意身體健康保佑旅行愉快萬事如意身體健康保佑旅行愉快萬事如意身體健康保佑旅行愉快萬事如意身體健康保佑旅行愉快萬事如意身體健康保佑旅行愉快萬事如意身體健康', 'aaaaa', '2023-05-19 10:18:00', '2023-05-19'),
(10, '旅行瓶', '200.00', '旅行可裝水喝', '品牌周邊', '2023-05-23 18:32:00', '2023-05-30 02:32:00', '1c65c4bba0240df4eb9bcce6e8f37a16dff7a862.jpg', '相機相機超超超', 'water', '2023-05-19 10:15:30', '2023-05-19'),
(11, '冒險耳機', '500.00', '和心儀的旅伴一起聽音樂！', '旅行', '2023-05-18 18:33:00', '2023-05-23 02:34:00', 'e2af7467a57a9e1c32e074af0ffb5753854db80a.jpg', '黃黃的走在馬路上比較安全黃黃的走在馬路上比較安全黃黃的走在馬路上比較安全黃黃的走在馬路上比較安全黃黃的走在馬路上比較安全黃黃的走在馬路上比較安全黃黃的走在馬路上比較安全黃黃的走在馬路上比較安全黃黃的走在馬路上比較安全黃黃的走在馬路上比較安全', 'unb', '2023-05-19 10:14:55', '2023-05-19'),
(12, '旅行文具組', '210.00', '旅行文具組', '禮物', '2023-05-18 18:35:00', '2023-06-14 02:35:00', '', '缺貨中！預計到貨日期不確定，請謹慎下標', '', '2023-05-19 02:36:17', '2023-05-19'),
(13, '旅行免洗襪', '300.00', '竹炭纖維', '旅行', '2023-05-18 18:36:00', '2023-05-25 02:36:00', '94beb87ffcf7b56f240e5130fd2f21795e384cba.jpg', '吵好穿', 'ddd', '2023-05-19 02:37:19', '2023-05-19');

-- --------------------------------------------------------

--
-- 資料表結構 `reserve`
--

CREATE TABLE `reserve` (
  `reserve_id` int(11) NOT NULL,
  `member_id` int(11) NOT NULL,
  `rest_id` int(11) NOT NULL,
  `reserve_date` date NOT NULL,
  `reserve_time` time NOT NULL,
  `reserve_people` int(11) NOT NULL,
  `created_time` timestamp NOT NULL DEFAULT CURRENT_TIMESTAMP ON UPDATE CURRENT_TIMESTAMP
) ENGINE=InnoDB DEFAULT CHARSET=utf8;

--
-- 傾印資料表的資料 `reserve`
--

INSERT INTO `reserve` (`reserve_id`, `member_id`, `rest_id`, `reserve_date`, `reserve_time`, `reserve_people`, `created_time`) VALUES
(2, 3, 3, '2023-04-05', '00:00:00', 7, '2023-05-17 10:02:44'),
(3, 3, 1, '2023-05-01', '00:00:00', 1, '2023-05-17 04:23:27'),
(4, 5, 3, '2023-05-01', '00:00:00', 5, '2023-05-18 09:52:07'),
(5, 4, 1, '2023-05-01', '00:00:00', 1, '2023-05-17 04:23:27'),
(6, 4, 3, '2023-05-01', '00:00:00', 1, '2023-05-19 01:15:45'),
(7, 56, 16, '2023-05-01', '00:00:00', 1, '2023-05-17 04:23:27'),
(8, 78, 1, '2023-05-01', '00:00:00', 1, '2023-05-17 04:23:27'),
(9, 24, 16, '2023-05-01', '00:00:00', 1, '2023-05-17 04:23:27'),
(10, 24, 2, '2023-05-01', '00:00:00', 1, '2023-05-17 04:23:27'),
(11, 6, 11, '2023-05-01', '00:00:00', 1, '2023-05-17 04:23:27'),
(12, 24, 1, '2023-05-01', '00:00:00', 3, '2023-05-17 04:23:27'),
(13, 5, 3, '2023-05-26', '00:00:00', 11, '2023-05-17 04:23:27'),
(14, 2, 23, '2023-05-27', '00:00:00', 11, '2023-05-17 04:23:27'),
(15, 5, 46, '2023-05-31', '00:00:00', 2, '2023-05-17 04:23:27'),
(16, 2, 3, '2023-05-17', '00:00:00', 2, '2023-05-19 01:16:11'),
(17, 2, 3, '2023-05-17', '00:00:00', 1, '2023-05-17 04:23:27'),
(18, 2, 3, '2023-05-05', '00:00:00', 2, '2023-05-17 04:23:27'),
(19, 5, 3, '2023-05-18', '00:00:00', 2, '2023-05-17 04:23:27'),
(20, 5, 2, '2023-05-16', '00:00:00', 2, '2023-05-17 04:23:27'),
(21, 2, 47, '2023-05-26', '00:00:00', 4, '2023-05-17 04:23:27'),
(22, 5, 2, '2023-05-27', '13:51:00', 4, '2023-05-17 04:23:27'),
(23, 11, 47, '2023-05-31', '19:32:00', 2, '2023-05-17 04:23:27'),
(24, 5, 3, '2023-05-03', '09:05:00', 13, '2023-05-17 09:59:59'),
(25, 2, 1, '2023-05-25', '20:12:00', 1, '2023-05-17 12:10:02'),
(26, 10, 64, '2023-05-27', '12:29:00', 2, '2023-05-18 16:29:25'),
(27, 13, 59, '2023-05-22', '14:30:00', 2, '2023-05-18 16:30:59'),
(28, 17, 59, '2023-05-15', '17:32:00', 3, '2023-05-18 16:32:12'),
(29, 24, 4, '2023-05-29', '13:33:00', 3, '2023-05-18 16:33:16'),
(30, 24, 62, '2023-05-29', '13:33:00', 3, '2023-05-18 16:42:23');

-- --------------------------------------------------------

--
-- 資料表結構 `restaurant_class`
--

CREATE TABLE `restaurant_class` (
  `rest_class_id` int(10) UNSIGNED NOT NULL,
  `rest_class` varchar(10) CHARACTER SET utf8mb4 COLLATE utf8mb4_unicode_ci NOT NULL
) ENGINE=InnoDB DEFAULT CHARSET=utf8;

--
-- 傾印資料表的資料 `restaurant_class`
--

INSERT INTO `restaurant_class` (`rest_class_id`, `rest_class`) VALUES
(1, '早午餐'),
(2, '下午茶'),
(3, '晚餐'),
(4, '日式料理'),
(6, '泰式料理'),
(7, '韓式料理'),
(8, '宵夜'),
(9, '餐酒館'),
(10, '義大利料理'),
(11, '韓式料理'),
(12, '美式餐廳'),
(13, '歐陸料理');

-- --------------------------------------------------------

--
-- 資料表結構 `restaurant_img`
--

CREATE TABLE `restaurant_img` (
  `rest_img_id` int(11) NOT NULL,
  `rest_id` int(11) NOT NULL,
  `rest_img` text NOT NULL
) ENGINE=InnoDB DEFAULT CHARSET=utf8;

-- --------------------------------------------------------

--
-- 資料表結構 `restaurant_list`
--

CREATE TABLE `restaurant_list` (
  `rest_id` int(10) NOT NULL,
  `rest_name` varchar(20) CHARACTER SET utf8mb4 COLLATE utf8mb4_unicode_ci NOT NULL,
  `rest_area` varchar(10) NOT NULL,
  `rest_adress` varchar(20) CHARACTER SET utf8mb4 COLLATE utf8mb4_unicode_ci NOT NULL,
  `rest_lon` double NOT NULL,
  `rest_lat` double NOT NULL,
  `rest_intro` varchar(255) CHARACTER SET utf8mb4 COLLATE utf8mb4_unicode_ci NOT NULL,
  `rest_class` varchar(10) NOT NULL,
  `created_time` timestamp NOT NULL DEFAULT CURRENT_TIMESTAMP ON UPDATE CURRENT_TIMESTAMP
) ENGINE=InnoDB DEFAULT CHARSET=utf8;

--
-- 傾印資料表的資料 `restaurant_list`
--

INSERT INTO `restaurant_list` (`rest_id`, `rest_name`, `rest_area`, `rest_adress`, `rest_lon`, `rest_lat`, `rest_intro`, `rest_class`, `created_time`) VALUES
(1, 'Gino Pizza店', '新北市', '蘆洲區長安街108巷27號', 121.4621, 25.0825, '蘆洲湯姆咖啡廚房提供平價、專業歐式料理、義大利麵、排餐，還有專業窯烤披薩，講求高品質、健康的料理方式，份量大、走精緻的視覺效果，您可在充滿南法情懷的餐廳用餐。', '晚餐', '2023-05-18 15:47:26'),
(2, '香榭咖啡屋', '新北市', '板橋區大勇街28號', 121.45381, 25.01706, '美麗香榭‧遇見幸福-在光影變幻錯落間，用一杯咖啡的溫柔，吟一首知解的歌，燃一枚笑顏，暖無數個寒天。也許情歌慢板輕跳，也許琴聲響動，也許埋首工作，也許自在閱讀，在香榭，歡聚與獨處都是幸福 ', '早午餐', '2023-05-18 08:44:41'),
(3, '彰鶯肉圓', '新北市', '鶯歌區行政路35號', 121.35205, 24.95598, '正統彰化風味的肉圓，原來在鶯歌也吃得到，紮實飽滿的內餡讓人一吃就上癮，再咬一口超Q彈的肉圓皮，吃了一碗也能有飽足感！好的肉圓搭配的醬汁很重要，在鶯歌吃到的肉圓醬汁是店家自行調製，加一小匙蒜泥會讓肉圓更有滋味！一碗肉圓，搭配四神湯一起品嚐，是在鶯歌就能大飽口福的庶民美食小吃！', '下午茶', '2023-05-18 08:45:00'),
(4, '長角96', '新北市', '三芝區新庄子96號', 121.45381, 25.27485, '肉質鮮美厚實的牛排，配上特製的墨西哥辣豆，再來一杯長角生啤酒，難忘的滋味讓人回味無窮。另還有適合小朋友的兒童餐，店內的酒吧區開放至夜間11點，有多種啤酒及調酒可供選擇。店家在假日邀請樂團到場表演，讓饕客的聽覺和味覺同時得到莫大的滿足。寬廣的停車空間及兒童遊樂設施，十分貼心。', '晚餐', '2023-05-18 08:48:58'),
(5, '福華海鮮餐廳', '新北市', '金山區民生路51巷1號之2', 121.4621, 25.2202, '湯姆咖啡嚴選食材及優質調味品，以現點現做的方式，提供道地義大利風味料理，以及融合歐法日料理元素的創新菜色，從開胃菜、義大利式窯烤PIZZA、義大利麵、精緻套餐到甜點、義式咖啡、花茶應有盡有。義大利式窯烤PIZZA，擁有外厚內薄，麵皮口感香Q彈牙的特色，越嚼越香，且外型非常特別，外圈的點點烤痕，讓他有豹紋披薩的暱稱，邀您一嚐這獨到的異國美食', '下午茶', '2023-05-18 16:04:44'),
(6, '狸小路燒肉專賣店', '基隆市', '仁愛區愛五路34號2樓', 121.74606, 25.12889, '本店之調醬由札榥名師傳承，再經由台灣名廚以最適合本地的口味來調製。本店秉持三大堅持：「好吃是應該的」、「衛生是應該的」、「價格合理是應該的」。狸小路不只要您品嚐美食，更期盼在您用餐的過程中一起感受到我們真誠的服務', '下午茶', '2023-05-18 08:51:02'),
(7, '樂品喜塘咖啡廳', '基隆市', '中正區平一路360號', 121.76385, 25.16063, '樂品喜塘，2018年落腳和平島公園遊客中心3樓，從第一杯飲料開始，始終不曾脫離「打造在地品牌」的營運核心價值，店內提供的不只是天生自帶的海景，也提供專業職人的咖啡品味，從世界咖啡大師賽冠軍咖啡豆所變化出的經典花式咖啡，到自家烘焙的精品咖啡，還有融入基隆潮間帶意象的獨家糕點-石蓴生乳酪蛋糕、石蓴黑糖海鹽脆餅', '下午茶', '2023-05-18 15:48:10'),
(8, '彰鶯肉圓', '台北市', '鶯歌區行政路35號', 121.35205, 24.95598, '正統彰化風味的肉圓，原來在鶯歌也吃得到，紮實飽滿的內餡讓人一吃就上癮，再咬一口超Q彈的肉圓皮，吃了一碗也能有飽足感！好的肉圓搭配的醬汁很重要，在鶯歌吃到的肉圓醬汁是店家自行調製，加一小匙蒜泥會讓肉圓更有滋味！一碗肉圓，搭配四神湯一起品嚐，是在鶯歌就能大飽口福的庶民美食小吃！', '早午餐', '2023-05-18 16:03:35'),
(9, '香榭咖啡屋', '台北市', '板橋區大勇街28號', 121.45381, 25.01706, '美麗香榭‧遇見幸福-在光影變幻錯落間，用一杯咖啡的溫柔，吟一首知解的歌，燃一枚笑顏，暖無數個寒天。也許情歌慢板輕跳，也許琴聲響動，也許埋首工作，也許自在閱讀，在香榭，歡聚與獨處都是幸福 ', '下午茶', '2023-05-18 16:03:52'),
(10, '香榭咖啡屋', '新北市', '板橋區大勇街28號', 121.45381, 25.01706, '美麗香榭‧遇見幸福-在光影變幻錯落間，用一杯咖啡的溫柔，吟一首知解的歌，燃一枚笑顏，暖無數個寒天。也許情歌慢板輕跳，也許琴聲響動，也許埋首工作，也許自在閱讀，在香榭，歡聚與獨處都是幸福 ', '早午餐', '2023-05-18 16:04:03'),
(11, '彰鶯肉圓', '', '鶯歌區行政路35號', 121.35205, 24.95598, '正統彰化風味的肉圓，原來在鶯歌也吃得到，紮實飽滿的內餡讓人一吃就上癮，再咬一口超Q彈的肉圓皮，吃了一碗也能有飽足感！好的肉圓搭配的醬汁很重要，在鶯歌吃到的肉圓醬汁是店家自行調製，加一小匙蒜泥會讓肉圓更有滋味！一碗肉圓，搭配四神湯一起品嚐，是在鶯歌就能大飽口福的庶民美食小吃！', '', '2023-05-11 02:58:32'),
(12, '彰鶯肉圓', '', '鶯歌區行政路35號', 121.35205, 24.95598, '正統彰化風味的肉圓，原來在鶯歌也吃得到，紮實飽滿的內餡讓人一吃就上癮，再咬一口超Q彈的肉圓皮，吃了一碗也能有飽足感！好的肉圓搭配的醬汁很重要，在鶯歌吃到的肉圓醬汁是店家自行調製，加一小匙蒜泥會讓肉圓更有滋味！一碗肉圓，搭配四神湯一起品嚐，是在鶯歌就能大飽口福的庶民美食小吃！', '', '2023-05-11 02:58:32'),
(13, 'Gino Pizza店', '', '蘆洲區長安街108巷27號', 121.4621, 25.08255, '蘆洲湯姆咖啡廚房提供平價、專業歐式料理、義大利麵、排餐，還有專業窯烤披薩，講求高品質、健康的料理方式，份量大、走精緻的視覺效果，您可在充滿南法情懷的餐廳用餐。湯姆咖啡嚴選食材及優質調味品，以現點現做的方式，提供道地義大利風味料理，以及融合歐法日料理元素的創新菜色，從開胃菜、義大利式窯烤PIZZA、義大利麵、精緻套餐到甜點、義式咖啡、花茶應有盡有。義大利式窯烤PIZZA，擁有外厚內薄，麵皮口感香Q彈牙的特色，越嚼越香，且外型非常特別，外圈的點點烤痕，讓他有豹紋披薩的暱稱，邀您一嚐這獨到的異國美食', '', '2023-05-11 02:58:20'),
(14, '香榭咖啡屋', '', '板橋區大勇街28號', 121.45381, 25.01706, '美麗香榭‧遇見幸福-在光影變幻錯落間，用一杯咖啡的溫柔，吟一首知解的歌，燃一枚笑顏，暖無數個寒天。也許情歌慢板輕跳，也許琴聲響動，也許埋首工作，也許自在閱讀，在香榭，歡聚與獨處都是幸福 ', '', '2023-05-11 02:58:26'),
(15, 'Gino Pizza店', '', '蘆洲區長安街108巷27號', 121.4621, 25.08255, '蘆洲湯姆咖啡廚房提供平價、專業歐式料理、義大利麵、排餐，還有專業窯烤披薩，講求高品質、健康的料理方式，份量大、走精緻的視覺效果，您可在充滿南法情懷的餐廳用餐。湯姆咖啡嚴選食材及優質調味品，以現點現做的方式，提供道地義大利風味料理，以及融合歐法日料理元素的創新菜色，從開胃菜、義大利式窯烤PIZZA、義大利麵、精緻套餐到甜點、義式咖啡、花茶應有盡有。義大利式窯烤PIZZA，擁有外厚內薄，麵皮口感香Q彈牙的特色，越嚼越香，且外型非常特別，外圈的點點烤痕，讓他有豹紋披薩的暱稱，邀您一嚐這獨到的異國美食', '', '2023-05-11 02:58:20'),
(16, '彰鶯肉圓', '', '鶯歌區行政路35號', 121.35205, 24.95598, '正統彰化風味的肉圓，原來在鶯歌也吃得到，紮實飽滿的內餡讓人一吃就上癮，再咬一口超Q彈的肉圓皮，吃了一碗也能有飽足感！好的肉圓搭配的醬汁很重要，在鶯歌吃到的肉圓醬汁是店家自行調製，加一小匙蒜泥會讓肉圓更有滋味！一碗肉圓，搭配四神湯一起品嚐，是在鶯歌就能大飽口福的庶民美食小吃！', '', '2023-05-11 02:58:32'),
(17, '彰鶯肉圓', '', '鶯歌區行政路35號', 121.35205, 24.95598, '正統彰化風味的肉圓，原來在鶯歌也吃得到，紮實飽滿的內餡讓人一吃就上癮，再咬一口超Q彈的肉圓皮，吃了一碗也能有飽足感！好的肉圓搭配的醬汁很重要，在鶯歌吃到的肉圓醬汁是店家自行調製，加一小匙蒜泥會讓肉圓更有滋味！一碗肉圓，搭配四神湯一起品嚐，是在鶯歌就能大飽口福的庶民美食小吃！', '', '2023-05-11 02:58:32'),
(18, '彰鶯肉圓', '', '鶯歌區行政路35號', 121.35205, 24.95598, '正統彰化風味的肉圓，原來在鶯歌也吃得到，紮實飽滿的內餡讓人一吃就上癮，再咬一口超Q彈的肉圓皮，吃了一碗也能有飽足感！好的肉圓搭配的醬汁很重要，在鶯歌吃到的肉圓醬汁是店家自行調製，加一小匙蒜泥會讓肉圓更有滋味！一碗肉圓，搭配四神湯一起品嚐，是在鶯歌就能大飽口福的庶民美食小吃！', '', '2023-05-11 02:58:32'),
(19, 'Gino Pizza店', '', '蘆洲區長安街108巷27號', 121.4621, 25.08255, '蘆洲湯姆咖啡廚房提供平價、專業歐式料理、義大利麵、排餐，還有專業窯烤披薩，講求高品質、健康的料理方式，份量大、走精緻的視覺效果，您可在充滿南法情懷的餐廳用餐。湯姆咖啡嚴選食材及優質調味品，以現點現做的方式，提供道地義大利風味料理，以及融合歐法日料理元素的創新菜色，從開胃菜、義大利式窯烤PIZZA、義大利麵、精緻套餐到甜點、義式咖啡、花茶應有盡有。義大利式窯烤PIZZA，擁有外厚內薄，麵皮口感香Q彈牙的特色，越嚼越香，且外型非常特別，外圈的點點烤痕，讓他有豹紋披薩的暱稱，邀您一嚐這獨到的異國美食', '', '2023-05-11 02:58:20'),
(20, '香榭咖啡屋', '', '板橋區大勇街28號', 121.45381, 25.01706, '美麗香榭‧遇見幸福-在光影變幻錯落間，用一杯咖啡的溫柔，吟一首知解的歌，燃一枚笑顏，暖無數個寒天。也許情歌慢板輕跳，也許琴聲響動，也許埋首工作，也許自在閱讀，在香榭，歡聚與獨處都是幸福 ', '', '2023-05-11 02:58:26'),
(21, '彰鶯肉圓', '', '鶯歌區行政路35號', 121.35205, 24.95598, '正統彰化風味的肉圓，原來在鶯歌也吃得到，紮實飽滿的內餡讓人一吃就上癮，再咬一口超Q彈的肉圓皮，吃了一碗也能有飽足感！好的肉圓搭配的醬汁很重要，在鶯歌吃到的肉圓醬汁是店家自行調製，加一小匙蒜泥會讓肉圓更有滋味！一碗肉圓，搭配四神湯一起品嚐，是在鶯歌就能大飽口福的庶民美食小吃！', '', '2023-05-11 02:58:32'),
(22, '香榭咖啡屋', '', '板橋區大勇街28號', 121.45381, 25.01706, '美麗香榭‧遇見幸福-在光影變幻錯落間，用一杯咖啡的溫柔，吟一首知解的歌，燃一枚笑顏，暖無數個寒天。也許情歌慢板輕跳，也許琴聲響動，也許埋首工作，也許自在閱讀，在香榭，歡聚與獨處都是幸福 ', '', '2023-05-11 02:58:26'),
(23, 'Gino Pizza店', '', '蘆洲區長安街108巷27號', 121.4621, 25.08255, '湯姆咖啡嚴選食材及優質調味品，以現點現做的方式，提供道地義大利風味料理，以及融合歐法日料理元素的創新菜色，從開胃菜、義大利式窯烤PIZZA、義大利麵、精緻套餐到甜點、義式咖啡、花茶應有盡有。義大利式窯烤PIZZA，擁有外厚內薄，麵皮口感香Q彈牙的特色，越嚼越香，且外型非常特別，外圈的點點烤痕，讓他有豹紋披薩的暱稱，邀您一嚐這獨到的異國美食', '', '2023-05-18 15:48:52'),
(24, '彰鶯肉圓', '', '鶯歌區行政路35號', 121.35205, 24.95598, '正統彰化風味的肉圓，原來在鶯歌也吃得到，紮實飽滿的內餡讓人一吃就上癮，再咬一口超Q彈的肉圓皮，吃了一碗也能有飽足感！好的肉圓搭配的醬汁很重要，在鶯歌吃到的肉圓醬汁是店家自行調製，加一小匙蒜泥會讓肉圓更有滋味！一碗肉圓，搭配四神湯一起品嚐，是在鶯歌就能大飽口福的庶民美食小吃！', '', '2023-05-11 02:58:32'),
(25, '彰鶯肉圓', '', '鶯歌區行政路35號', 121.35205, 24.95598, '正統彰化風味的肉圓，原來在鶯歌也吃得到，紮實飽滿的內餡讓人一吃就上癮，再咬一口超Q彈的肉圓皮，吃了一碗也能有飽足感！好的肉圓搭配的醬汁很重要，在鶯歌吃到的肉圓醬汁是店家自行調製，加一小匙蒜泥會讓肉圓更有滋味！一碗肉圓，搭配四神湯一起品嚐，是在鶯歌就能大飽口福的庶民美食小吃！', '', '2023-05-11 02:58:32'),
(26, '香榭咖啡屋', '', '板橋區大勇街28號', 121.45381, 25.01706, '美麗香榭‧遇見幸福-在光影變幻錯落間，用一杯咖啡的溫柔，吟一首知解的歌，燃一枚笑顏，暖無數個寒天。也許情歌慢板輕跳，也許琴聲響動，也許埋首工作，也許自在閱讀，在香榭，歡聚與獨處都是幸福 ', '', '2023-05-11 02:58:26'),
(41, '驚喜晚餐', '新北市', '秀朗路一段43號', 123.456, 25.546, '蘆洲湯姆咖啡廚房提供平價、專業歐式料理、義大利麵、排餐，還有專業窯烤披薩，講求高品質、健康的料理方式，份量大、走精緻的視覺效果，您可在充滿南法情懷的餐廳用餐。', '早午餐', '2023-05-18 15:49:29'),
(46, '新光西餐廳', '新北市', '大安路一段', 156.1264, 25.456, '美麗香榭‧遇見幸福-在光影變幻錯落間，用一杯咖啡的溫柔，吟一首知解的歌，燃一枚笑顏，暖無數個寒天。也許情歌慢板輕跳，也許琴聲響動，也許埋首工作，也許自在閱讀，在香榭，歡聚與獨處都是幸福', '下午茶', '2023-05-18 16:07:10'),
(47, '黑咖啡', '台北市', '和平西路一段', 123.79, 45.789, '棒', '早午餐', '2023-05-16 06:51:18'),
(48, '星星廚房', '新北市', '永和路一段459號', 123.23, 46.563454, '店家在假日邀請樂團到場表演，讓饕客的聽覺和味覺同時得到莫大的滿足。寬廣的停車空間及兒童遊樂設施，十分貼心。', '早午餐', '2023-05-18 16:06:33'),
(49, '飲料店', '基隆市', '大安路二段', 123.456, 56.132, '好喝', '早午餐', '2023-05-18 03:36:43'),
(50, '飲料店', '基隆市', '大安路二段', 123.456, 56.132, '好喝', '下午茶', '2023-05-17 09:37:05'),
(51, '飲料店', '基隆市', '大安路二段', 123.456, 56.132, '好喝', '下午茶', '2023-05-17 09:40:49'),
(52, '飲料店', '基隆市', '大安路二段', 123.456, 56.132, '好喝', '下午茶', '2023-05-17 09:42:14'),
(53, '飲料店', '新北市', '大安路二段', 123, 46, 'dsfs', '早午餐', '2023-05-17 09:43:49'),
(54, '飲料店', '新北市', '大安路二段', 123, 46, 'dsfs', '早午餐', '2023-05-17 09:44:10'),
(55, '飲料店', '新北市', '大安路二段', 123, 56.132, 'xhfgh', '早午餐', '2023-05-17 09:47:29'),
(56, '飲料店', '新北市', '大安路一段', 123.456, 56.132, 'fgsd', '早午餐', '2023-05-17 10:03:06'),
(57, '飲料店', '', '大安路二段', 123, 46, 'F', '早午餐', '2023-05-17 12:14:05'),
(58, '飲料店', '', '大安路二段', 123, 46, 'F', '早午餐', '2023-05-17 12:14:45'),
(59, '狒狒飲料店', '台北市', '大安路二段', 123.1211, 46.234213, '歷史悠久，紅茶好喝', '下午茶', '2023-05-18 16:20:27'),
(60, '小吃店', '台北市', '仁愛路二段137巷7號', 123.5325, 40.41423, '無名路邊攤', '早午餐', '2023-05-18 16:21:55'),
(61, '西堤牛排', '台北市', '信義路三段234巷52號', 12.4244, 42.4523, '高級牛排', '早午餐', '2023-05-18 16:17:31'),
(62, '五家香', '台北市', '中山北路三段66號', 121.2143, 23.45345, '路邊小吃店', '晚餐', '2023-05-18 16:18:55'),
(63, '有安一條巷', '新北市', '大順街156號', 122.342, 44.646, '永安市場必吃美食', '晚餐', '2023-05-18 16:26:39'),
(64, 'city walk', '基隆市', '朝新街90巷3號', 124.2323, 54.2342, '暗巷裡的酒吧', '晚餐', '2023-05-18 16:28:02');

-- --------------------------------------------------------

--
-- 資料表結構 `route`
--

CREATE TABLE `route` (
  `id` int(11) NOT NULL,
  `rname` varchar(100) NOT NULL,
  `rintro` varchar(100) NOT NULL
) ENGINE=InnoDB DEFAULT CHARSET=utf8mb4;

--
-- 傾印資料表的資料 `route`
--

INSERT INTO `route` (`id`, `rname`, `rintro`) VALUES
(2, '南投', '日月潭'),
(5, '嘉義', '阿里山'),
(6, '宜蘭', '宜蘭平原'),
(8, '台北', '101');

-- --------------------------------------------------------

--
-- 資料表結構 `sum_cart`
--

CREATE TABLE `sum_cart` (
  `member_id` int(11) NOT NULL,
  `sum_price` decimal(10,2) DEFAULT NULL
) ENGINE=InnoDB DEFAULT CHARSET=utf8;

--
-- 傾印資料表的資料 `sum_cart`
--

INSERT INTO `sum_cart` (`member_id`, `sum_price`) VALUES
(1, '0.00'),
(2, '0.00'),
(4, '0.00'),
(5, '0.00'),
(6, '0.00'),
(8, '0.00'),
(10, '0.00'),
(12, '198.00'),
(13, '0.00'),
(14, '0.00'),
(15, '0.00'),
(16, '0.00'),
(17, '0.00'),
(19, '99.00'),
(21, '0.00'),
(27, '0.00'),
(29, '4000.00'),
(900, '0.00');

-- --------------------------------------------------------

--
-- 資料表結構 `userdetails`
--

CREATE TABLE `userdetails` (
  `id` int(11) NOT NULL,
  `name` varchar(100) NOT NULL,
  `email` varchar(100) NOT NULL
) ENGINE=InnoDB DEFAULT CHARSET=utf8mb4;

--
-- 傾印資料表的資料 `userdetails`
--

INSERT INTO `userdetails` (`id`, `name`, `email`) VALUES
(9, 'Steve', 'steve@gmail.com'),
(10, 'Stark', 'tony@gmail.com'),
(11, 'YouJia', 'mark@gmail.com'),
(13, '郭芷瑄', 'master@yahoo.com');

-- --------------------------------------------------------

--
-- 資料表結構 `user_hobby`
--

CREATE TABLE `user_hobby` (
  `ub_1` varchar(100) NOT NULL,
  `hid` varchar(100) NOT NULL,
  `member` varchar(100) NOT NULL
) ENGINE=InnoDB DEFAULT CHARSET=utf8;

-- --------------------------------------------------------

--
-- 資料表結構 `whopost`
--

CREATE TABLE `whopost` (
  `id` int(11) NOT NULL,
  `name` varchar(100) NOT NULL,
  `email` varchar(100) NOT NULL,
  `post` varchar(100) NOT NULL
) ENGINE=InnoDB DEFAULT CHARSET=utf8mb4;

--
-- 傾印資料表的資料 `whopost`
--

INSERT INTO `whopost` (`id`, `name`, `email`, `post`) VALUES
(8, 'Peter', 'peter@gmail.com', '我愛耶穌'),
(9, 'Steve', 'steve@gmail.com', '星期五要守齋'),
(10, 'Stark', 'tony@gmail.com', '耶穌復活了！！'),
(11, 'Mark', 'mark@gmail.com', '阿門'),
(14, '光頭強', 'nohair@gmail.com', '嗨'),
(16, 'Jerry', 'jerry@yahoo.com', '守齋比較好啦！'),
(17, '黑面蔡', 'amao@yahoo.com', '耶穌復活了！！'),
(18, '光頭強', 'nohair@gmail.com', '請問哪裡有賣便宜的假髮？'),
(19, '郭芷瑄', 'ming@gg.com', 'dj4'),
(20, '郭芷瑄', 'ming@gg.com', '嗨'),
(21, '郭芷瑄', 'ming@gg.com', ''),
(25, '咖啡', '60801009e@gapps.ntnu.edu.tw', 'dj4');

--
-- 已傾印資料表的索引
--

--
-- 資料表索引 `area_list`
--
ALTER TABLE `area_list`
  ADD PRIMARY KEY (`area_id`);

--
-- 資料表索引 `attractions`
--
ALTER TABLE `attractions`
  ADD PRIMARY KEY (`id`),
  ADD KEY `typ_id` (`typ_id`);

--
-- 資料表索引 `attractions＿type`
--
ALTER TABLE `attractions＿type`
  ADD PRIMARY KEY (`type_id`);

--
-- 資料表索引 `cart`
--
ALTER TABLE `cart`
  ADD PRIMARY KEY (`cart_id`) USING BTREE,
  ADD UNIQUE KEY `cart_id` (`cart_id`),
  ADD UNIQUE KEY `cart_id_2` (`cart_id`),
  ADD UNIQUE KEY `cart_id_3` (`cart_id`);

--
-- 資料表索引 `hobby`
--
ALTER TABLE `hobby`
  ADD PRIMARY KEY (`hid`);

--
-- 資料表索引 `itinerary`
--
ALTER TABLE `itinerary`
  ADD PRIMARY KEY (`itin_id`);

--
-- 資料表索引 `itinerary database`
--
ALTER TABLE `itinerary database`
  ADD PRIMARY KEY (`sid`);

--
-- 資料表索引 `itinerary_details`
--
ALTER TABLE `itinerary_details`
  ADD KEY `rid` (`rid`),
  ADD KEY `view` (`view`);

--
-- 資料表索引 `manager`
--
ALTER TABLE `manager`
  ADD PRIMARY KEY (`sid`);

--
-- 資料表索引 `member`
--
ALTER TABLE `member`
  ADD PRIMARY KEY (`member_id`);

--
-- 資料表索引 `offcial_itinerary`
--
ALTER TABLE `offcial_itinerary`
  ADD PRIMARY KEY (`id`);

--
-- 資料表索引 `order`
--
ALTER TABLE `order`
  ADD PRIMARY KEY (`sid`);

--
-- 資料表索引 `orders`
--
ALTER TABLE `orders`
  ADD PRIMARY KEY (`order_id`);

--
-- 資料表索引 `products`
--
ALTER TABLE `products`
  ADD PRIMARY KEY (`product_id`);

--
-- 資料表索引 `reserve`
--
ALTER TABLE `reserve`
  ADD PRIMARY KEY (`reserve_id`),
  ADD KEY `rest_id` (`rest_id`),
  ADD KEY `meber_id` (`member_id`);

--
-- 資料表索引 `restaurant_class`
--
ALTER TABLE `restaurant_class`
  ADD PRIMARY KEY (`rest_class_id`);

--
-- 資料表索引 `restaurant_img`
--
ALTER TABLE `restaurant_img`
  ADD PRIMARY KEY (`rest_img_id`),
  ADD KEY `rest_id` (`rest_id`);

--
-- 資料表索引 `restaurant_list`
--
ALTER TABLE `restaurant_list`
  ADD PRIMARY KEY (`rest_id`);

--
-- 資料表索引 `route`
--
ALTER TABLE `route`
  ADD PRIMARY KEY (`id`);

--
-- 資料表索引 `sum_cart`
--
ALTER TABLE `sum_cart`
  ADD PRIMARY KEY (`member_id`);

--
-- 資料表索引 `userdetails`
--
ALTER TABLE `userdetails`
  ADD PRIMARY KEY (`id`);

--
-- 資料表索引 `whopost`
--
ALTER TABLE `whopost`
  ADD PRIMARY KEY (`id`);

--
-- 在傾印的資料表使用自動遞增(AUTO_INCREMENT)
--

--
-- 使用資料表自動遞增(AUTO_INCREMENT) `area_list`
--
ALTER TABLE `area_list`
  MODIFY `area_id` int(11) NOT NULL AUTO_INCREMENT, AUTO_INCREMENT=5;

--
-- 使用資料表自動遞增(AUTO_INCREMENT) `attractions`
--
ALTER TABLE `attractions`
  MODIFY `id` int(11) NOT NULL AUTO_INCREMENT, AUTO_INCREMENT=190;

--
-- 使用資料表自動遞增(AUTO_INCREMENT) `attractions＿type`
--
ALTER TABLE `attractions＿type`
  MODIFY `type_id` int(20) NOT NULL AUTO_INCREMENT, AUTO_INCREMENT=7;

--
-- 使用資料表自動遞增(AUTO_INCREMENT) `cart`
--
ALTER TABLE `cart`
  MODIFY `cart_id` int(11) NOT NULL AUTO_INCREMENT, AUTO_INCREMENT=113;

--
-- 使用資料表自動遞增(AUTO_INCREMENT) `hobby`
--
ALTER TABLE `hobby`
  MODIFY `hid` int(10) NOT NULL AUTO_INCREMENT;

--
-- 使用資料表自動遞增(AUTO_INCREMENT) `itinerary database`
--
ALTER TABLE `itinerary database`
  MODIFY `sid` int(11) NOT NULL AUTO_INCREMENT, AUTO_INCREMENT=16;

--
-- 使用資料表自動遞增(AUTO_INCREMENT) `manager`
--
ALTER TABLE `manager`
  MODIFY `sid` int(11) NOT NULL AUTO_INCREMENT, AUTO_INCREMENT=4;

--
-- 使用資料表自動遞增(AUTO_INCREMENT) `member`
--
ALTER TABLE `member`
  MODIFY `member_id` int(10) NOT NULL AUTO_INCREMENT, AUTO_INCREMENT=1005;

--
-- 使用資料表自動遞增(AUTO_INCREMENT) `offcial_itinerary`
--
ALTER TABLE `offcial_itinerary`
  MODIFY `id` int(11) NOT NULL AUTO_INCREMENT, AUTO_INCREMENT=2;

--
-- 使用資料表自動遞增(AUTO_INCREMENT) `order`
--
ALTER TABLE `order`
  MODIFY `sid` int(11) NOT NULL AUTO_INCREMENT, AUTO_INCREMENT=3;

--
-- 使用資料表自動遞增(AUTO_INCREMENT) `orders`
--
ALTER TABLE `orders`
  MODIFY `order_id` int(11) NOT NULL AUTO_INCREMENT, AUTO_INCREMENT=5;

--
-- 使用資料表自動遞增(AUTO_INCREMENT) `products`
--
ALTER TABLE `products`
  MODIFY `product_id` int(11) NOT NULL AUTO_INCREMENT, AUTO_INCREMENT=15;

--
-- 使用資料表自動遞增(AUTO_INCREMENT) `reserve`
--
ALTER TABLE `reserve`
  MODIFY `reserve_id` int(11) NOT NULL AUTO_INCREMENT, AUTO_INCREMENT=32;

--
-- 使用資料表自動遞增(AUTO_INCREMENT) `restaurant_class`
--
ALTER TABLE `restaurant_class`
  MODIFY `rest_class_id` int(10) UNSIGNED NOT NULL AUTO_INCREMENT, AUTO_INCREMENT=15;

--
-- 使用資料表自動遞增(AUTO_INCREMENT) `restaurant_img`
--
ALTER TABLE `restaurant_img`
  MODIFY `rest_img_id` int(11) NOT NULL AUTO_INCREMENT;

--
-- 使用資料表自動遞增(AUTO_INCREMENT) `restaurant_list`
--
ALTER TABLE `restaurant_list`
  MODIFY `rest_id` int(10) NOT NULL AUTO_INCREMENT, AUTO_INCREMENT=67;

--
-- 使用資料表自動遞增(AUTO_INCREMENT) `route`
--
ALTER TABLE `route`
  MODIFY `id` int(11) NOT NULL AUTO_INCREMENT, AUTO_INCREMENT=11;

--
-- 使用資料表自動遞增(AUTO_INCREMENT) `userdetails`
--
ALTER TABLE `userdetails`
  MODIFY `id` int(11) NOT NULL AUTO_INCREMENT, AUTO_INCREMENT=14;

--
-- 使用資料表自動遞增(AUTO_INCREMENT) `whopost`
--
ALTER TABLE `whopost`
  MODIFY `id` int(11) NOT NULL AUTO_INCREMENT, AUTO_INCREMENT=26;

--
-- 已傾印資料表的限制式
--

--
-- 資料表的限制式 `attractions`
--
ALTER TABLE `attractions`
  ADD CONSTRAINT `attractions_ibfk_1` FOREIGN KEY (`typ_id`) REFERENCES `attractions＿type` (`type_id`);

--
-- 資料表的限制式 `itinerary_details`
--
ALTER TABLE `itinerary_details`
  ADD CONSTRAINT `itinerary_details_ibfk_1` FOREIGN KEY (`rid`) REFERENCES `restaurant_list` (`rest_id`),
  ADD CONSTRAINT `itinerary_details_ibfk_2` FOREIGN KEY (`view`) REFERENCES `attractions` (`id`);

--
-- 資料表的限制式 `reserve`
--
ALTER TABLE `reserve`
  ADD CONSTRAINT `reserve_ibfk_1` FOREIGN KEY (`rest_id`) REFERENCES `restaurant_list` (`rest_id`),
  ADD CONSTRAINT `reserve_ibfk_2` FOREIGN KEY (`member_id`) REFERENCES `member` (`member_id`);

--
-- 資料表的限制式 `restaurant_img`
--
ALTER TABLE `restaurant_img`
  ADD CONSTRAINT `restaurant_img_ibfk_1` FOREIGN KEY (`rest_id`) REFERENCES `restaurant_list` (`rest_id`);

--
-- 資料表的限制式 `sum_cart`
--
ALTER TABLE `sum_cart`
  ADD CONSTRAINT `sum_cart_ibfk_1` FOREIGN KEY (`member_id`) REFERENCES `member` (`member_id`);
COMMIT;

/*!40101 SET CHARACTER_SET_CLIENT=@OLD_CHARACTER_SET_CLIENT */;
/*!40101 SET CHARACTER_SET_RESULTS=@OLD_CHARACTER_SET_RESULTS */;
/*!40101 SET COLLATION_CONNECTION=@OLD_COLLATION_CONNECTION */;
